date,daytime,support_cells,temperature_max,temperature_min,hot_primary,cold_primary,hot_sensitivity,cold_sensitivity,month,day_of_week,age_group,count,senior
2024-01-01,0,3402,7.3,-0.3,False,False,False,False,1,0,non_senior,954631,0
2024-01-01,0,3402,7.3,-0.3,False,False,False,False,1,0,senior,129079,1
2024-01-01,1,1458,7.3,-0.3,False,False,False,False,1,0,non_senior,565580,0
2024-01-01,1,1458,7.3,-0.3,False,False,False,False,1,0,senior,138473,1
2024-01-02,0,3402,4.3,2.2,False,False,False,False,1,1,non_senior,2910657,0
2024-01-02,0,3402,4.3,2.2,False,False,False,False,1,1,senior,288499,1
2024-01-02,1,1458,4.3,2.2,False,False,False,False,1,1,non_senior,739482,0
2024-01-02,1,1458,4.3,2.2,False,False,False,False,1,1,senior,283172,1
2024-01-03,0,3402,4.0,-1.1,False,False,False,False,1,2,non_senior,3020589,0
2024-01-03,0,3402,4.0,-1.1,False,False,False,False,1,2,senior,301004,1
2024-01-03,1,1458,4.0,-1.1,False,False,False,False,1,2,non_senior,779303,0
2024-01-03,1,1458,4.0,-1.1,False,False,False,False,1,2,senior,289083,1
2024-01-04,0,3402,4.7,-3.3,False,True,False,False,1,3,non_senior,3047303,0
2024-01-04,0,3402,4.7,-3.3,False,True,False,False,1,3,senior,310491,1
2024-01-04,1,1458,4.7,-3.3,False,True,False,False,1,3,non_senior,808284,0
2024-01-04,1,1458,4.7,-3.3,False,True,False,False,1,3,senior,305909,1
2024-01-05,0,3402,9.1,1.4,False,False,False,False,1,4,non_senior,3128256,0
2024-01-05,0,3402,9.1,1.4,False,False,False,False,1,4,senior,320592,1
2024-01-05,1,1458,9.1,1.4,False,False,False,False,1,4,non_senior,852689,0
2024-01-05,1,1458,9.1,1.4,False,False,False,False,1,4,senior,309408,1
2024-01-06,0,3402,5.2,-2.7,False,False,False,False,1,5,non_senior,1685051,0
2024-01-06,0,3402,5.2,-2.7,False,False,False,False,1,5,senior,241069,1
2024-01-06,1,1458,5.2,-2.7,False,False,False,False,1,5,non_senior,1030725,0
2024-01-06,1,1458,5.2,-2.7,False,False,False,False,1,5,senior,258738,1
2024-01-07,0,3402,-0.9,-8.3,False,True,False,True,1,6,non_senior,1163071,0
2024-01-07,0,3402,-0.9,-8.3,False,True,False,True,1,6,senior,161858,1
2024-01-07,1,1458,-0.9,-8.3,False,True,False,True,1,6,non_senior,755570,0
2024-01-07,1,1458,-0.9,-8.3,False,True,False,True,1,6,senior,184836,1
2024-01-08,0,3402,0.0,-10.3,False,True,False,True,1,0,non_senior,2937224,0
2024-01-08,0,3402,0.0,-10.3,False,True,False,True,1,0,senior,290660,1
2024-01-08,1,1458,0.0,-10.3,False,True,False,True,1,0,non_senior,751889,0
2024-01-08,1,1458,0.0,-10.3,False,True,False,True,1,0,senior,277566,1
2024-01-09,0,3402,0.4,-1.9,False,False,False,False,1,1,non_senior,3074741,0
2024-01-09,0,3402,0.4,-1.9,False,False,False,False,1,1,senior,291400,1
2024-01-09,1,1458,0.4,-1.9,False,False,False,False,1,1,non_senior,813706,0
2024-01-09,1,1458,0.4,-1.9,False,False,False,False,1,1,senior,273438,1
2024-01-10,0,3402,3.3,-4.1,False,True,False,False,1,2,non_senior,3088402,0
2024-01-10,0,3402,3.3,-4.1,False,True,False,False,1,2,senior,317027,1
2024-01-10,1,1458,3.3,-4.1,False,True,False,False,1,2,non_senior,816573,0
2024-01-10,1,1458,3.3,-4.1,False,True,False,False,1,2,senior,306017,1
2024-01-11,0,3402,4.5,-2.4,False,False,False,False,1,3,non_senior,3059218,0
2024-01-11,0,3402,4.5,-2.4,False,False,False,False,1,3,senior,318370,1
2024-01-11,1,1458,4.5,-2.4,False,False,False,False,1,3,non_senior,823207,0
2024-01-11,1,1458,4.5,-2.4,False,False,False,False,1,3,senior,317376,1
2024-01-12,0,3402,4.2,-1.4,False,False,False,False,1,4,non_senior,3139878,0
2024-01-12,0,3402,4.2,-1.4,False,False,False,False,1,4,senior,325548,1
2024-01-12,1,1458,4.2,-1.4,False,False,False,False,1,4,non_senior,886967,0
2024-01-12,1,1458,4.2,-1.4,False,False,False,False,1,4,senior,315702,1
2024-01-13,0,3402,6.4,-3.8,False,True,False,False,1,5,non_senior,1714072,0
2024-01-13,0,3402,6.4,-3.8,False,True,False,False,1,5,senior,255121,1
2024-01-13,1,1458,6.4,-3.8,False,True,False,False,1,5,non_senior,1060182,0
2024-01-13,1,1458,6.4,-3.8,False,True,False,False,1,5,senior,273265,1
2024-01-14,0,3402,2.4,-3.3,False,True,False,False,1,6,non_senior,1119768,0
2024-01-14,0,3402,2.4,-3.3,False,True,False,False,1,6,senior,161360,1
2024-01-14,1,1458,2.4,-3.3,False,True,False,False,1,6,non_senior,728708,0
2024-01-14,1,1458,2.4,-3.3,False,True,False,False,1,6,senior,178279,1
2024-01-15,0,3402,0.9,-6.9,False,True,False,True,1,0,non_senior,2953630,0
2024-01-15,0,3402,0.9,-6.9,False,True,False,True,1,0,senior,302426,1
2024-01-15,1,1458,0.9,-6.9,False,True,False,True,1,0,non_senior,768083,0
2024-01-15,1,1458,0.9,-6.9,False,True,False,True,1,0,senior,296740,1
2024-01-16,0,3402,4.3,-7.2,False,True,False,True,1,1,non_senior,3030894,0
2024-01-16,0,3402,4.3,-7.2,False,True,False,True,1,1,senior,314006,1
2024-01-16,1,1458,4.3,-7.2,False,True,False,True,1,1,non_senior,790115,0
2024-01-16,1,1458,4.3,-7.2,False,True,False,True,1,1,senior,312291,1
2024-01-17,0,3402,1.9,-2.3,False,False,False,False,1,2,non_senior,3069798,0
2024-01-17,0,3402,1.9,-2.3,False,False,False,False,1,2,senior,302700,1
2024-01-17,1,1458,1.9,-2.3,False,False,False,False,1,2,non_senior,830954,0
2024-01-17,1,1458,1.9,-2.3,False,False,False,False,1,2,senior,297767,1
2024-01-18,0,3402,9.4,1.4,False,False,False,False,1,3,non_senior,3079060,0
2024-01-18,0,3402,9.4,1.4,False,False,False,False,1,3,senior,322534,1
2024-01-18,1,1458,9.4,1.4,False,False,False,False,1,3,non_senior,815962,0
2024-01-18,1,1458,9.4,1.4,False,False,False,False,1,3,senior,316287,1
2024-01-19,0,3402,9.0,4.0,False,False,False,False,1,4,non_senior,3135947,0
2024-01-19,0,3402,9.0,4.0,False,False,False,False,1,4,senior,332524,1
2024-01-19,1,1458,9.0,4.0,False,False,False,False,1,4,non_senior,888003,0
2024-01-19,1,1458,9.0,4.0,False,False,False,False,1,4,senior,325954,1
2024-01-20,0,3402,4.9,1.9,False,False,False,False,1,5,non_senior,1689061,0
2024-01-20,0,3402,4.9,1.9,False,False,False,False,1,5,senior,243788,1
2024-01-20,1,1458,4.9,1.9,False,False,False,False,1,5,non_senior,1072487,0
2024-01-20,1,1458,4.9,1.9,False,False,False,False,1,5,senior,268836,1
2024-01-21,0,3402,4.3,-2.4,False,False,False,False,1,6,non_senior,1159297,0
2024-01-21,0,3402,4.3,-2.4,False,False,False,False,1,6,senior,170685,1
2024-01-21,1,1458,4.3,-2.4,False,False,False,False,1,6,non_senior,774186,0
2024-01-21,1,1458,4.3,-2.4,False,False,False,False,1,6,senior,203396,1
2024-01-22,0,3402,-2.4,-11.9,False,True,False,True,1,0,non_senior,2904755,0
2024-01-22,0,3402,-2.4,-11.9,False,True,False,True,1,0,senior,287000,1
2024-01-22,1,1458,-2.4,-11.9,False,True,False,True,1,0,non_senior,748037,0
2024-01-22,1,1458,-2.4,-11.9,False,True,False,True,1,0,senior,275294,1
2024-01-23,0,3402,-8.2,-14.0,False,True,False,True,1,1,non_senior,2901104,0
2024-01-23,0,3402,-8.2,-14.0,False,True,False,True,1,1,senior,266167,1
2024-01-23,1,1458,-8.2,-14.0,False,True,False,True,1,1,non_senior,719382,0
2024-01-23,1,1458,-8.2,-14.0,False,True,False,True,1,1,senior,241673,1
2024-01-24,0,3402,-3.7,-11.2,False,True,False,True,1,2,non_senior,2969336,0
2024-01-24,0,3402,-3.7,-11.2,False,True,False,True,1,2,senior,286388,1
2024-01-24,1,1458,-3.7,-11.2,False,True,False,True,1,2,non_senior,762716,0
2024-01-24,1,1458,-3.7,-11.2,False,True,False,True,1,2,senior,265108,1
2024-01-25,0,3402,-0.5,-9.7,False,True,False,True,1,3,non_senior,3030334,0
2024-01-25,0,3402,-0.5,-9.7,False,True,False,True,1,3,senior,307988,1
2024-01-25,1,1458,-0.5,-9.7,False,True,False,True,1,3,non_senior,791579,0
2024-01-25,1,1458,-0.5,-9.7,False,True,False,True,1,3,senior,300040,1
2024-01-26,0,3402,4.0,-6.9,False,True,False,True,1,4,non_senior,3100212,0
2024-01-26,0,3402,4.0,-6.9,False,True,False,True,1,4,senior,328761,1
2024-01-26,1,1458,4.0,-6.9,False,True,False,True,1,4,non_senior,872337,0
2024-01-26,1,1458,4.0,-6.9,False,True,False,True,1,4,senior,320628,1
2024-01-27,0,3402,4.6,-4.6,False,True,False,False,1,5,non_senior,1692289,0
2024-01-27,0,3402,4.6,-4.6,False,True,False,False,1,5,senior,250613,1
2024-01-27,1,1458,4.6,-4.6,False,True,False,False,1,5,non_senior,1054590,0
2024-01-27,1,1458,4.6,-4.6,False,True,False,False,1,5,senior,270887,1
2024-01-28,0,3402,3.8,-5.0,False,True,False,True,1,6,non_senior,1178940,0
2024-01-28,0,3402,3.8,-5.0,False,True,False,True,1,6,senior,177788,1
2024-01-28,1,1458,3.8,-5.0,False,True,False,True,1,6,non_senior,774228,0
2024-01-28,1,1458,3.8,-5.0,False,True,False,True,1,6,senior,204477,1
2024-01-29,0,3402,4.6,-4.8,False,True,False,True,1,0,non_senior,2942453,0
2024-01-29,0,3402,4.6,-4.8,False,True,False,True,1,0,senior,313848,1
2024-01-29,1,1458,4.6,-4.8,False,True,False,True,1,0,non_senior,772974,0
2024-01-29,1,1458,4.6,-4.8,False,True,False,True,1,0,senior,318806,1
2024-01-30,0,3402,8.1,-4.0,False,True,False,False,1,1,non_senior,3036739,0
2024-01-30,0,3402,8.1,-4.0,False,True,False,False,1,1,senior,322134,1
2024-01-30,1,1458,8.1,-4.0,False,True,False,False,1,1,non_senior,794155,0
2024-01-30,1,1458,8.1,-4.0,False,True,False,False,1,1,senior,322482,1
2024-01-31,0,3402,10.6,0.7,False,False,False,False,1,2,non_senior,3048828,0
2024-01-31,0,3402,10.6,0.7,False,False,False,False,1,2,senior,322348,1
2024-01-31,1,1458,10.6,0.7,False,False,False,False,1,2,non_senior,810444,0
2024-01-31,1,1458,10.6,0.7,False,False,False,False,1,2,senior,318449,1
2024-02-01,0,3402,8.2,-1.3,False,False,False,False,2,3,non_senior,3068574,0
2024-02-01,0,3402,8.2,-1.3,False,False,False,False,2,3,senior,322023,1
2024-02-01,1,1458,8.2,-1.3,False,False,False,False,2,3,non_senior,811897,0
2024-02-01,1,1458,8.2,-1.3,False,False,False,False,2,3,senior,314128,1
2024-02-02,0,3402,7.9,0.7,False,False,False,False,2,4,non_senior,3145941,0
2024-02-02,0,3402,7.9,0.7,False,False,False,False,2,4,senior,330113,1
2024-02-02,1,1458,7.9,0.7,False,False,False,False,2,4,non_senior,870294,0
2024-02-02,1,1458,7.9,0.7,False,False,False,False,2,4,senior,318411,1
2024-02-03,0,3402,8.3,-0.2,False,False,False,False,2,5,non_senior,1634849,0
2024-02-03,0,3402,8.3,-0.2,False,False,False,False,2,5,senior,240941,1
2024-02-03,1,1458,8.3,-0.2,False,False,False,False,2,5,non_senior,1035820,0
2024-02-03,1,1458,8.3,-0.2,False,False,False,False,2,5,senior,264764,1
2024-02-04,0,3402,12.2,3.7,False,False,False,False,2,6,non_senior,1192821,0
2024-02-04,0,3402,12.2,3.7,False,False,False,False,2,6,senior,187304,1
2024-02-04,1,1458,12.2,3.7,False,False,False,False,2,6,non_senior,779367,0
2024-02-04,1,1458,12.2,3.7,False,False,False,False,2,6,senior,215879,1
2024-02-05,0,3402,6.6,0.1,False,False,False,False,2,0,non_senior,3001942,0
2024-02-05,0,3402,6.6,0.1,False,False,False,False,2,0,senior,303124,1
2024-02-05,1,1458,6.6,0.1,False,False,False,False,2,0,non_senior,772943,0
2024-02-05,1,1458,6.6,0.1,False,False,False,False,2,0,senior,296754,1
2024-02-06,0,3402,2.9,0.0,False,False,False,False,2,1,non_senior,3067939,0
2024-02-06,0,3402,2.9,0.0,False,False,False,False,2,1,senior,317016,1
2024-02-06,1,1458,2.9,0.0,False,False,False,False,2,1,non_senior,816595,0
2024-02-06,1,1458,2.9,0.0,False,False,False,False,2,1,senior,317925,1
2024-02-07,0,3402,2.7,-0.9,False,False,False,False,2,2,non_senior,3041927,0
2024-02-07,0,3402,2.7,-0.9,False,False,False,False,2,2,senior,317184,1
2024-02-07,1,1458,2.7,-0.9,False,False,False,False,2,2,non_senior,838157,0
2024-02-07,1,1458,2.7,-0.9,False,False,False,False,2,2,senior,313554,1
2024-02-08,0,3402,6.2,-3.0,False,False,False,False,2,3,non_senior,2665575,0
2024-02-08,0,3402,6.2,-3.0,False,False,False,False,2,3,senior,287146,1
2024-02-08,1,1458,6.2,-3.0,False,False,False,False,2,3,non_senior,1055225,0
2024-02-08,1,1458,6.2,-3.0,False,False,False,False,2,3,senior,291261,1
2024-02-09,0,3402,6.1,-2.5,False,False,False,False,2,4,non_senior,917209,0
2024-02-09,0,3402,6.1,-2.5,False,False,False,False,2,4,senior,120039,1
2024-02-09,1,1458,6.1,-2.5,False,False,False,False,2,4,non_senior,612662,0
2024-02-09,1,1458,6.1,-2.5,False,False,False,False,2,4,senior,132172,1
2024-02-10,0,3402,7.4,-1.5,False,False,False,False,2,5,non_senior,757787,0
2024-02-10,0,3402,7.4,-1.5,False,False,False,False,2,5,senior,90058,1
2024-02-10,1,1458,7.4,-1.5,False,False,False,False,2,5,non_senior,487945,0
2024-02-10,1,1458,7.4,-1.5,False,False,False,False,2,5,senior,80858,1
2024-02-11,0,3402,5.5,-3.1,False,True,False,False,2,6,non_senior,1004218,0
2024-02-11,0,3402,5.5,-3.1,False,True,False,False,2,6,senior,134547,1
2024-02-11,1,1458,5.5,-3.1,False,True,False,False,2,6,non_senior,657591,0
2024-02-11,1,1458,5.5,-3.1,False,True,False,False,2,6,senior,152564,1
2024-02-12,0,3402,10.5,-2.9,False,False,False,False,2,0,non_senior,1088027,0
2024-02-12,0,3402,10.5,-2.9,False,False,False,False,2,0,senior,167500,1
2024-02-12,1,1458,10.5,-2.9,False,False,False,False,2,0,non_senior,680209,0
2024-02-12,1,1458,10.5,-2.9,False,False,False,False,2,0,senior,177704,1
2024-02-13,0,3402,13.7,2.0,False,False,False,False,2,1,non_senior,2849740,0
2024-02-13,0,3402,13.7,2.0,False,False,False,False,2,1,senior,304374,1
2024-02-13,1,1458,13.7,2.0,False,False,False,False,2,1,non_senior,781208,0
2024-02-13,1,1458,13.7,2.0,False,False,False,False,2,1,senior,298787,1
2024-02-14,0,3402,18.3,8.8,False,False,False,False,2,2,non_senior,3122683,0
2024-02-14,0,3402,18.3,8.8,False,False,False,False,2,2,senior,327011,1
2024-02-14,1,1458,18.3,8.8,False,False,False,False,2,2,non_senior,843761,0
2024-02-14,1,1458,18.3,8.8,False,False,False,False,2,2,senior,311507,1
2024-02-15,0,3402,11.6,0.6,False,False,False,False,2,3,non_senior,3080745,0
2024-02-15,0,3402,11.6,0.6,False,False,False,False,2,3,senior,311145,1
2024-02-15,1,1458,11.6,0.6,False,False,False,False,2,3,non_senior,831639,0
2024-02-15,1,1458,11.6,0.6,False,False,False,False,2,3,senior,276555,1
2024-02-16,0,3402,8.1,-1.5,False,False,False,False,2,4,non_senior,3225015,0
2024-02-16,0,3402,8.1,-1.5,False,False,False,False,2,4,senior,343190,1
2024-02-16,1,1458,8.1,-1.5,False,False,False,False,2,4,non_senior,935897,0
2024-02-16,1,1458,8.1,-1.5,False,False,False,False,2,4,senior,323428,1
2024-02-17,0,3402,11.7,-1.2,False,False,False,False,2,5,non_senior,1828949,0
2024-02-17,0,3402,11.7,-1.2,False,False,False,False,2,5,senior,274996,1
2024-02-17,1,1458,11.7,-1.2,False,False,False,False,2,5,non_senior,1143198,0
2024-02-17,1,1458,11.7,-1.2,False,False,False,False,2,5,senior,284602,1
2024-02-18,0,3402,9.4,1.2,False,False,False,False,2,6,non_senior,1228056,0
2024-02-18,0,3402,9.4,1.2,False,False,False,False,2,6,senior,177800,1
2024-02-18,1,1458,9.4,1.2,False,False,False,False,2,6,non_senior,838765,0
2024-02-18,1,1458,9.4,1.2,False,False,False,False,2,6,senior,207883,1
2024-02-19,0,3402,11.9,4.2,False,False,False,False,2,0,non_senior,2956021,0
2024-02-19,0,3402,11.9,4.2,False,False,False,False,2,0,senior,301792,1
2024-02-19,1,1458,11.9,4.2,False,False,False,False,2,0,non_senior,792790,0
2024-02-19,1,1458,11.9,4.2,False,False,False,False,2,0,senior,289045,1
2024-02-20,0,3402,6.8,2.8,False,False,False,False,2,1,non_senior,3097001,0
2024-02-20,0,3402,6.8,2.8,False,False,False,False,2,1,senior,322963,1
2024-02-20,1,1458,6.8,2.8,False,False,False,False,2,1,non_senior,848710,0
2024-02-20,1,1458,6.8,2.8,False,False,False,False,2,1,senior,325981,1
2024-02-21,0,3402,4.0,0.0,False,False,False,False,2,2,non_senior,3091735,0
2024-02-21,0,3402,4.0,0.0,False,False,False,False,2,2,senior,309396,1
2024-02-21,1,1458,4.0,0.0,False,False,False,False,2,2,non_senior,824311,0
2024-02-21,1,1458,4.0,0.0,False,False,False,False,2,2,senior,283474,1
2024-02-22,0,3402,1.6,-1.1,False,False,False,False,2,3,non_senior,3191951,0
2024-02-22,0,3402,1.6,-1.1,False,False,False,False,2,3,senior,314940,1
2024-02-22,1,1458,1.6,-1.1,False,False,False,False,2,3,non_senior,884861,0
2024-02-22,1,1458,1.6,-1.1,False,False,False,False,2,3,senior,288465,1
2024-02-23,0,3402,6.1,-1.0,False,False,False,False,2,4,non_senior,3221379,0
2024-02-23,0,3402,6.1,-1.0,False,False,False,False,2,4,senior,342949,1
2024-02-23,1,1458,6.1,-1.0,False,False,False,False,2,4,non_senior,947652,0
2024-02-23,1,1458,6.1,-1.0,False,False,False,False,2,4,senior,314875,1
2024-02-24,0,3402,5.9,-1.3,False,False,False,False,2,5,non_senior,1837984,0
2024-02-24,0,3402,5.9,-1.3,False,False,False,False,2,5,senior,266660,1
2024-02-24,1,1458,5.9,-1.3,False,False,False,False,2,5,non_senior,1160112,0
2024-02-24,1,1458,5.9,-1.3,False,False,False,False,2,5,senior,273544,1
2024-02-25,0,3402,5.9,0.8,False,False,False,False,2,6,non_senior,1299397,0
2024-02-25,0,3402,5.9,0.8,False,False,False,False,2,6,senior,183811,1
2024-02-25,1,1458,5.9,0.8,False,False,False,False,2,6,non_senior,856118,0
2024-02-25,1,1458,5.9,0.8,False,False,False,False,2,6,senior,199693,1
2024-02-26,0,3402,9.7,-1.2,False,False,False,False,2,0,non_senior,3029227,0
2024-02-26,0,3402,9.7,-1.2,False,False,False,False,2,0,senior,328289,1
2024-02-26,1,1458,9.7,-1.2,False,False,False,False,2,0,non_senior,842550,0
2024-02-26,1,1458,9.7,-1.2,False,False,False,False,2,0,senior,321947,1
2024-02-27,0,3402,9.8,1.2,False,False,False,False,2,1,non_senior,3108287,0
2024-02-27,0,3402,9.8,1.2,False,False,False,False,2,1,senior,335710,1
2024-02-27,1,1458,9.8,1.2,False,False,False,False,2,1,non_senior,854882,0
2024-02-27,1,1458,9.8,1.2,False,False,False,False,2,1,senior,325906,1
2024-02-28,0,3402,10.1,3.2,False,False,False,False,2,2,non_senior,3132194,0
2024-02-28,0,3402,10.1,3.2,False,False,False,False,2,2,senior,339876,1
2024-02-28,1,1458,10.1,3.2,False,False,False,False,2,2,non_senior,878334,0
2024-02-28,1,1458,10.1,3.2,False,False,False,False,2,2,senior,326409,1
2024-02-29,0,3402,9.6,0.3,False,False,False,False,2,3,non_senior,3172076,0
2024-02-29,0,3402,9.6,0.3,False,False,False,False,2,3,senior,336797,1
2024-02-29,1,1458,9.6,0.3,False,False,False,False,2,3,non_senior,914149,0
2024-02-29,1,1458,9.6,0.3,False,False,False,False,2,3,senior,316235,1
2024-03-01,0,3402,0.3,-7.1,False,True,False,True,3,4,non_senior,1537022,0
2024-03-01,0,3402,0.3,-7.1,False,True,False,True,3,4,senior,218615,1
2024-03-01,1,1458,0.3,-7.1,False,True,False,True,3,4,non_senior,954206,0
2024-03-01,1,1458,0.3,-7.1,False,True,False,True,3,4,senior,234178,1
2024-03-02,0,3402,4.1,-8.1,False,True,False,True,3,5,non_senior,1547642,0
2024-03-02,0,3402,4.1,-8.1,False,True,False,True,3,5,senior,221297,1
2024-03-02,1,1458,4.1,-8.1,False,True,False,True,3,5,non_senior,990330,0
2024-03-02,1,1458,4.1,-8.1,False,True,False,True,3,5,senior,237377,1
2024-03-03,0,3402,7.8,0.4,False,False,False,False,3,6,non_senior,1178727,0
2024-03-03,0,3402,7.8,0.4,False,False,False,False,3,6,senior,186148,1
2024-03-03,1,1458,7.8,0.4,False,False,False,False,3,6,non_senior,788098,0
2024-03-03,1,1458,7.8,0.4,False,False,False,False,3,6,senior,207111,1
2024-03-04,0,3402,11.7,-1.8,False,False,False,False,3,0,non_senior,3022979,0
2024-03-04,0,3402,11.7,-1.8,False,False,False,False,3,0,senior,328932,1
2024-03-04,1,1458,11.7,-1.8,False,False,False,False,3,0,non_senior,821289,0
2024-03-04,1,1458,11.7,-1.8,False,False,False,False,3,0,senior,318161,1
2024-03-05,0,3402,11.0,5.5,False,False,False,False,3,1,non_senior,3165634,0
2024-03-05,0,3402,11.0,5.5,False,False,False,False,3,1,senior,325060,1
2024-03-05,1,1458,11.0,5.5,False,False,False,False,3,1,non_senior,811060,0
2024-03-05,1,1458,11.0,5.5,False,False,False,False,3,1,senior,319314,1
2024-03-06,0,3402,10.3,2.5,False,False,False,False,3,2,non_senior,3204245,0
2024-03-06,0,3402,10.3,2.5,False,False,False,False,3,2,senior,339498,1
2024-03-06,1,1458,10.3,2.5,False,False,False,False,3,2,non_senior,844738,0
2024-03-06,1,1458,10.3,2.5,False,False,False,False,3,2,senior,327071,1
2024-03-07,0,3402,8.2,1.2,False,False,False,False,3,3,non_senior,3252124,0
2024-03-07,0,3402,8.2,1.2,False,False,False,False,3,3,senior,330088,1
2024-03-07,1,1458,8.2,1.2,False,False,False,False,3,3,non_senior,859454,0
2024-03-07,1,1458,8.2,1.2,False,False,False,False,3,3,senior,321832,1
2024-03-08,0,3402,6.5,-0.7,False,False,False,False,3,4,non_senior,3312165,0
2024-03-08,0,3402,6.5,-0.7,False,False,False,False,3,4,senior,344828,1
2024-03-08,1,1458,6.5,-0.7,False,False,False,False,3,4,non_senior,935529,0
2024-03-08,1,1458,6.5,-0.7,False,False,False,False,3,4,senior,321176,1
2024-03-09,0,3402,7.1,-2.1,False,False,False,False,3,5,non_senior,1822195,0
2024-03-09,0,3402,7.1,-2.1,False,False,False,False,3,5,senior,274724,1
2024-03-09,1,1458,7.1,-2.1,False,False,False,False,3,5,non_senior,1134196,0
2024-03-09,1,1458,7.1,-2.1,False,False,False,False,3,5,senior,279428,1
2024-03-10,0,3402,10.6,-1.8,False,False,False,False,3,6,non_senior,1288088,0
2024-03-10,0,3402,10.6,-1.8,False,False,False,False,3,6,senior,198290,1
2024-03-10,1,1458,10.6,-1.8,False,False,False,False,3,6,non_senior,858775,0
2024-03-10,1,1458,10.6,-1.8,False,False,False,False,3,6,senior,220375,1
2024-03-11,0,3402,10.8,2.0,False,False,False,False,3,0,non_senior,3130359,0
2024-03-11,0,3402,10.8,2.0,False,False,False,False,3,0,senior,331056,1
2024-03-11,1,1458,10.8,2.0,False,False,False,False,3,0,non_senior,804990,0
2024-03-11,1,1458,10.8,2.0,False,False,False,False,3,0,senior,318587,1
2024-03-12,0,3402,10.0,4.4,False,False,False,False,3,1,non_senior,3214196,0
2024-03-12,0,3402,10.0,4.4,False,False,False,False,3,1,senior,327454,1
2024-03-12,1,1458,10.0,4.4,False,False,False,False,3,1,non_senior,811034,0
2024-03-12,1,1458,10.0,4.4,False,False,False,False,3,1,senior,313223,1
2024-03-13,0,3402,12.0,1.3,False,False,False,False,3,2,non_senior,3255642,0
2024-03-13,0,3402,12.0,1.3,False,False,False,False,3,2,senior,347819,1
2024-03-13,1,1458,12.0,1.3,False,False,False,False,3,2,non_senior,854661,0
2024-03-13,1,1458,12.0,1.3,False,False,False,False,3,2,senior,335193,1
2024-03-14,0,3402,15.4,3.4,False,False,False,False,3,3,non_senior,3289889,0
2024-03-14,0,3402,15.4,3.4,False,False,False,False,3,3,senior,348403,1
2024-03-14,1,1458,15.4,3.4,False,False,False,False,3,3,non_senior,867196,0
2024-03-14,1,1458,15.4,3.4,False,False,False,False,3,3,senior,331874,1
2024-03-15,0,3402,14.5,4.0,False,False,False,False,3,4,non_senior,3327281,0
2024-03-15,0,3402,14.5,4.0,False,False,False,False,3,4,senior,354471,1
2024-03-15,1,1458,14.5,4.0,False,False,False,False,3,4,non_senior,945706,0
2024-03-15,1,1458,14.5,4.0,False,False,False,False,3,4,senior,328151,1
2024-03-16,0,3402,18.3,4.4,False,False,False,False,3,5,non_senior,1899956,0
2024-03-16,0,3402,18.3,4.4,False,False,False,False,3,5,senior,283571,1
2024-03-16,1,1458,18.3,4.4,False,False,False,False,3,5,non_senior,1200129,0
2024-03-16,1,1458,18.3,4.4,False,False,False,False,3,5,senior,290677,1
2024-03-17,0,3402,12.2,5.4,False,False,False,False,3,6,non_senior,1348323,0
2024-03-17,0,3402,12.2,5.4,False,False,False,False,3,6,senior,198488,1
2024-03-17,1,1458,12.2,5.4,False,False,False,False,3,6,non_senior,910119,0
2024-03-17,1,1458,12.2,5.4,False,False,False,False,3,6,senior,219353,1
2024-03-18,0,3402,13.2,1.4,False,False,False,False,3,0,non_senior,3158418,0
2024-03-18,0,3402,13.2,1.4,False,False,False,False,3,0,senior,337155,1
2024-03-18,1,1458,13.2,1.4,False,False,False,False,3,0,non_senior,825077,0
2024-03-18,1,1458,13.2,1.4,False,False,False,False,3,0,senior,325042,1
2024-03-19,0,3402,9.8,3.9,False,False,False,False,3,1,non_senior,3232804,0
2024-03-19,0,3402,9.8,3.9,False,False,False,False,3,1,senior,335367,1
2024-03-19,1,1458,9.8,3.9,False,False,False,False,3,1,non_senior,828131,0
2024-03-19,1,1458,9.8,3.9,False,False,False,False,3,1,senior,315782,1
2024-03-20,0,3402,8.7,1.2,False,False,False,False,3,2,non_senior,3229472,0
2024-03-20,0,3402,8.7,1.2,False,False,False,False,3,2,senior,345464,1
2024-03-20,1,1458,8.7,1.2,False,False,False,False,3,2,non_senior,865006,0
2024-03-20,1,1458,8.7,1.2,False,False,False,False,3,2,senior,329306,1
2024-03-21,0,3402,11.5,-1.2,False,False,False,False,3,3,non_senior,3310394,0
2024-03-21,0,3402,11.5,-1.2,False,False,False,False,3,3,senior,348740,1
2024-03-21,1,1458,11.5,-1.2,False,False,False,False,3,3,non_senior,871972,0
2024-03-21,1,1458,11.5,-1.2,False,False,False,False,3,3,senior,329336,1
2024-03-22,0,3402,15.2,3.8,False,False,False,False,3,4,non_senior,3279960,0
2024-03-22,0,3402,15.2,3.8,False,False,False,False,3,4,senior,333858,1
2024-03-22,1,1458,15.2,3.8,False,False,False,False,3,4,non_senior,961430,0
2024-03-22,1,1458,15.2,3.8,False,False,False,False,3,4,senior,324552,1
2024-03-23,0,3402,18.2,9.3,False,False,False,False,3,5,non_senior,1903148,0
2024-03-23,0,3402,18.2,9.3,False,False,False,False,3,5,senior,279390,1
2024-03-23,1,1458,18.2,9.3,False,False,False,False,3,5,non_senior,1180006,0
2024-03-23,1,1458,18.2,9.3,False,False,False,False,3,5,senior,278884,1
2024-03-24,0,3402,23.4,10.5,False,False,False,False,3,6,non_senior,1371306,0
2024-03-24,0,3402,23.4,10.5,False,False,False,False,3,6,senior,204030,1
2024-03-24,1,1458,23.4,10.5,False,False,False,False,3,6,non_senior,893551,0
2024-03-24,1,1458,23.4,10.5,False,False,False,False,3,6,senior,220035,1
2024-03-25,0,3402,14.5,6.7,False,False,False,False,3,0,non_senior,3136281,0
2024-03-25,0,3402,14.5,6.7,False,False,False,False,3,0,senior,320108,1
2024-03-25,1,1458,14.5,6.7,False,False,False,False,3,0,non_senior,830811,0
2024-03-25,1,1458,14.5,6.7,False,False,False,False,3,0,senior,313081,1
2024-03-26,0,3402,12.4,3.2,False,False,False,False,3,1,non_senior,3254613,0
2024-03-26,0,3402,12.4,3.2,False,False,False,False,3,1,senior,334254,1
2024-03-26,1,1458,12.4,3.2,False,False,False,False,3,1,non_senior,833917,0
2024-03-26,1,1458,12.4,3.2,False,False,False,False,3,1,senior,319442,1
2024-03-27,0,3402,16.2,4.4,False,False,False,False,3,2,non_senior,3303329,0
2024-03-27,0,3402,16.2,4.4,False,False,False,False,3,2,senior,357585,1
2024-03-27,1,1458,16.2,4.4,False,False,False,False,3,2,non_senior,888536,0
2024-03-27,1,1458,16.2,4.4,False,False,False,False,3,2,senior,338439,1
2024-03-28,0,3402,12.2,7.8,False,False,False,False,3,3,non_senior,3483853,0
2024-03-28,0,3402,12.2,7.8,False,False,False,False,3,3,senior,345980,1
2024-03-28,1,1458,12.2,7.8,False,False,False,False,3,3,non_senior,1015082,0
2024-03-28,1,1458,12.2,7.8,False,False,False,False,3,3,senior,325660,1
2024-03-29,0,3402,12.3,5.0,False,False,False,False,3,4,non_senior,3348752,0
2024-03-29,0,3402,12.3,5.0,False,False,False,False,3,4,senior,342274,1
2024-03-29,1,1458,12.3,5.0,False,False,False,False,3,4,non_senior,956852,0
2024-03-29,1,1458,12.3,5.0,False,False,False,False,3,4,senior,287417,1
2024-03-30,0,3402,15.6,3.0,False,False,False,False,3,5,non_senior,1910667,0
2024-03-30,0,3402,15.6,3.0,False,False,False,False,3,5,senior,277520,1
2024-03-30,1,1458,15.6,3.0,False,False,False,False,3,5,non_senior,1193694,0
2024-03-30,1,1458,15.6,3.0,False,False,False,False,3,5,senior,277309,1
2024-03-31,0,3402,17.7,3.4,False,False,False,False,3,6,non_senior,1386015,0
2024-03-31,0,3402,17.7,3.4,False,False,False,False,3,6,senior,205728,1
2024-03-31,1,1458,17.7,3.4,False,False,False,False,3,6,non_senior,905132,0
2024-03-31,1,1458,17.7,3.4,False,False,False,False,3,6,senior,216418,1
2024-04-01,0,3402,19.0,5.5,False,False,False,False,4,0,non_senior,3424026,0
2024-04-01,0,3402,19.0,5.5,False,False,False,False,4,0,senior,336479,1
2024-04-01,1,1458,19.0,5.5,False,False,False,False,4,0,non_senior,2446763,0
2024-04-01,1,1458,19.0,5.5,False,False,False,False,4,0,senior,317788,1
2024-04-02,0,3402,23.9,7.0,False,False,False,False,4,1,non_senior,3553702,0
2024-04-02,0,3402,23.9,7.0,False,False,False,False,4,1,senior,345406,1
2024-04-02,1,1458,23.9,7.0,False,False,False,False,4,1,non_senior,2513677,0
2024-04-02,1,1458,23.9,7.0,False,False,False,False,4,1,senior,327621,1
2024-04-03,0,3402,19.7,13.9,False,False,False,False,4,2,non_senior,3514008,0
2024-04-03,0,3402,19.7,13.9,False,False,False,False,4,2,senior,335970,1
2024-04-03,1,1458,19.7,13.9,False,False,False,False,4,2,non_senior,2474547,0
2024-04-03,1,1458,19.7,13.9,False,False,False,False,4,2,senior,305235,1
2024-04-04,0,3402,20.3,12.4,False,False,False,False,4,3,non_senior,3601587,0
2024-04-04,0,3402,20.3,12.4,False,False,False,False,4,3,senior,349148,1
2024-04-04,1,1458,20.3,12.4,False,False,False,False,4,3,non_senior,2539996,0
2024-04-04,1,1458,20.3,12.4,False,False,False,False,4,3,senior,326543,1
2024-04-05,0,3402,18.8,10.2,False,False,False,False,4,4,non_senior,3671362,0
2024-04-05,0,3402,18.8,10.2,False,False,False,False,4,4,senior,353274,1
2024-04-05,1,1458,18.8,10.2,False,False,False,False,4,4,non_senior,2554894,0
2024-04-05,1,1458,18.8,10.2,False,False,False,False,4,4,senior,322048,1
2024-04-06,0,3402,18.9,8.0,False,False,False,False,4,5,non_senior,2298291,0
2024-04-06,0,3402,18.9,8.0,False,False,False,False,4,5,senior,288042,1
2024-04-06,1,1458,18.9,8.0,False,False,False,False,4,5,non_senior,2198787,0
2024-04-06,1,1458,18.9,8.0,False,False,False,False,4,5,senior,284980,1
2024-04-07,0,3402,23.4,7.7,False,False,False,False,4,6,non_senior,1653584,0
2024-04-07,0,3402,23.4,7.7,False,False,False,False,4,6,senior,215700,1
2024-04-07,1,1458,23.4,7.7,False,False,False,False,4,6,non_senior,1627620,0
2024-04-07,1,1458,23.4,7.7,False,False,False,False,4,6,senior,226211,1
2024-04-08,0,3402,22.8,11.0,False,False,False,False,4,0,non_senior,3391514,0
2024-04-08,0,3402,22.8,11.0,False,False,False,False,4,0,senior,342167,1
2024-04-08,1,1458,22.8,11.0,False,False,False,False,4,0,non_senior,2439221,0
2024-04-08,1,1458,22.8,11.0,False,False,False,False,4,0,senior,322161,1
2024-04-09,0,3402,20.8,10.6,False,False,False,False,4,1,non_senior,3643410,0
2024-04-09,0,3402,20.8,10.6,False,False,False,False,4,1,senior,365755,1
2024-04-09,1,1458,20.8,10.6,False,False,False,False,4,1,non_senior,2518300,0
2024-04-09,1,1458,20.8,10.6,False,False,False,False,4,1,senior,331430,1
2024-04-10,0,3402,18.5,10.2,False,False,False,False,4,2,non_senior,1707448,0
2024-04-10,0,3402,18.5,10.2,False,False,False,False,4,2,senior,234131,1
2024-04-10,1,1458,18.5,10.2,False,False,False,False,4,2,non_senior,1634285,0
2024-04-10,1,1458,18.5,10.2,False,False,False,False,4,2,senior,239728,1
2024-04-11,0,3402,21.1,11.7,False,False,False,False,4,3,non_senior,3448718,0
2024-04-11,0,3402,21.1,11.7,False,False,False,False,4,3,senior,339642,1
2024-04-11,1,1458,21.1,11.7,False,False,False,False,4,3,non_senior,2448760,0
2024-04-11,1,1458,21.1,11.7,False,False,False,False,4,3,senior,312977,1
2024-04-12,0,3402,24.2,12.0,False,False,False,False,4,4,non_senior,3572790,0
2024-04-12,0,3402,24.2,12.0,False,False,False,False,4,4,senior,360127,1
2024-04-12,1,1458,24.2,12.0,False,False,False,False,4,4,non_senior,2501557,0
2024-04-12,1,1458,24.2,12.0,False,False,False,False,4,4,senior,323973,1
2024-04-13,0,3402,27.3,11.2,False,False,False,False,4,5,non_senior,2127413,0
2024-04-13,0,3402,27.3,11.2,False,False,False,False,4,5,senior,287857,1
2024-04-13,1,1458,27.3,11.2,False,False,False,False,4,5,non_senior,2096444,0
2024-04-13,1,1458,27.3,11.2,False,False,False,False,4,5,senior,281150,1
2024-04-14,0,3402,29.4,13.6,False,False,False,False,4,6,non_senior,1487049,0
2024-04-14,0,3402,29.4,13.6,False,False,False,False,4,6,senior,209174,1
2024-04-14,1,1458,29.4,13.6,False,False,False,False,4,6,non_senior,1525682,0
2024-04-14,1,1458,29.4,13.6,False,False,False,False,4,6,senior,211977,1
2024-04-15,0,3402,20.0,11.7,False,False,False,False,4,0,non_senior,3274156,0
2024-04-15,0,3402,20.0,11.7,False,False,False,False,4,0,senior,314054,1
2024-04-15,1,1458,20.0,11.7,False,False,False,False,4,0,non_senior,2339781,0
2024-04-15,1,1458,20.0,11.7,False,False,False,False,4,0,senior,279942,1
2024-04-16,0,3402,17.9,11.5,False,False,False,False,4,1,non_senior,3469044,0
2024-04-16,0,3402,17.9,11.5,False,False,False,False,4,1,senior,345754,1
2024-04-16,1,1458,17.9,11.5,False,False,False,False,4,1,non_senior,2463837,0
2024-04-16,1,1458,17.9,11.5,False,False,False,False,4,1,senior,321704,1
2024-04-17,0,3402,21.8,9.7,False,False,False,False,4,2,non_senior,3481946,0
2024-04-17,0,3402,21.8,9.7,False,False,False,False,4,2,senior,359311,1
2024-04-17,1,1458,21.8,9.7,False,False,False,False,4,2,non_senior,2494254,0
2024-04-17,1,1458,21.8,9.7,False,False,False,False,4,2,senior,328417,1
2024-04-18,0,3402,24.9,10.7,False,False,False,False,4,3,non_senior,3492077,0
2024-04-18,0,3402,24.9,10.7,False,False,False,False,4,3,senior,358249,1
2024-04-18,1,1458,24.9,10.7,False,False,False,False,4,3,non_senior,2492913,0
2024-04-18,1,1458,24.9,10.7,False,False,False,False,4,3,senior,322412,1
2024-04-19,0,3402,24.3,11.5,False,False,False,False,4,4,non_senior,3530122,0
2024-04-19,0,3402,24.3,11.5,False,False,False,False,4,4,senior,361831,1
2024-04-19,1,1458,24.3,11.5,False,False,False,False,4,4,non_senior,2527962,0
2024-04-19,1,1458,24.3,11.5,False,False,False,False,4,4,senior,330030,1
2024-04-20,0,3401,17.2,13.0,False,False,False,False,4,5,non_senior,1926370,0
2024-04-20,0,3401,17.2,13.0,False,False,False,False,4,5,senior,262327,1
2024-04-20,1,1458,17.2,13.0,False,False,False,False,4,5,non_senior,1957437,0
2024-04-20,1,1458,17.2,13.0,False,False,False,False,4,5,senior,258717,1
2024-04-21,0,3402,21.7,13.3,False,False,False,False,4,6,non_senior,1415688,0
2024-04-21,0,3402,21.7,13.3,False,False,False,False,4,6,senior,207160,1
2024-04-21,1,1458,21.7,13.3,False,False,False,False,4,6,non_senior,1457430,0
2024-04-21,1,1458,21.7,13.3,False,False,False,False,4,6,senior,217363,1
2024-04-22,0,3402,24.1,15.0,False,False,False,False,4,0,non_senior,3302545,0
2024-04-22,0,3402,24.1,15.0,False,False,False,False,4,0,senior,344226,1
2024-04-22,1,1458,24.1,15.0,False,False,False,False,4,0,non_senior,2421766,0
2024-04-22,1,1458,24.1,15.0,False,False,False,False,4,0,senior,320358,1
2024-04-23,0,3402,24.2,13.2,False,False,False,False,4,1,non_senior,3408631,0
2024-04-23,0,3402,24.2,13.2,False,False,False,False,4,1,senior,346832,1
2024-04-23,1,1458,24.2,13.2,False,False,False,False,4,1,non_senior,2493999,0
2024-04-23,1,1458,24.2,13.2,False,False,False,False,4,1,senior,328161,1
2024-04-24,0,3402,16.5,11.0,False,False,False,False,4,2,non_senior,3396721,0
2024-04-24,0,3402,16.5,11.0,False,False,False,False,4,2,senior,337344,1
2024-04-24,1,1458,16.5,11.0,False,False,False,False,4,2,non_senior,2446040,0
2024-04-24,1,1458,16.5,11.0,False,False,False,False,4,2,senior,307715,1
2024-04-25,0,3402,20.8,10.3,False,False,False,False,4,3,non_senior,3488413,0
2024-04-25,0,3402,20.8,10.3,False,False,False,False,4,3,senior,365276,1
2024-04-25,1,1458,20.8,10.3,False,False,False,False,4,3,non_senior,2525276,0
2024-04-25,1,1458,20.8,10.3,False,False,False,False,4,3,senior,331392,1
2024-04-26,0,3402,26.0,11.4,False,False,False,False,4,4,non_senior,3595625,0
2024-04-26,0,3402,26.0,11.4,False,False,False,False,4,4,senior,366688,1
2024-04-26,1,1458,26.0,11.4,False,False,False,False,4,4,non_senior,2580132,0
2024-04-26,1,1458,26.0,11.4,False,False,False,False,4,4,senior,329647,1
2024-04-27,0,3402,26.2,11.5,False,False,False,False,4,5,non_senior,2240535,0
2024-04-27,0,3402,26.2,11.5,False,False,False,False,4,5,senior,300741,1
2024-04-27,1,1458,26.2,11.5,False,False,False,False,4,5,non_senior,2200264,0
2024-04-27,1,1458,26.2,11.5,False,False,False,False,4,5,senior,277495,1
2024-04-28,0,3402,28.9,13.0,False,False,False,False,4,6,non_senior,1598567,0
2024-04-28,0,3402,28.9,13.0,False,False,False,False,4,6,senior,216216,1
2024-04-28,1,1458,28.9,13.0,False,False,False,False,4,6,non_senior,1635493,0
2024-04-28,1,1458,28.9,13.0,False,False,False,False,4,6,senior,215562,1
2024-04-29,0,3402,26.1,16.9,False,False,False,False,4,0,non_senior,3403982,0
2024-04-29,0,3402,26.1,16.9,False,False,False,False,4,0,senior,342485,1
2024-04-29,1,1458,26.1,16.9,False,False,False,False,4,0,non_senior,2520403,0
2024-04-29,1,1458,26.1,16.9,False,False,False,False,4,0,senior,319793,1
2024-04-30,0,3402,22.5,16.0,False,False,False,False,4,1,non_senior,3601167,0
2024-04-30,0,3402,22.5,16.0,False,False,False,False,4,1,senior,356700,1
2024-04-30,1,1458,22.5,16.0,False,False,False,False,4,1,non_senior,2584560,0
2024-04-30,1,1458,22.5,16.0,False,False,False,False,4,1,senior,326895,1
2024-05-01,0,3402,24.0,13.9,False,False,False,False,5,2,non_senior,1895603,0
2024-05-01,0,3402,24.0,13.9,False,False,False,False,5,2,senior,285267,1
2024-05-01,1,1458,24.0,13.9,False,False,False,False,5,2,non_senior,1021774,0
2024-05-01,1,1458,24.0,13.9,False,False,False,False,5,2,senior,284034,1
2024-05-02,0,3402,23.7,12.4,False,False,False,False,5,3,non_senior,3315496,0
2024-05-02,0,3402,23.7,12.4,False,False,False,False,5,3,senior,355398,1
2024-05-02,1,1458,23.7,12.4,False,False,False,False,5,3,non_senior,916548,0
2024-05-02,1,1458,23.7,12.4,False,False,False,False,5,3,senior,322129,1
2024-05-03,0,3402,27.9,12.2,False,False,False,False,5,4,non_senior,3375758,0
2024-05-03,0,3402,27.9,12.2,False,False,False,False,5,4,senior,357383,1
2024-05-03,1,1458,27.9,12.2,False,False,False,False,5,4,non_senior,1036705,0
2024-05-03,1,1458,27.9,12.2,False,False,False,False,5,4,senior,320918,1
2024-05-04,0,3402,28.5,14.6,False,False,False,False,5,5,non_senior,1897724,0
2024-05-04,0,3402,28.5,14.6,False,False,False,False,5,5,senior,267498,1
2024-05-04,1,1458,28.5,14.6,False,False,False,False,5,5,non_senior,1216305,0
2024-05-04,1,1458,28.5,14.6,False,False,False,False,5,5,senior,254508,1
2024-05-05,0,3402,20.6,15.7,False,False,False,False,5,6,non_senior,1189900,0
2024-05-05,0,3402,20.6,15.7,False,False,False,False,5,6,senior,153948,1
2024-05-05,1,1458,20.6,15.7,False,False,False,False,5,6,non_senior,766057,0
2024-05-05,1,1458,20.6,15.7,False,False,False,False,5,6,senior,150083,1
2024-05-06,0,3402,15.7,13.4,False,False,False,False,5,0,non_senior,1235888,0
2024-05-06,0,3402,15.7,13.4,False,False,False,False,5,0,senior,180978,1
2024-05-06,1,1458,15.7,13.4,False,False,False,False,5,0,non_senior,744026,0
2024-05-06,1,1458,15.7,13.4,False,False,False,False,5,0,senior,183150,1
2024-05-07,0,3402,15.0,12.2,False,False,False,False,5,1,non_senior,3184394,0
2024-05-07,0,3402,15.0,12.2,False,False,False,False,5,1,senior,332087,1
2024-05-07,1,1458,15.0,12.2,False,False,False,False,5,1,non_senior,821366,0
2024-05-07,1,1458,15.0,12.2,False,False,False,False,5,1,senior,314649,1
2024-05-08,0,3402,21.4,9.0,False,False,False,False,5,2,non_senior,3252545,0
2024-05-08,0,3402,21.4,9.0,False,False,False,False,5,2,senior,360634,1
2024-05-08,1,1458,21.4,9.0,False,False,False,False,5,2,non_senior,857982,0
2024-05-08,1,1458,21.4,9.0,False,False,False,False,5,2,senior,327719,1
2024-05-09,0,3402,21.8,10.9,False,False,False,False,5,3,non_senior,3320154,0
2024-05-09,0,3402,21.8,10.9,False,False,False,False,5,3,senior,363290,1
2024-05-09,1,1458,21.8,10.9,False,False,False,False,5,3,non_senior,874275,0
2024-05-09,1,1458,21.8,10.9,False,False,False,False,5,3,senior,325351,1
2024-05-10,0,3402,23.8,12.5,False,False,False,False,5,4,non_senior,3401018,0
2024-05-10,0,3402,23.8,12.5,False,False,False,False,5,4,senior,368515,1
2024-05-10,1,1458,23.8,12.5,False,False,False,False,5,4,non_senior,989586,0
2024-05-10,1,1458,23.8,12.5,False,False,False,False,5,4,senior,332302,1
2024-05-11,0,3402,22.0,14.0,False,False,False,False,5,5,non_senior,1774022,0
2024-05-11,0,3402,22.0,14.0,False,False,False,False,5,5,senior,262637,1
2024-05-11,1,1458,22.0,14.0,False,False,False,False,5,5,non_senior,1171510,0
2024-05-11,1,1458,22.0,14.0,False,False,False,False,5,5,senior,269659,1
2024-05-12,0,3402,21.6,11.9,False,False,False,False,5,6,non_senior,1418509,0
2024-05-12,0,3402,21.6,11.9,False,False,False,False,5,6,senior,219355,1
2024-05-12,1,1458,21.6,11.9,False,False,False,False,5,6,non_senior,914872,0
2024-05-12,1,1458,21.6,11.9,False,False,False,False,5,6,senior,222873,1
2024-05-13,0,3402,24.5,11.9,False,False,False,False,5,0,non_senior,3168748,0
2024-05-13,0,3402,24.5,11.9,False,False,False,False,5,0,senior,355281,1
2024-05-13,1,1458,24.5,11.9,False,False,False,False,5,0,non_senior,847285,0
2024-05-13,1,1458,24.5,11.9,False,False,False,False,5,0,senior,333989,1
2024-05-14,0,3402,24.7,12.7,False,False,False,False,5,1,non_senior,3396069,0
2024-05-14,0,3402,24.7,12.7,False,False,False,False,5,1,senior,368444,1
2024-05-14,1,1458,24.7,12.7,False,False,False,False,5,1,non_senior,916173,0
2024-05-14,1,1458,24.7,12.7,False,False,False,False,5,1,senior,338669,1
2024-05-15,0,3402,18.8,7.2,False,False,False,False,5,2,non_senior,1340371,0
2024-05-15,0,3402,18.8,7.2,False,False,False,False,5,2,senior,226460,1
2024-05-15,1,1458,18.8,7.2,False,False,False,False,5,2,non_senior,886594,0
2024-05-15,1,1458,18.8,7.2,False,False,False,False,5,2,senior,244656,1
2024-05-16,0,3402,19.8,6.9,False,False,False,False,5,3,non_senior,3268729,0
2024-05-16,0,3402,19.8,6.9,False,False,False,False,5,3,senior,363604,1
2024-05-16,1,1458,19.8,6.9,False,False,False,False,5,3,non_senior,881494,0
2024-05-16,1,1458,19.8,6.9,False,False,False,False,5,3,senior,337259,1
2024-05-17,0,3402,24.9,10.8,False,False,False,False,5,4,non_senior,3333860,0
2024-05-17,0,3402,24.9,10.8,False,False,False,False,5,4,senior,365960,1
2024-05-17,1,1458,24.9,10.8,False,False,False,False,5,4,non_senior,976367,0
2024-05-17,1,1458,24.9,10.8,False,False,False,False,5,4,senior,334470,1
2024-05-18,0,3402,26.5,16.0,False,False,False,False,5,5,non_senior,1970415,0
2024-05-18,0,3402,26.5,16.0,False,False,False,False,5,5,senior,302327,1
2024-05-18,1,1458,26.5,16.0,False,False,False,False,5,5,non_senior,1205109,0
2024-05-18,1,1458,26.5,16.0,False,False,False,False,5,5,senior,286906,1
2024-05-19,0,3402,27.9,15.9,False,False,False,False,5,6,non_senior,1384236,0
2024-05-19,0,3402,27.9,15.9,False,False,False,False,5,6,senior,222204,1
2024-05-19,1,1458,27.9,15.9,False,False,False,False,5,6,non_senior,914960,0
2024-05-19,1,1458,27.9,15.9,False,False,False,False,5,6,senior,223541,1
2024-05-20,0,3402,22.8,16.8,False,False,False,False,5,0,non_senior,3112904,0
2024-05-20,0,3402,22.8,16.8,False,False,False,False,5,0,senior,345532,1
2024-05-20,1,1458,22.8,16.8,False,False,False,False,5,0,non_senior,826742,0
2024-05-20,1,1458,22.8,16.8,False,False,False,False,5,0,senior,329346,1
2024-05-21,0,3402,28.3,16.3,False,False,False,False,5,1,non_senior,3261059,0
2024-05-21,0,3402,28.3,16.3,False,False,False,False,5,1,senior,362634,1
2024-05-21,1,1458,28.3,16.3,False,False,False,False,5,1,non_senior,854608,0
2024-05-21,1,1458,28.3,16.3,False,False,False,False,5,1,senior,332678,1
2024-05-22,0,3402,25.5,16.4,False,False,False,False,5,2,non_senior,3261910,0
2024-05-22,0,3402,25.5,16.4,False,False,False,False,5,2,senior,363515,1
2024-05-22,1,1458,25.5,16.4,False,False,False,False,5,2,non_senior,887970,0
2024-05-22,1,1458,25.5,16.4,False,False,False,False,5,2,senior,327974,1
2024-05-23,0,3402,26.4,15.8,False,False,False,False,5,3,non_senior,3294812,0
2024-05-23,0,3402,26.4,15.8,False,False,False,False,5,3,senior,364896,1
2024-05-23,1,1458,26.4,15.8,False,False,False,False,5,3,non_senior,884304,0
2024-05-23,1,1458,26.4,15.8,False,False,False,False,5,3,senior,321702,1
2024-05-24,0,3402,24.7,15.7,False,False,False,False,5,4,non_senior,3315130,0
2024-05-24,0,3402,24.7,15.7,False,False,False,False,5,4,senior,365335,1
2024-05-24,1,1458,24.7,15.7,False,False,False,False,5,4,non_senior,985430,0
2024-05-24,1,1458,24.7,15.7,False,False,False,False,5,4,senior,328183,1
2024-05-25,0,3402,24.7,18.7,False,False,False,False,5,5,non_senior,1978384,0
2024-05-25,0,3402,24.7,18.7,False,False,False,False,5,5,senior,307012,1
2024-05-25,1,1458,24.7,18.7,False,False,False,False,5,5,non_senior,1236285,0
2024-05-25,1,1458,24.7,18.7,False,False,False,False,5,5,senior,290146,1
2024-05-26,0,3402,23.7,17.0,False,False,False,False,5,6,non_senior,1249793,0
2024-05-26,0,3402,23.7,17.0,False,False,False,False,5,6,senior,191620,1
2024-05-26,1,1458,23.7,17.0,False,False,False,False,5,6,non_senior,876459,0
2024-05-26,1,1458,23.7,17.0,False,False,False,False,5,6,senior,207519,1
2024-05-27,0,3402,22.6,14.1,False,False,False,False,5,0,non_senior,3142823,0
2024-05-27,0,3402,22.6,14.1,False,False,False,False,5,0,senior,349323,1
2024-05-27,1,1458,22.6,14.1,False,False,False,False,5,0,non_senior,839176,0
2024-05-27,1,1458,22.6,14.1,False,False,False,False,5,0,senior,327261,1
2024-05-28,0,3402,26.1,14.3,False,False,False,False,5,1,non_senior,3247950,0
2024-05-28,0,3402,26.1,14.3,False,False,False,False,5,1,senior,357332,1
2024-05-28,1,1458,26.1,14.3,False,False,False,False,5,1,non_senior,846692,0
2024-05-28,1,1458,26.1,14.3,False,False,False,False,5,1,senior,329985,1
2024-05-29,0,3402,26.8,15.4,False,False,False,False,5,2,non_senior,3262041,0
2024-05-29,0,3402,26.8,15.4,False,False,False,False,5,2,senior,358289,1
2024-05-29,1,1458,26.8,15.4,False,False,False,False,5,2,non_senior,878266,0
2024-05-29,1,1458,26.8,15.4,False,False,False,False,5,2,senior,323605,1
2024-05-30,0,3402,24.6,16.2,False,False,False,False,5,3,non_senior,3256202,0
2024-05-30,0,3402,24.6,16.2,False,False,False,False,5,3,senior,353445,1
2024-05-30,1,1458,24.6,16.2,False,False,False,False,5,3,non_senior,865944,0
2024-05-30,1,1458,24.6,16.2,False,False,False,False,5,3,senior,320340,1
2024-05-31,0,3402,25.4,16.9,False,False,False,False,5,4,non_senior,3317279,0
2024-05-31,0,3402,25.4,16.9,False,False,False,False,5,4,senior,359884,1
2024-05-31,1,1458,25.4,16.9,False,False,False,False,5,4,non_senior,946170,0
2024-05-31,1,1458,25.4,16.9,False,False,False,False,5,4,senior,318512,1
2024-06-01,0,3402,25.2,17.5,False,False,False,False,6,5,non_senior,1923227,0
2024-06-01,0,3402,25.2,17.5,False,False,False,False,6,5,senior,293378,1
2024-06-01,1,1458,25.2,17.5,False,False,False,False,6,5,non_senior,1176653,0
2024-06-01,1,1458,25.2,17.5,False,False,False,False,6,5,senior,278471,1
2024-06-02,0,3402,25.8,15.7,False,False,False,False,6,6,non_senior,1295655,0
2024-06-02,0,3402,25.8,15.7,False,False,False,False,6,6,senior,210390,1
2024-06-02,1,1458,25.8,15.7,False,False,False,False,6,6,non_senior,848070,0
2024-06-02,1,1458,25.8,15.7,False,False,False,False,6,6,senior,211840,1
2024-06-03,0,3402,28.7,15.7,False,False,False,False,6,0,non_senior,3120568,0
2024-06-03,0,3402,28.7,15.7,False,False,False,False,6,0,senior,344819,1
2024-06-03,1,1458,28.7,15.7,False,False,False,False,6,0,non_senior,815268,0
2024-06-03,1,1458,28.7,15.7,False,False,False,False,6,0,senior,320866,1
2024-06-04,0,3402,29.3,16.3,False,False,False,False,6,1,non_senior,3225111,0
2024-06-04,0,3402,29.3,16.3,False,False,False,False,6,1,senior,355794,1
2024-06-04,1,1458,29.3,16.3,False,False,False,False,6,1,non_senior,844204,0
2024-06-04,1,1458,29.3,16.3,False,False,False,False,6,1,senior,323809,1
2024-06-05,0,3402,30.1,18.1,False,False,False,False,6,2,non_senior,3321286,0
2024-06-05,0,3402,30.1,18.1,False,False,False,False,6,2,senior,360243,1
2024-06-05,1,1458,30.1,18.1,False,False,False,False,6,2,non_senior,894790,0
2024-06-05,1,1458,30.1,18.1,False,False,False,False,6,2,senior,321658,1
2024-06-06,0,3402,31.4,19.3,False,False,False,False,6,3,non_senior,1474999,0
2024-06-06,0,3402,31.4,19.3,False,False,False,False,6,3,senior,251740,1
2024-06-06,1,1458,31.4,19.3,False,False,False,False,6,3,non_senior,897876,0
2024-06-06,1,1458,31.4,19.3,False,False,False,False,6,3,senior,238934,1
2024-06-07,0,3402,28.0,18.3,False,False,False,False,6,4,non_senior,2866448,0
2024-06-07,0,3402,28.0,18.3,False,False,False,False,6,4,senior,348204,1
2024-06-07,1,1458,28.0,18.3,False,False,False,False,6,4,non_senior,975611,0
2024-06-07,1,1458,28.0,18.3,False,False,False,False,6,4,senior,313954,1
2024-06-08,0,3402,25.0,17.9,False,False,False,False,6,5,non_senior,1627153,0
2024-06-08,0,3402,25.0,17.9,False,False,False,False,6,5,senior,260671,1
2024-06-08,1,1458,25.0,17.9,False,False,False,False,6,5,non_senior,981588,0
2024-06-08,1,1458,25.0,17.9,False,False,False,False,6,5,senior,231360,1
2024-06-09,0,3402,28.8,17.4,False,False,False,False,6,6,non_senior,1247127,0
2024-06-09,0,3402,28.8,17.4,False,False,False,False,6,6,senior,210467,1
2024-06-09,1,1458,28.8,17.4,False,False,False,False,6,6,non_senior,820188,0
2024-06-09,1,1458,28.8,17.4,False,False,False,False,6,6,senior,208900,1
2024-06-10,0,3402,31.1,19.0,False,False,False,False,6,0,non_senior,3065948,0
2024-06-10,0,3402,31.1,19.0,False,False,False,False,6,0,senior,346986,1
2024-06-10,1,1458,31.1,19.0,False,False,False,False,6,0,non_senior,818003,0
2024-06-10,1,1458,31.1,19.0,False,False,False,False,6,0,senior,320015,1
2024-06-11,0,3402,31.6,21.7,False,False,False,False,6,1,non_senior,3194830,0
2024-06-11,0,3402,31.6,21.7,False,False,False,False,6,1,senior,353703,1
2024-06-11,1,1458,31.6,21.7,False,False,False,False,6,1,non_senior,839113,0
2024-06-11,1,1458,31.6,21.7,False,False,False,False,6,1,senior,320041,1
2024-06-12,0,3402,31.8,19.2,False,False,False,False,6,2,non_senior,3195834,0
2024-06-12,0,3402,31.8,19.2,False,False,False,False,6,2,senior,358422,1
2024-06-12,1,1458,31.8,19.2,False,False,False,False,6,2,non_senior,863646,0
2024-06-12,1,1458,31.8,19.2,False,False,False,False,6,2,senior,315778,1
2024-06-13,0,3402,32.8,20.0,True,False,False,False,6,3,non_senior,3241342,0
2024-06-13,0,3402,32.8,20.0,True,False,False,False,6,3,senior,359267,1
2024-06-13,1,1458,32.8,20.0,True,False,False,False,6,3,non_senior,875771,0
2024-06-13,1,1458,32.8,20.0,True,False,False,False,6,3,senior,313068,1
2024-06-14,0,3402,33.0,21.4,True,False,False,False,6,4,non_senior,3265680,0
2024-06-14,0,3402,33.0,21.4,True,False,False,False,6,4,senior,362132,1
2024-06-14,1,1458,33.0,21.4,True,False,False,False,6,4,non_senior,950793,0
2024-06-14,1,1458,33.0,21.4,True,False,False,False,6,4,senior,307797,1
2024-06-15,0,3402,28.2,21.8,False,False,False,False,6,5,non_senior,1766597,0
2024-06-15,0,3402,28.2,21.8,False,False,False,False,6,5,senior,283728,1
2024-06-15,1,1458,28.2,21.8,False,False,False,False,6,5,non_senior,1093742,0
2024-06-15,1,1458,28.2,21.8,False,False,False,False,6,5,senior,265292,1
2024-06-16,0,3402,29.5,19.9,False,False,False,False,6,6,non_senior,1278579,0
2024-06-16,0,3402,29.5,19.9,False,False,False,False,6,6,senior,209746,1
2024-06-16,1,1458,29.5,19.9,False,False,False,False,6,6,non_senior,836984,0
2024-06-16,1,1458,29.5,19.9,False,False,False,False,6,6,senior,200502,1
2024-06-17,0,3402,30.2,18.9,False,False,False,False,6,0,non_senior,3065797,0
2024-06-17,0,3402,30.2,18.9,False,False,False,False,6,0,senior,345813,1
2024-06-17,1,1458,30.2,18.9,False,False,False,False,6,0,non_senior,829095,0
2024-06-17,1,1458,30.2,18.9,False,False,False,False,6,0,senior,312545,1
2024-06-18,0,3402,32.9,20.4,True,False,False,False,6,1,non_senior,3162781,0
2024-06-18,0,3402,32.9,20.4,True,False,False,False,6,1,senior,353708,1
2024-06-18,1,1458,32.9,20.4,True,False,False,False,6,1,non_senior,842697,0
2024-06-18,1,1458,32.9,20.4,True,False,False,False,6,1,senior,310761,1
2024-06-19,0,3402,35.8,21.4,True,False,True,False,6,2,non_senior,3175125,0
2024-06-19,0,3402,35.8,21.4,True,False,True,False,6,2,senior,352673,1
2024-06-19,1,1458,35.8,21.4,True,False,True,False,6,2,non_senior,859920,0
2024-06-19,1,1458,35.8,21.4,True,False,True,False,6,2,senior,300972,1
2024-06-20,0,3402,35.4,23.4,True,False,True,False,6,3,non_senior,3213084,0
2024-06-20,0,3402,35.4,23.4,True,False,True,False,6,3,senior,357331,1
2024-06-20,1,1458,35.4,23.4,True,False,True,False,6,3,non_senior,861734,0
2024-06-20,1,1458,35.4,23.4,True,False,True,False,6,3,senior,302480,1
2024-06-21,0,3402,33.9,22.9,True,False,True,False,6,4,non_senior,3252506,0
2024-06-21,0,3402,33.9,22.9,True,False,True,False,6,4,senior,360331,1
2024-06-21,1,1458,33.9,22.9,True,False,True,False,6,4,non_senior,935828,0
2024-06-21,1,1458,33.9,22.9,True,False,True,False,6,4,senior,300415,1
2024-06-22,0,3402,26.1,22.6,False,False,False,False,6,5,non_senior,1711716,0
2024-06-22,0,3402,26.1,22.6,False,False,False,False,6,5,senior,259532,1
2024-06-22,1,1458,26.1,22.6,False,False,False,False,6,5,non_senior,1073277,0
2024-06-22,1,1458,26.1,22.6,False,False,False,False,6,5,senior,227290,1
2024-06-23,0,3402,30.1,22.5,False,False,False,False,6,6,non_senior,1274077,0
2024-06-23,0,3402,30.1,22.5,False,False,False,False,6,6,senior,198516,1
2024-06-23,1,1458,30.1,22.5,False,False,False,False,6,6,non_senior,822322,0
2024-06-23,1,1458,30.1,22.5,False,False,False,False,6,6,senior,197519,1
2024-06-24,0,3402,27.9,21.2,False,False,False,False,6,0,non_senior,3053458,0
2024-06-24,0,3402,27.9,21.2,False,False,False,False,6,0,senior,341843,1
2024-06-24,1,1458,27.9,21.2,False,False,False,False,6,0,non_senior,809342,0
2024-06-24,1,1458,27.9,21.2,False,False,False,False,6,0,senior,308740,1
2024-06-25,0,3402,27.2,19.1,False,False,False,False,6,1,non_senior,3185385,0
2024-06-25,0,3402,27.2,19.1,False,False,False,False,6,1,senior,358313,1
2024-06-25,1,1458,27.2,19.1,False,False,False,False,6,1,non_senior,829462,0
2024-06-25,1,1458,27.2,19.1,False,False,False,False,6,1,senior,325794,1
2024-06-26,0,3402,31.6,18.9,False,False,False,False,6,2,non_senior,3203041,0
2024-06-26,0,3402,31.6,18.9,False,False,False,False,6,2,senior,358796,1
2024-06-26,1,1458,31.6,18.9,False,False,False,False,6,2,non_senior,861329,0
2024-06-26,1,1458,31.6,18.9,False,False,False,False,6,2,senior,319411,1
2024-06-27,0,3402,31.6,20.6,False,False,False,False,6,3,non_senior,3199524,0
2024-06-27,0,3402,31.6,20.6,False,False,False,False,6,3,senior,358396,1
2024-06-27,1,1458,31.6,20.6,False,False,False,False,6,3,non_senior,861477,0
2024-06-27,1,1458,31.6,20.6,False,False,False,False,6,3,senior,315605,1
2024-06-28,0,3402,32.5,21.3,False,False,False,False,6,4,non_senior,3259100,0
2024-06-28,0,3402,32.5,21.3,False,False,False,False,6,4,senior,364803,1
2024-06-28,1,1458,32.5,21.3,False,False,False,False,6,4,non_senior,947493,0
2024-06-28,1,1458,32.5,21.3,False,False,False,False,6,4,senior,314918,1
2024-06-29,0,3402,32.3,21.6,False,False,False,False,6,5,non_senior,1729714,0
2024-06-29,0,3402,32.3,21.6,False,False,False,False,6,5,senior,268251,1
2024-06-29,1,1458,32.3,21.6,False,False,False,False,6,5,non_senior,1104865,0
2024-06-29,1,1458,32.3,21.6,False,False,False,False,6,5,senior,264601,1
2024-06-30,0,3402,24.9,22.0,False,False,False,False,6,6,non_senior,1149259,0
2024-06-30,0,3402,24.9,22.0,False,False,False,False,6,6,senior,175624,1
2024-06-30,1,1458,24.9,22.0,False,False,False,False,6,6,non_senior,723816,0
2024-06-30,1,1458,24.9,22.0,False,False,False,False,6,6,senior,176254,1
2024-07-01,0,3402,31.3,22.0,False,False,False,False,7,0,non_senior,3040640,0
2024-07-01,0,3402,31.3,22.0,False,False,False,False,7,0,senior,339740,1
2024-07-01,1,1458,31.3,22.0,False,False,False,False,7,0,non_senior,797703,0
2024-07-01,1,1458,31.3,22.0,False,False,False,False,7,0,senior,308373,1
2024-07-02,0,3402,25.2,21.9,False,False,False,False,7,1,non_senior,2998285,0
2024-07-02,0,3402,25.2,21.9,False,False,False,False,7,1,senior,294426,1
2024-07-02,1,1458,25.2,21.9,False,False,False,False,7,1,non_senior,744637,0
2024-07-02,1,1458,25.2,21.9,False,False,False,False,7,1,senior,245726,1
2024-07-03,0,3402,25.9,23.6,False,False,False,False,7,2,non_senior,3145615,0
2024-07-03,0,3402,25.9,23.6,False,False,False,False,7,2,senior,341877,1
2024-07-03,1,1458,25.9,23.6,False,False,False,False,7,2,non_senior,843204,0
2024-07-03,1,1458,25.9,23.6,False,False,False,False,7,2,senior,313745,1
2024-07-04,0,3402,30.6,23.2,False,False,False,False,7,3,non_senior,3168765,0
2024-07-04,0,3402,30.6,23.2,False,False,False,False,7,3,senior,342618,1
2024-07-04,1,1458,30.6,23.2,False,False,False,False,7,3,non_senior,857435,0
2024-07-04,1,1458,30.6,23.2,False,False,False,False,7,3,senior,312069,1
2024-07-05,0,3402,26.1,21.3,False,False,False,False,7,4,non_senior,3214591,0
2024-07-05,0,3402,26.1,21.3,False,False,False,False,7,4,senior,346618,1
2024-07-05,1,1458,26.1,21.3,False,False,False,False,7,4,non_senior,921070,0
2024-07-05,1,1458,26.1,21.3,False,False,False,False,7,4,senior,308777,1
2024-07-06,0,3402,30.0,22.1,False,False,False,False,7,5,non_senior,1638699,0
2024-07-06,0,3402,30.0,22.1,False,False,False,False,7,5,senior,248354,1
2024-07-06,1,1458,30.0,22.1,False,False,False,False,7,5,non_senior,1064458,0
2024-07-06,1,1458,30.0,22.1,False,False,False,False,7,5,senior,251185,1
2024-07-07,0,3402,28.2,21.5,False,False,False,False,7,6,non_senior,1230917,0
2024-07-07,0,3402,28.2,21.5,False,False,False,False,7,6,senior,195046,1
2024-07-07,1,1458,28.2,21.5,False,False,False,False,7,6,non_senior,803864,0
2024-07-07,1,1458,28.2,21.5,False,False,False,False,7,6,senior,203713,1
2024-07-08,0,3402,24.5,23.1,False,False,False,False,7,0,non_senior,2945148,0
2024-07-08,0,3402,24.5,23.1,False,False,False,False,7,0,senior,306010,1
2024-07-08,1,1458,24.5,23.1,False,False,False,False,7,0,non_senior,762210,0
2024-07-08,1,1458,24.5,23.1,False,False,False,False,7,0,senior,277567,1
2024-07-09,0,3402,26.7,22.7,False,False,False,False,7,1,non_senior,3099051,0
2024-07-09,0,3402,26.7,22.7,False,False,False,False,7,1,senior,327285,1
2024-07-09,1,1458,26.7,22.7,False,False,False,False,7,1,non_senior,807585,0
2024-07-09,1,1458,26.7,22.7,False,False,False,False,7,1,senior,312558,1
2024-07-10,0,3402,31.1,22.7,False,False,False,False,7,2,non_senior,3156221,0
2024-07-10,0,3402,31.1,22.7,False,False,False,False,7,2,senior,343695,1
2024-07-10,1,1458,31.1,22.7,False,False,False,False,7,2,non_senior,835671,0
2024-07-10,1,1458,31.1,22.7,False,False,False,False,7,2,senior,309092,1
2024-07-11,0,3402,28.9,23.3,False,False,False,False,7,3,non_senior,3180343,0
2024-07-11,0,3402,28.9,23.3,False,False,False,False,7,3,senior,347874,1
2024-07-11,1,1458,28.9,23.3,False,False,False,False,7,3,non_senior,837722,0
2024-07-11,1,1458,28.9,23.3,False,False,False,False,7,3,senior,312035,1
2024-07-12,0,3402,30.2,21.8,False,False,False,False,7,4,non_senior,3227262,0
2024-07-12,0,3402,30.2,21.8,False,False,False,False,7,4,senior,352212,1
2024-07-12,1,1458,30.2,21.8,False,False,False,False,7,4,non_senior,922624,0
2024-07-12,1,1458,30.2,21.8,False,False,False,False,7,4,senior,310838,1
2024-07-13,0,3402,33.3,23.5,True,False,False,False,7,5,non_senior,1811271,0
2024-07-13,0,3402,33.3,23.5,True,False,False,False,7,5,senior,275912,1
2024-07-13,1,1458,33.3,23.5,True,False,False,False,7,5,non_senior,1116681,0
2024-07-13,1,1458,33.3,23.5,True,False,False,False,7,5,senior,253061,1
2024-07-14,0,3402,32.1,24.9,False,False,False,False,7,6,non_senior,1292671,0
2024-07-14,0,3402,32.1,24.9,False,False,False,False,7,6,senior,199314,1
2024-07-14,1,1458,32.1,24.9,False,False,False,False,7,6,non_senior,832249,0
2024-07-14,1,1458,32.1,24.9,False,False,False,False,7,6,senior,190618,1
2024-07-15,0,3402,31.3,24.5,False,False,False,False,7,0,non_senior,3039603,0
2024-07-15,0,3402,31.3,24.5,False,False,False,False,7,0,senior,339119,1
2024-07-15,1,1458,31.3,24.5,False,False,False,False,7,0,non_senior,803123,0
2024-07-15,1,1458,31.3,24.5,False,False,False,False,7,0,senior,306607,1
2024-07-16,0,3402,30.7,24.6,False,False,False,False,7,1,non_senior,3096345,0
2024-07-16,0,3402,30.7,24.6,False,False,False,False,7,1,senior,321434,1
2024-07-16,1,1458,30.7,24.6,False,False,False,False,7,1,non_senior,811774,0
2024-07-16,1,1458,30.7,24.6,False,False,False,False,7,1,senior,304755,1
2024-07-17,0,3402,28.1,24.1,False,False,False,False,7,2,non_senior,3038641,0
2024-07-17,0,3402,28.1,24.1,False,False,False,False,7,2,senior,296686,1
2024-07-17,1,1458,28.1,24.1,False,False,False,False,7,2,non_senior,784066,0
2024-07-17,1,1458,28.1,24.1,False,False,False,False,7,2,senior,261926,1
2024-07-18,0,3402,25.6,23.1,False,False,False,False,7,3,non_senior,3005550,0
2024-07-18,0,3402,25.6,23.1,False,False,False,False,7,3,senior,284477,1
2024-07-18,1,1458,25.6,23.1,False,False,False,False,7,3,non_senior,767022,0
2024-07-18,1,1458,25.6,23.1,False,False,False,False,7,3,senior,230082,1
2024-07-19,0,3402,30.8,24.2,False,False,False,False,7,4,non_senior,3204902,0
2024-07-19,0,3402,30.8,24.2,False,False,False,False,7,4,senior,353833,1
2024-07-19,1,1458,30.8,24.2,False,False,False,False,7,4,non_senior,941252,0
2024-07-19,1,1458,30.8,24.2,False,False,False,False,7,4,senior,312276,1
2024-07-20,0,3402,30.6,25.1,False,False,False,False,7,5,non_senior,1659604,0
2024-07-20,0,3402,30.6,25.1,False,False,False,False,7,5,senior,253984,1
2024-07-20,1,1458,30.6,25.1,False,False,False,False,7,5,non_senior,1015789,0
2024-07-20,1,1458,30.6,25.1,False,False,False,False,7,5,senior,243451,1
2024-07-21,0,3402,29.8,22.5,False,False,False,False,7,6,non_senior,1213711,0
2024-07-21,0,3402,29.8,22.5,False,False,False,False,7,6,senior,182752,1
2024-07-21,1,1458,29.8,22.5,False,False,False,False,7,6,non_senior,771783,0
2024-07-21,1,1458,29.8,22.5,False,False,False,False,7,6,senior,187348,1
2024-07-22,0,3402,27.9,24.3,False,False,False,False,7,0,non_senior,2942914,0
2024-07-22,0,3402,27.9,24.3,False,False,False,False,7,0,senior,307636,1
2024-07-22,1,1458,27.9,24.3,False,False,False,False,7,0,non_senior,782704,0
2024-07-22,1,1458,27.9,24.3,False,False,False,False,7,0,senior,277416,1
2024-07-23,0,3402,27.3,25.8,False,False,False,False,7,1,non_senior,3038814,0
2024-07-23,0,3402,27.3,25.8,False,False,False,False,7,1,senior,318062,1
2024-07-23,1,1458,27.3,25.8,False,False,False,False,7,1,non_senior,808222,0
2024-07-23,1,1458,27.3,25.8,False,False,False,False,7,1,senior,287249,1
2024-07-24,0,3402,30.9,26.0,False,False,False,False,7,2,non_senior,3096808,0
2024-07-24,0,3402,30.9,26.0,False,False,False,False,7,2,senior,332228,1
2024-07-24,1,1458,30.9,26.0,False,False,False,False,7,2,non_senior,852269,0
2024-07-24,1,1458,30.9,26.0,False,False,False,False,7,2,senior,299010,1
2024-07-25,0,3402,32.2,25.4,False,False,False,False,7,3,non_senior,3121025,0
2024-07-25,0,3402,32.2,25.4,False,False,False,False,7,3,senior,341601,1
2024-07-25,1,1458,32.2,25.4,False,False,False,False,7,3,non_senior,855403,0
2024-07-25,1,1458,32.2,25.4,False,False,False,False,7,3,senior,302148,1
2024-07-26,0,3402,32.7,25.2,False,False,False,False,7,4,non_senior,3062523,0
2024-07-26,0,3402,32.7,25.2,False,False,False,False,7,4,senior,332994,1
2024-07-26,1,1458,32.7,25.2,False,False,False,False,7,4,non_senior,906864,0
2024-07-26,1,1458,32.7,25.2,False,False,False,False,7,4,senior,292429,1
2024-07-27,0,3402,31.7,27.5,False,False,False,False,7,5,non_senior,1596686,0
2024-07-27,0,3402,31.7,27.5,False,False,False,False,7,5,senior,242463,1
2024-07-27,1,1458,31.7,27.5,False,False,False,False,7,5,non_senior,986011,0
2024-07-27,1,1458,31.7,27.5,False,False,False,False,7,5,senior,227210,1
2024-07-28,0,3402,32.2,27.3,False,False,False,False,7,6,non_senior,1213649,0
2024-07-28,0,3402,32.2,27.3,False,False,False,False,7,6,senior,185880,1
2024-07-28,1,1458,32.2,27.3,False,False,False,False,7,6,non_senior,763446,0
2024-07-28,1,1458,32.2,27.3,False,False,False,False,7,6,senior,177645,1
2024-07-29,0,3402,27.8,26.8,False,False,False,False,7,0,non_senior,2841904,0
2024-07-29,0,3402,27.8,26.8,False,False,False,False,7,0,senior,303491,1
2024-07-29,1,1458,27.8,26.8,False,False,False,False,7,0,non_senior,801512,0
2024-07-29,1,1458,27.8,26.8,False,False,False,False,7,0,senior,283156,1
2024-07-30,0,3402,31.9,26.3,False,False,False,False,7,1,non_senior,2972722,0
2024-07-30,0,3402,31.9,26.3,False,False,False,False,7,1,senior,317751,1
2024-07-30,1,1458,31.9,26.3,False,False,False,False,7,1,non_senior,833823,0
2024-07-30,1,1458,31.9,26.3,False,False,False,False,7,1,senior,285664,1
2024-07-31,0,3402,33.3,27.0,True,False,False,False,7,2,non_senior,2995116,0
2024-07-31,0,3402,33.3,27.0,True,False,False,False,7,2,senior,318235,1
2024-07-31,1,1458,33.3,27.0,True,False,False,False,7,2,non_senior,855646,0
2024-07-31,1,1458,33.3,27.0,True,False,False,False,7,2,senior,278148,1
2024-08-01,0,3402,33.2,27.3,True,False,False,False,8,3,non_senior,2910875,0
2024-08-01,0,3402,33.2,27.3,True,False,False,False,8,3,senior,302279,1
2024-08-01,1,1458,33.2,27.3,True,False,False,False,8,3,non_senior,836584,0
2024-08-01,1,1458,33.2,27.3,True,False,False,False,8,3,senior,267421,1
2024-08-02,0,3402,32.5,28.2,False,False,False,False,8,4,non_senior,2883596,0
2024-08-02,0,3402,32.5,28.2,False,False,False,False,8,4,senior,298486,1
2024-08-02,1,1458,32.5,28.2,False,False,False,False,8,4,non_senior,870065,0
2024-08-02,1,1458,32.5,28.2,False,False,False,False,8,4,senior,264490,1
2024-08-03,0,3402,34.2,27.2,True,False,True,False,8,5,non_senior,1561875,0
2024-08-03,0,3402,34.2,27.2,True,False,True,False,8,5,senior,227232,1
2024-08-03,1,1458,34.2,27.2,True,False,True,False,8,5,non_senior,950173,0
2024-08-03,1,1458,34.2,27.2,True,False,True,False,8,5,senior,203577,1
2024-08-04,0,3402,36.2,27.3,True,False,True,False,8,6,non_senior,1127589,0
2024-08-04,0,3402,36.2,27.3,True,False,True,False,8,6,senior,178001,1
2024-08-04,1,1458,36.2,27.3,True,False,True,False,8,6,non_senior,704060,0
2024-08-04,1,1458,36.2,27.3,True,False,True,False,8,6,senior,162940,1
2024-08-05,0,3402,33.7,26.9,True,False,True,False,8,0,non_senior,2771732,0
2024-08-05,0,3402,33.7,26.9,True,False,True,False,8,0,senior,295392,1
2024-08-05,1,1458,33.7,26.9,True,False,True,False,8,0,non_senior,744463,0
2024-08-05,1,1458,33.7,26.9,True,False,True,False,8,0,senior,262818,1
2024-08-06,0,3402,33.5,25.6,True,False,False,False,8,1,non_senior,2905419,0
2024-08-06,0,3402,33.5,25.6,True,False,False,False,8,1,senior,303585,1
2024-08-06,1,1458,33.5,25.6,True,False,False,False,8,1,non_senior,763935,0
2024-08-06,1,1458,33.5,25.6,True,False,False,False,8,1,senior,266640,1
2024-08-07,0,3402,33.4,27.2,True,False,False,False,8,2,non_senior,2939827,0
2024-08-07,0,3402,33.4,27.2,True,False,False,False,8,2,senior,311795,1
2024-08-07,1,1458,33.4,27.2,True,False,False,False,8,2,non_senior,777077,0
2024-08-07,1,1458,33.4,27.2,True,False,False,False,8,2,senior,262253,1
2024-08-08,0,3402,31.6,26.9,False,False,False,False,8,3,non_senior,2963407,0
2024-08-08,0,3402,31.6,26.9,False,False,False,False,8,3,senior,310910,1
2024-08-08,1,1458,31.6,26.9,False,False,False,False,8,3,non_senior,800320,0
2024-08-08,1,1458,31.6,26.9,False,False,False,False,8,3,senior,273555,1
2024-08-09,0,3402,33.6,25.6,True,False,False,False,8,4,non_senior,2997433,0
2024-08-09,0,3402,33.6,25.6,True,False,False,False,8,4,senior,318072,1
2024-08-09,1,1458,33.6,25.6,True,False,False,False,8,4,non_senior,860055,0
2024-08-09,1,1458,33.6,25.6,True,False,False,False,8,4,senior,270021,1
2024-08-10,0,3402,33.6,26.4,True,False,False,False,8,5,non_senior,1621682,0
2024-08-10,0,3402,33.6,26.4,True,False,False,False,8,5,senior,244192,1
2024-08-10,1,1458,33.6,26.4,True,False,False,False,8,5,non_senior,985623,0
2024-08-10,1,1458,33.6,26.4,True,False,False,False,8,5,senior,221910,1
2024-08-11,0,3402,34.4,27.8,True,False,True,False,8,6,non_senior,1182335,0
2024-08-11,0,3402,34.4,27.8,True,False,True,False,8,6,senior,178933,1
2024-08-11,1,1458,34.4,27.8,True,False,True,False,8,6,non_senior,742463,0
2024-08-11,1,1458,34.4,27.8,True,False,True,False,8,6,senior,169626,1
2024-08-12,0,3402,34.1,28.2,True,False,True,False,8,0,non_senior,2899651,0
2024-08-12,0,3402,34.1,28.2,True,False,True,False,8,0,senior,315015,1
2024-08-12,1,1458,34.1,28.2,True,False,True,False,8,0,non_senior,787547,0
2024-08-12,1,1458,34.1,28.2,True,False,True,False,8,0,senior,275321,1
2024-08-13,0,3402,36.4,28.1,True,False,True,False,8,1,non_senior,3004317,0
2024-08-13,0,3402,36.4,28.1,True,False,True,False,8,1,senior,319425,1
2024-08-13,1,1458,36.4,28.1,True,False,True,False,8,1,non_senior,811256,0
2024-08-13,1,1458,36.4,28.1,True,False,True,False,8,1,senior,274240,1
2024-08-14,0,3402,34.9,27.3,True,False,True,False,8,2,non_senior,3068771,0
2024-08-14,0,3402,34.9,27.3,True,False,True,False,8,2,senior,325351,1
2024-08-14,1,1458,34.9,27.3,True,False,True,False,8,2,non_senior,846964,0
2024-08-14,1,1458,34.9,27.3,True,False,True,False,8,2,senior,271515,1
2024-08-15,0,3402,34.6,26.7,True,False,True,False,8,3,non_senior,1335063,0
2024-08-15,0,3402,34.6,26.7,True,False,True,False,8,3,senior,216365,1
2024-08-15,1,1458,34.6,26.7,True,False,True,False,8,3,non_senior,782041,0
2024-08-15,1,1458,34.6,26.7,True,False,True,False,8,3,senior,199854,1
2024-08-16,0,3402,34.3,26.8,True,False,True,False,8,4,non_senior,2634462,0
2024-08-16,0,3402,34.3,26.8,True,False,True,False,8,4,senior,312468,1
2024-08-16,1,1458,34.3,26.8,True,False,True,False,8,4,non_senior,865818,0
2024-08-16,1,1458,34.3,26.8,True,False,True,False,8,4,senior,270941,1
2024-08-17,0,3402,34.0,27.2,True,False,True,False,8,5,non_senior,1532903,0
2024-08-17,0,3402,34.0,27.2,True,False,True,False,8,5,senior,236049,1
2024-08-17,1,1458,34.0,27.2,True,False,True,False,8,5,non_senior,932970,0
2024-08-17,1,1458,34.0,27.2,True,False,True,False,8,5,senior,214168,1
2024-08-18,0,3402,33.9,27.0,True,False,True,False,8,6,non_senior,1147943,0
2024-08-18,0,3402,33.9,27.0,True,False,True,False,8,6,senior,187636,1
2024-08-18,1,1458,33.9,27.0,True,False,True,False,8,6,non_senior,710526,0
2024-08-18,1,1458,33.9,27.0,True,False,True,False,8,6,senior,176308,1
2024-08-19,0,3402,35.3,26.3,True,False,True,False,8,0,non_senior,2881686,0
2024-08-19,0,3402,35.3,26.3,True,False,True,False,8,0,senior,321984,1
2024-08-19,1,1458,35.3,26.3,True,False,True,False,8,0,non_senior,747625,0
2024-08-19,1,1458,35.3,26.3,True,False,True,False,8,0,senior,279554,1
2024-08-20,0,3402,35.4,27.0,True,False,True,False,8,1,non_senior,2998745,0
2024-08-20,0,3402,35.4,27.0,True,False,True,False,8,1,senior,326735,1
2024-08-20,1,1458,35.4,27.0,True,False,True,False,8,1,non_senior,759912,0
2024-08-20,1,1458,35.4,27.0,True,False,True,False,8,1,senior,282868,1
2024-08-21,0,3402,30.8,26.9,False,False,False,False,8,2,non_senior,2952587,0
2024-08-21,0,3402,30.8,26.9,False,False,False,False,8,2,senior,305908,1
2024-08-21,1,1458,30.8,26.9,False,False,False,False,8,2,non_senior,745971,0
2024-08-21,1,1458,30.8,26.9,False,False,False,False,8,2,senior,264433,1
2024-08-22,0,3402,30.3,27.1,False,False,False,False,8,3,non_senior,3018068,0
2024-08-22,0,3402,30.3,27.1,False,False,False,False,8,3,senior,322561,1
2024-08-22,1,1458,30.3,27.1,False,False,False,False,8,3,non_senior,784402,0
2024-08-22,1,1458,30.3,27.1,False,False,False,False,8,3,senior,278530,1
2024-08-23,0,3402,31.8,26.4,False,False,False,False,8,4,non_senior,3131246,0
2024-08-23,0,3402,31.8,26.4,False,False,False,False,8,4,senior,339919,1
2024-08-23,1,1458,31.8,26.4,False,False,False,False,8,4,non_senior,885646,0
2024-08-23,1,1458,31.8,26.4,False,False,False,False,8,4,senior,296209,1
2024-08-24,0,3402,30.9,25.1,False,False,False,False,8,5,non_senior,1694342,0
2024-08-24,0,3402,30.9,25.1,False,False,False,False,8,5,senior,254955,1
2024-08-24,1,1458,30.9,25.1,False,False,False,False,8,5,non_senior,1056811,0
2024-08-24,1,1458,30.9,25.1,False,False,False,False,8,5,senior,241054,1
2024-08-25,0,3402,32.7,24.9,False,False,False,False,8,6,non_senior,1226180,0
2024-08-25,0,3402,32.7,24.9,False,False,False,False,8,6,senior,188705,1
2024-08-25,1,1458,32.7,24.9,False,False,False,False,8,6,non_senior,787941,0
2024-08-25,1,1458,32.7,24.9,False,False,False,False,8,6,senior,182635,1
2024-08-26,0,3402,30.6,25.6,False,False,False,False,8,0,non_senior,2949890,0
2024-08-26,0,3402,30.6,25.6,False,False,False,False,8,0,senior,326603,1
2024-08-26,1,1458,30.6,25.6,False,False,False,False,8,0,non_senior,774176,0
2024-08-26,1,1458,30.6,25.6,False,False,False,False,8,0,senior,301214,1
2024-08-27,0,3402,30.3,24.6,False,False,False,False,8,1,non_senior,3070509,0
2024-08-27,0,3402,30.3,24.6,False,False,False,False,8,1,senior,335593,1
2024-08-27,1,1458,30.3,24.6,False,False,False,False,8,1,non_senior,785346,0
2024-08-27,1,1458,30.3,24.6,False,False,False,False,8,1,senior,305794,1
2024-08-28,0,3402,33.2,23.0,True,False,False,False,8,2,non_senior,3099269,0
2024-08-28,0,3402,33.2,23.0,True,False,False,False,8,2,senior,344626,1
2024-08-28,1,1458,33.2,23.0,True,False,False,False,8,2,non_senior,823540,0
2024-08-28,1,1458,33.2,23.0,True,False,False,False,8,2,senior,302072,1
2024-08-29,0,3402,33.5,23.4,True,False,False,False,8,3,non_senior,3107513,0
2024-08-29,0,3402,33.5,23.4,True,False,False,False,8,3,senior,340014,1
2024-08-29,1,1458,33.5,23.4,True,False,False,False,8,3,non_senior,817785,0
2024-08-29,1,1458,33.5,23.4,True,False,False,False,8,3,senior,297855,1
2024-08-30,0,3402,32.9,23.7,True,False,False,False,8,4,non_senior,3160523,0
2024-08-30,0,3402,32.9,23.7,True,False,False,False,8,4,senior,346024,1
2024-08-30,1,1458,32.9,23.7,True,False,False,False,8,4,non_senior,890093,0
2024-08-30,1,1458,32.9,23.7,True,False,False,False,8,4,senior,300174,1
2024-08-31,0,3402,33.0,22.6,True,False,False,False,8,5,non_senior,1742293,0
2024-08-31,0,3402,33.0,22.6,True,False,False,False,8,5,senior,261699,1
2024-08-31,1,1458,33.0,22.6,True,False,False,False,8,5,non_senior,1074743,0
2024-08-31,1,1458,33.0,22.6,True,False,False,False,8,5,senior,246166,1
2024-09-01,0,3402,31.6,24.6,False,False,False,False,9,6,non_senior,1246265,0
2024-09-01,0,3402,31.6,24.6,False,False,False,False,9,6,senior,197047,1
2024-09-01,1,1458,31.6,24.6,False,False,False,False,9,6,non_senior,801067,0
2024-09-01,1,1458,31.6,24.6,False,False,False,False,9,6,senior,191632,1
2024-09-02,0,3402,26.9,22.2,False,False,False,False,9,0,non_senior,3057105,0
2024-09-02,0,3402,26.9,22.2,False,False,False,False,9,0,senior,332976,1
2024-09-02,1,1458,26.9,22.2,False,False,False,False,9,0,non_senior,789166,0
2024-09-02,1,1458,26.9,22.2,False,False,False,False,9,0,senior,308658,1
2024-09-03,0,3402,32.0,23.2,False,False,False,False,9,1,non_senior,3169402,0
2024-09-03,0,3402,32.0,23.2,False,False,False,False,9,1,senior,349432,1
2024-09-03,1,1458,32.0,23.2,False,False,False,False,9,1,non_senior,820161,0
2024-09-03,1,1458,32.0,23.2,False,False,False,False,9,1,senior,319574,1
2024-09-04,0,3402,33.3,23.2,True,False,False,False,9,2,non_senior,3205338,0
2024-09-04,0,3402,33.3,23.2,True,False,False,False,9,2,senior,351947,1
2024-09-04,1,1458,33.3,23.2,True,False,False,False,9,2,non_senior,844453,0
2024-09-04,1,1458,33.3,23.2,True,False,False,False,9,2,senior,314330,1
2024-09-05,0,3402,28.8,25.6,False,False,False,False,9,3,non_senior,3203260,0
2024-09-05,0,3402,28.8,25.6,False,False,False,False,9,3,senior,337834,1
2024-09-05,1,1458,28.8,25.6,False,False,False,False,9,3,non_senior,853427,0
2024-09-05,1,1458,28.8,25.6,False,False,False,False,9,3,senior,304818,1
2024-09-06,0,3402,25.7,23.3,False,False,False,False,9,4,non_senior,3260564,0
2024-09-06,0,3402,25.7,23.3,False,False,False,False,9,4,senior,348191,1
2024-09-06,1,1458,25.7,23.3,False,False,False,False,9,4,non_senior,924097,0
2024-09-06,1,1458,25.7,23.3,False,False,False,False,9,4,senior,310155,1
2024-09-07,0,3402,31.3,22.8,False,False,False,False,9,5,non_senior,1862501,0
2024-09-07,0,3402,31.3,22.8,False,False,False,False,9,5,senior,278977,1
2024-09-07,1,1458,31.3,22.8,False,False,False,False,9,5,non_senior,1155854,0
2024-09-07,1,1458,31.3,22.8,False,False,False,False,9,5,senior,264983,1
2024-09-08,0,3402,32.8,22.6,True,False,False,False,9,6,non_senior,1295258,0
2024-09-08,0,3402,32.8,22.6,True,False,False,False,9,6,senior,200599,1
2024-09-08,1,1458,32.8,22.6,True,False,False,False,9,6,non_senior,834289,0
2024-09-08,1,1458,32.8,22.6,True,False,False,False,9,6,senior,196567,1
2024-09-09,0,3402,34.1,24.1,True,False,True,False,9,0,non_senior,3105675,0
2024-09-09,0,3402,34.1,24.1,True,False,True,False,9,0,senior,342137,1
2024-09-09,1,1458,34.1,24.1,True,False,True,False,9,0,non_senior,811952,0
2024-09-09,1,1458,34.1,24.1,True,False,True,False,9,0,senior,317797,1
2024-09-10,0,3402,33.9,25.6,True,False,True,False,9,1,non_senior,3227448,0
2024-09-10,0,3402,33.9,25.6,True,False,True,False,9,1,senior,351605,1
2024-09-10,1,1458,33.9,25.6,True,False,True,False,9,1,non_senior,828254,0
2024-09-10,1,1458,33.9,25.6,True,False,True,False,9,1,senior,317360,1
2024-09-11,0,3402,34.6,25.4,True,False,True,False,9,2,non_senior,3187332,0
2024-09-11,0,3402,34.6,25.4,True,False,True,False,9,2,senior,343361,1
2024-09-11,1,1458,34.6,25.4,True,False,True,False,9,2,non_senior,849654,0
2024-09-11,1,1458,34.6,25.4,True,False,True,False,9,2,senior,305701,1
2024-09-12,0,3402,27.1,24.8,False,False,False,False,9,3,non_senior,3152258,0
2024-09-12,0,3402,27.1,24.8,False,False,False,False,9,3,senior,323716,1
2024-09-12,1,1458,27.1,24.8,False,False,False,False,9,3,non_senior,828094,0
2024-09-12,1,1458,27.1,24.8,False,False,False,False,9,3,senior,295623,1
2024-09-13,0,3402,28.0,24.2,False,False,False,False,9,4,non_senior,2922463,0
2024-09-13,0,3402,28.0,24.2,False,False,False,False,9,4,senior,320270,1
2024-09-13,1,1458,28.0,24.2,False,False,False,False,9,4,non_senior,1116551,0
2024-09-13,1,1458,28.0,24.2,False,False,False,False,9,4,senior,313742,1
2024-09-14,0,3402,32.2,25.2,False,False,False,False,9,5,non_senior,1446254,0
2024-09-14,0,3402,32.2,25.2,False,False,False,False,9,5,senior,228752,1
2024-09-14,1,1458,32.2,25.2,False,False,False,False,9,5,non_senior,921381,0
2024-09-14,1,1458,32.2,25.2,False,False,False,False,9,5,senior,229211,1
2024-09-15,0,3402,32.4,24.2,False,False,False,False,9,6,non_senior,1121969,0
2024-09-15,0,3402,32.4,24.2,False,False,False,False,9,6,senior,173781,1
2024-09-15,1,1458,32.4,24.2,False,False,False,False,9,6,non_senior,705734,0
2024-09-15,1,1458,32.4,24.2,False,False,False,False,9,6,senior,170876,1
2024-09-16,0,3402,32.2,21.3,False,False,False,False,9,0,non_senior,919525,0
2024-09-16,0,3402,32.2,21.3,False,False,False,False,9,0,senior,124943,1
2024-09-16,1,1458,32.2,21.3,False,False,False,False,9,0,non_senior,590234,0
2024-09-16,1,1458,32.2,21.3,False,False,False,False,9,0,senior,122590,1
2024-09-17,0,3402,33.2,25.8,True,False,False,False,9,1,non_senior,838285,0
2024-09-17,0,3402,33.2,25.8,True,False,False,False,9,1,senior,101200,1
2024-09-17,1,1458,33.2,25.8,True,False,False,False,9,1,non_senior,519401,0
2024-09-17,1,1458,33.2,25.8,True,False,False,False,9,1,senior,86036,1
2024-09-18,0,3402,33.6,26.5,True,False,False,False,9,2,non_senior,1023487,0
2024-09-18,0,3402,33.6,26.5,True,False,False,False,9,2,senior,153136,1
2024-09-18,1,1458,33.6,26.5,True,False,False,False,9,2,non_senior,625128,0
2024-09-18,1,1458,33.6,26.5,True,False,False,False,9,2,senior,142446,1
2024-09-19,0,3402,32.6,25.6,False,False,False,False,9,3,non_senior,2873671,0
2024-09-19,0,3402,32.6,25.6,False,False,False,False,9,3,senior,313620,1
2024-09-19,1,1458,32.6,25.6,False,False,False,False,9,3,non_senior,761048,0
2024-09-19,1,1458,32.6,25.6,False,False,False,False,9,3,senior,282279,1
2024-09-20,0,3402,28.6,17.9,False,False,False,False,9,4,non_senior,3010914,0
2024-09-20,0,3402,28.6,17.9,False,False,False,False,9,4,senior,305949,1
2024-09-20,1,1458,28.6,17.9,False,False,False,False,9,4,non_senior,837136,0
2024-09-20,1,1458,28.6,17.9,False,False,False,False,9,4,senior,282140,1
2024-09-21,0,3402,21.9,17.1,False,False,False,False,9,5,non_senior,1703142,0
2024-09-21,0,3402,21.9,17.1,False,False,False,False,9,5,senior,247351,1
2024-09-21,1,1458,21.9,17.1,False,False,False,False,9,5,non_senior,1024085,0
2024-09-21,1,1458,21.9,17.1,False,False,False,False,9,5,senior,239843,1
2024-09-22,0,3402,26.7,16.9,False,False,False,False,9,6,non_senior,1315613,0
2024-09-22,0,3402,26.7,16.9,False,False,False,False,9,6,senior,202905,1
2024-09-22,1,1458,26.7,16.9,False,False,False,False,9,6,non_senior,848342,0
2024-09-22,1,1458,26.7,16.9,False,False,False,False,9,6,senior,207751,1
2024-09-23,0,3402,26.1,16.6,False,False,False,False,9,0,non_senior,3158595,0
2024-09-23,0,3402,26.1,16.6,False,False,False,False,9,0,senior,349462,1
2024-09-23,1,1458,26.1,16.6,False,False,False,False,9,0,non_senior,826079,0
2024-09-23,1,1458,26.1,16.6,False,False,False,False,9,0,senior,327272,1
2024-09-24,0,3402,26.9,15.6,False,False,False,False,9,1,non_senior,3241782,0
2024-09-24,0,3402,26.9,15.6,False,False,False,False,9,1,senior,358091,1
2024-09-24,1,1458,26.9,15.6,False,False,False,False,9,1,non_senior,845404,0
2024-09-24,1,1458,26.9,15.6,False,False,False,False,9,1,senior,332680,1
2024-09-25,0,3402,27.3,18.6,False,False,False,False,9,2,non_senior,3235687,0
2024-09-25,0,3402,27.3,18.6,False,False,False,False,9,2,senior,361697,1
2024-09-25,1,1458,27.3,18.6,False,False,False,False,9,2,non_senior,872147,0
2024-09-25,1,1458,27.3,18.6,False,False,False,False,9,2,senior,334542,1
2024-09-26,0,3402,28.0,21.1,False,False,False,False,9,3,non_senior,3240850,0
2024-09-26,0,3402,28.0,21.1,False,False,False,False,9,3,senior,359798,1
2024-09-26,1,1458,28.0,21.1,False,False,False,False,9,3,non_senior,870488,0
2024-09-26,1,1458,28.0,21.1,False,False,False,False,9,3,senior,326810,1
2024-09-27,0,3402,28.0,19.1,False,False,False,False,9,4,non_senior,3310500,0
2024-09-27,0,3402,28.0,19.1,False,False,False,False,9,4,senior,370802,1
2024-09-27,1,1458,28.0,19.1,False,False,False,False,9,4,non_senior,985417,0
2024-09-27,1,1458,28.0,19.1,False,False,False,False,9,4,senior,330897,1
2024-09-28,0,3402,27.9,19.2,False,False,False,False,9,5,non_senior,1935181,0
2024-09-28,0,3402,27.9,19.2,False,False,False,False,9,5,senior,302754,1
2024-09-28,1,1458,27.9,19.2,False,False,False,False,9,5,non_senior,1199386,0
2024-09-28,1,1458,27.9,19.2,False,False,False,False,9,5,senior,285831,1
2024-09-29,0,3402,29.0,19.1,False,False,False,False,9,6,non_senior,1332108,0
2024-09-29,0,3402,29.0,19.1,False,False,False,False,9,6,senior,212050,1
2024-09-29,1,1458,29.0,19.1,False,False,False,False,9,6,non_senior,876084,0
2024-09-29,1,1458,29.0,19.1,False,False,False,False,9,6,senior,213884,1
2024-09-30,0,3402,28.5,18.3,False,False,False,False,9,0,non_senior,3153787,0
2024-09-30,0,3402,28.5,18.3,False,False,False,False,9,0,senior,349413,1
2024-09-30,1,1458,28.5,18.3,False,False,False,False,9,0,non_senior,855183,0
2024-09-30,1,1458,28.5,18.3,False,False,False,False,9,0,senior,327662,1
2024-10-01,0,3402,21.7,13.3,False,False,False,False,10,1,non_senior,1591114,0
2024-10-01,0,3402,21.7,13.3,False,False,False,False,10,1,senior,263479,1
2024-10-01,1,1458,21.7,13.3,False,False,False,False,10,1,non_senior,878878,0
2024-10-01,1,1458,21.7,13.3,False,False,False,False,10,1,senior,249120,1
2024-10-02,0,3402,19.9,11.6,False,False,False,False,10,2,non_senior,3227747,0
2024-10-02,0,3402,19.9,11.6,False,False,False,False,10,2,senior,352929,1
2024-10-02,1,1458,19.9,11.6,False,False,False,False,10,2,non_senior,894287,0
2024-10-02,1,1458,19.9,11.6,False,False,False,False,10,2,senior,324796,1
2024-10-03,0,3402,22.5,10.8,False,False,False,False,10,3,non_senior,1542721,0
2024-10-03,0,3402,22.5,10.8,False,False,False,False,10,3,senior,254118,1
2024-10-03,1,1458,22.5,10.8,False,False,False,False,10,3,non_senior,930551,0
2024-10-03,1,1458,22.5,10.8,False,False,False,False,10,3,senior,255444,1
2024-10-04,0,3402,24.2,11.9,False,False,False,False,10,4,non_senior,2987230,0
2024-10-04,0,3402,24.2,11.9,False,False,False,False,10,4,senior,350216,1
2024-10-04,1,1458,24.2,11.9,False,False,False,False,10,4,non_senior,993405,0
2024-10-04,1,1458,24.2,11.9,False,False,False,False,10,4,senior,325751,1
2024-10-05,0,3402,24.4,11.6,False,False,False,False,10,5,non_senior,1980800,0
2024-10-05,0,3402,24.4,11.6,False,False,False,False,10,5,senior,288245,1
2024-10-05,1,1458,24.4,11.6,False,False,False,False,10,5,non_senior,1182160,0
2024-10-05,1,1458,24.4,11.6,False,False,False,False,10,5,senior,273396,1
2024-10-06,0,3402,17.9,12.3,False,False,False,False,10,6,non_senior,1250121,0
2024-10-06,0,3402,17.9,12.3,False,False,False,False,10,6,senior,196303,1
2024-10-06,1,1458,17.9,12.3,False,False,False,False,10,6,non_senior,847646,0
2024-10-06,1,1458,17.9,12.3,False,False,False,False,10,6,senior,210245,1
2024-10-07,0,3402,20.7,14.0,False,False,False,False,10,0,non_senior,3089431,0
2024-10-07,0,3402,20.7,14.0,False,False,False,False,10,0,senior,345165,1
2024-10-07,1,1458,20.7,14.0,False,False,False,False,10,0,non_senior,829393,0
2024-10-07,1,1458,20.7,14.0,False,False,False,False,10,0,senior,331837,1
2024-10-08,0,3402,23.9,12.7,False,False,False,False,10,1,non_senior,3275994,0
2024-10-08,0,3402,23.9,12.7,False,False,False,False,10,1,senior,359863,1
2024-10-08,1,1458,23.9,12.7,False,False,False,False,10,1,non_senior,878221,0
2024-10-08,1,1458,23.9,12.7,False,False,False,False,10,1,senior,337736,1
2024-10-09,0,3402,24.4,13.9,False,False,False,False,10,2,non_senior,1478649,0
2024-10-09,0,3402,24.4,13.9,False,False,False,False,10,2,senior,266060,1
2024-10-09,1,1458,24.4,13.9,False,False,False,False,10,2,non_senior,890506,0
2024-10-09,1,1458,24.4,13.9,False,False,False,False,10,2,senior,264265,1
2024-10-10,0,3402,24.1,15.3,False,False,False,False,10,3,non_senior,3180366,0
2024-10-10,0,3402,24.1,15.3,False,False,False,False,10,3,senior,358086,1
2024-10-10,1,1458,24.1,15.3,False,False,False,False,10,3,non_senior,868560,0
2024-10-10,1,1458,24.1,15.3,False,False,False,False,10,3,senior,331631,1
2024-10-11,0,3402,24.4,13.9,False,False,False,False,10,4,non_senior,3299353,0
2024-10-11,0,3402,24.4,13.9,False,False,False,False,10,4,senior,363490,1
2024-10-11,1,1458,24.4,13.9,False,False,False,False,10,4,non_senior,971963,0
2024-10-11,1,1458,24.4,13.9,False,False,False,False,10,4,senior,329296,1
2024-10-12,0,3402,24.7,13.4,False,False,False,False,10,5,non_senior,1898282,0
2024-10-12,0,3402,24.7,13.4,False,False,False,False,10,5,senior,294911,1
2024-10-12,1,1458,24.7,13.4,False,False,False,False,10,5,non_senior,1170770,0
2024-10-12,1,1458,24.7,13.4,False,False,False,False,10,5,senior,279300,1
2024-10-13,0,3402,22.6,12.6,False,False,False,False,10,6,non_senior,1342146,0
2024-10-13,0,3402,22.6,12.6,False,False,False,False,10,6,senior,214776,1
2024-10-13,1,1458,22.6,12.6,False,False,False,False,10,6,non_senior,895083,0
2024-10-13,1,1458,22.6,12.6,False,False,False,False,10,6,senior,219424,1
2024-10-14,0,3402,21.5,17.6,False,False,False,False,10,0,non_senior,3085188,0
2024-10-14,0,3402,21.5,17.6,False,False,False,False,10,0,senior,338885,1
2024-10-14,1,1458,21.5,17.6,False,False,False,False,10,0,non_senior,843700,0
2024-10-14,1,1458,21.5,17.6,False,False,False,False,10,0,senior,321632,1
2024-10-15,0,3402,21.9,17.6,False,False,False,False,10,1,non_senior,3168422,0
2024-10-15,0,3402,21.9,17.6,False,False,False,False,10,1,senior,344076,1
2024-10-15,1,1458,21.9,17.6,False,False,False,False,10,1,non_senior,841691,0
2024-10-15,1,1458,21.9,17.6,False,False,False,False,10,1,senior,324055,1
2024-10-16,0,3402,24.2,14.4,False,False,False,False,10,2,non_senior,3185447,0
2024-10-16,0,3402,24.2,14.4,False,False,False,False,10,2,senior,356835,1
2024-10-16,1,1458,24.2,14.4,False,False,False,False,10,2,non_senior,878273,0
2024-10-16,1,1458,24.2,14.4,False,False,False,False,10,2,senior,326997,1
2024-10-17,0,3402,25.7,13.8,False,False,False,False,10,3,non_senior,3218504,0
2024-10-17,0,3402,25.7,13.8,False,False,False,False,10,3,senior,361265,1
2024-10-17,1,1458,25.7,13.8,False,False,False,False,10,3,non_senior,874436,0
2024-10-17,1,1458,25.7,13.8,False,False,False,False,10,3,senior,325795,1
2024-10-18,0,3402,18.8,16.2,False,False,False,False,10,4,non_senior,3117492,0
2024-10-18,0,3402,18.8,16.2,False,False,False,False,10,4,senior,327375,1
2024-10-18,1,1458,18.8,16.2,False,False,False,False,10,4,non_senior,952953,0
2024-10-18,1,1458,18.8,16.2,False,False,False,False,10,4,senior,289509,1
2024-10-19,0,3402,21.1,12.4,False,False,False,False,10,5,non_senior,1858635,0
2024-10-19,0,3402,21.1,12.4,False,False,False,False,10,5,senior,290322,1
2024-10-19,1,1458,21.1,12.4,False,False,False,False,10,5,non_senior,1152868,0
2024-10-19,1,1458,21.1,12.4,False,False,False,False,10,5,senior,280378,1
2024-10-20,0,3402,17.8,10.5,False,False,False,False,10,6,non_senior,1366287,0
2024-10-20,0,3402,17.8,10.5,False,False,False,False,10,6,senior,221377,1
2024-10-20,1,1458,17.8,10.5,False,False,False,False,10,6,non_senior,898950,0
2024-10-20,1,1458,17.8,10.5,False,False,False,False,10,6,senior,225095,1
2024-10-21,0,3402,19.3,9.7,False,False,False,False,10,0,non_senior,3067143,0
2024-10-21,0,3402,19.3,9.7,False,False,False,False,10,0,senior,346108,1
2024-10-21,1,1458,19.3,9.7,False,False,False,False,10,0,non_senior,835405,0
2024-10-21,1,1458,19.3,9.7,False,False,False,False,10,0,senior,328972,1
2024-10-22,0,3402,16.6,14.9,False,False,False,False,10,1,non_senior,3124090,0
2024-10-22,0,3402,16.6,14.9,False,False,False,False,10,1,senior,317988,1
2024-10-22,1,1458,16.6,14.9,False,False,False,False,10,1,non_senior,827993,0
2024-10-22,1,1458,16.6,14.9,False,False,False,False,10,1,senior,293406,1
2024-10-23,0,3402,15.5,9.4,False,False,False,False,10,2,non_senior,3186252,0
2024-10-23,0,3402,15.5,9.4,False,False,False,False,10,2,senior,352941,1
2024-10-23,1,1458,15.5,9.4,False,False,False,False,10,2,non_senior,884312,0
2024-10-23,1,1458,15.5,9.4,False,False,False,False,10,2,senior,326542,1
2024-10-24,0,3402,18.4,7.1,False,False,False,False,10,3,non_senior,3214375,0
2024-10-24,0,3402,18.4,7.1,False,False,False,False,10,3,senior,358197,1
2024-10-24,1,1458,18.4,7.1,False,False,False,False,10,3,non_senior,889743,0
2024-10-24,1,1458,18.4,7.1,False,False,False,False,10,3,senior,328216,1
2024-10-25,0,3402,21.5,8.7,False,False,False,False,10,4,non_senior,3276429,0
2024-10-25,0,3402,21.5,8.7,False,False,False,False,10,4,senior,367617,1
2024-10-25,1,1458,21.5,8.7,False,False,False,False,10,4,non_senior,990434,0
2024-10-25,1,1458,21.5,8.7,False,False,False,False,10,4,senior,338455,1
2024-10-26,0,3402,24.0,10.7,False,False,False,False,10,5,non_senior,1965149,0
2024-10-26,0,3402,24.0,10.7,False,False,False,False,10,5,senior,302361,1
2024-10-26,1,1458,24.0,10.7,False,False,False,False,10,5,non_senior,1195756,0
2024-10-26,1,1458,24.0,10.7,False,False,False,False,10,5,senior,283569,1
2024-10-27,0,3402,18.8,14.0,False,False,False,False,10,6,non_senior,1430690,0
2024-10-27,0,3402,18.8,14.0,False,False,False,False,10,6,senior,232695,1
2024-10-27,1,1458,18.8,14.0,False,False,False,False,10,6,non_senior,965867,0
2024-10-27,1,1458,18.8,14.0,False,False,False,False,10,6,senior,243513,1
2024-10-28,0,3402,20.4,12.3,False,False,False,False,10,0,non_senior,3094341,0
2024-10-28,0,3402,20.4,12.3,False,False,False,False,10,0,senior,342761,1
2024-10-28,1,1458,20.4,12.3,False,False,False,False,10,0,non_senior,840776,0
2024-10-28,1,1458,20.4,12.3,False,False,False,False,10,0,senior,333110,1
2024-10-29,0,3402,18.3,13.4,False,False,False,False,10,1,non_senior,3193699,0
2024-10-29,0,3402,18.3,13.4,False,False,False,False,10,1,senior,352285,1
2024-10-29,1,1458,18.3,13.4,False,False,False,False,10,1,non_senior,852688,0
2024-10-29,1,1458,18.3,13.4,False,False,False,False,10,1,senior,335055,1
2024-10-30,0,3402,21.4,11.4,False,False,False,False,10,2,non_senior,3223821,0
2024-10-30,0,3402,21.4,11.4,False,False,False,False,10,2,senior,358722,1
2024-10-30,1,1458,21.4,11.4,False,False,False,False,10,2,non_senior,885614,0
2024-10-30,1,1458,21.4,11.4,False,False,False,False,10,2,senior,335228,1
2024-10-31,0,3402,22.6,11.0,False,False,False,False,10,3,non_senior,3260892,0
2024-10-31,0,3402,22.6,11.0,False,False,False,False,10,3,senior,354968,1
2024-10-31,1,1458,22.6,11.0,False,False,False,False,10,3,non_senior,881807,0
2024-10-31,1,1458,22.6,11.0,False,False,False,False,10,3,senior,326404,1
2024-11-01,0,3402,18.7,12.9,False,False,False,False,11,4,non_senior,3270063,0
2024-11-01,0,3402,18.7,12.9,False,False,False,False,11,4,senior,354649,1
2024-11-01,1,1458,18.7,12.9,False,False,False,False,11,4,non_senior,960111,0
2024-11-01,1,1458,18.7,12.9,False,False,False,False,11,4,senior,322274,1
2024-11-02,0,3402,25.1,13.0,False,False,False,False,11,5,non_senior,1979739,0
2024-11-02,0,3402,25.1,13.0,False,False,False,False,11,5,senior,296533,1
2024-11-02,1,1458,25.1,13.0,False,False,False,False,11,5,non_senior,1230807,0
2024-11-02,1,1458,25.1,13.0,False,False,False,False,11,5,senior,284114,1
2024-11-03,0,3402,23.5,13.0,False,False,False,False,11,6,non_senior,1414835,0
2024-11-03,0,3402,23.5,13.0,False,False,False,False,11,6,senior,221284,1
2024-11-03,1,1458,23.5,13.0,False,False,False,False,11,6,non_senior,961290,0
2024-11-03,1,1458,23.5,13.0,False,False,False,False,11,6,senior,230375,1
2024-11-04,0,3402,18.3,8.9,False,False,False,False,11,0,non_senior,3116332,0
2024-11-04,0,3402,18.3,8.9,False,False,False,False,11,0,senior,339062,1
2024-11-04,1,1458,18.3,8.9,False,False,False,False,11,0,non_senior,835031,0
2024-11-04,1,1458,18.3,8.9,False,False,False,False,11,0,senior,325795,1
2024-11-05,0,3402,14.7,5.6,False,False,False,False,11,1,non_senior,3221352,0
2024-11-05,0,3402,14.7,5.6,False,False,False,False,11,1,senior,347078,1
2024-11-05,1,1458,14.7,5.6,False,False,False,False,11,1,non_senior,846819,0
2024-11-05,1,1458,14.7,5.6,False,False,False,False,11,1,senior,328779,1
2024-11-06,0,3402,12.5,4.1,False,False,False,False,11,2,non_senior,3226511,0
2024-11-06,0,3402,12.5,4.1,False,False,False,False,11,2,senior,347296,1
2024-11-06,1,1458,12.5,4.1,False,False,False,False,11,2,non_senior,866125,0
2024-11-06,1,1458,12.5,4.1,False,False,False,False,11,2,senior,323397,1
2024-11-07,0,3402,15.7,1.6,False,False,False,False,11,3,non_senior,3227796,0
2024-11-07,0,3402,15.7,1.6,False,False,False,False,11,3,senior,345970,1
2024-11-07,1,1458,15.7,1.6,False,False,False,False,11,3,non_senior,860733,0
2024-11-07,1,1458,15.7,1.6,False,False,False,False,11,3,senior,317780,1
2024-11-08,0,3402,18.1,3.1,False,False,False,False,11,4,non_senior,3267572,0
2024-11-08,0,3402,18.1,3.1,False,False,False,False,11,4,senior,354586,1
2024-11-08,1,1458,18.1,3.1,False,False,False,False,11,4,non_senior,963539,0
2024-11-08,1,1458,18.1,3.1,False,False,False,False,11,4,senior,328702,1
2024-11-09,0,3402,20.3,6.8,False,False,False,False,11,5,non_senior,1981614,0
2024-11-09,0,3402,20.3,6.8,False,False,False,False,11,5,senior,301915,1
2024-11-09,1,1458,20.3,6.8,False,False,False,False,11,5,non_senior,1237552,0
2024-11-09,1,1458,20.3,6.8,False,False,False,False,11,5,senior,288225,1
2024-11-10,0,3402,21.0,10.3,False,False,False,False,11,6,non_senior,1348199,0
2024-11-10,0,3402,21.0,10.3,False,False,False,False,11,6,senior,211125,1
2024-11-10,1,1458,21.0,10.3,False,False,False,False,11,6,non_senior,904420,0
2024-11-10,1,1458,21.0,10.3,False,False,False,False,11,6,senior,222063,1
2024-11-11,0,3402,21.8,9.7,False,False,False,False,11,0,non_senior,3091510,0
2024-11-11,0,3402,21.8,9.7,False,False,False,False,11,0,senior,340311,1
2024-11-11,1,1458,21.8,9.7,False,False,False,False,11,0,non_senior,834708,0
2024-11-11,1,1458,21.8,9.7,False,False,False,False,11,0,senior,329685,1
2024-11-12,0,3402,19.2,11.0,False,False,False,False,11,1,non_senior,3185668,0
2024-11-12,0,3402,19.2,11.0,False,False,False,False,11,1,senior,349225,1
2024-11-12,1,1458,19.2,11.0,False,False,False,False,11,1,non_senior,845324,0
2024-11-12,1,1458,19.2,11.0,False,False,False,False,11,1,senior,336763,1
2024-11-13,0,3402,21.3,8.3,False,False,False,False,11,2,non_senior,3175549,0
2024-11-13,0,3402,21.3,8.3,False,False,False,False,11,2,senior,353316,1
2024-11-13,1,1458,21.3,8.3,False,False,False,False,11,2,non_senior,913818,0
2024-11-13,1,1458,21.3,8.3,False,False,False,False,11,2,senior,333017,1
2024-11-14,0,3402,16.8,13.2,False,False,False,False,11,3,non_senior,3148835,0
2024-11-14,0,3402,16.8,13.2,False,False,False,False,11,3,senior,337011,1
2024-11-14,1,1458,16.8,13.2,False,False,False,False,11,3,non_senior,872903,0
2024-11-14,1,1458,16.8,13.2,False,False,False,False,11,3,senior,314076,1
2024-11-15,0,3402,21.5,13.7,False,False,False,False,11,4,non_senior,3220410,0
2024-11-15,0,3402,21.5,13.7,False,False,False,False,11,4,senior,351048,1
2024-11-15,1,1458,21.5,13.7,False,False,False,False,11,4,non_senior,981330,0
2024-11-15,1,1458,21.5,13.7,False,False,False,False,11,4,senior,323627,1
2024-11-16,0,3402,22.6,14.4,False,False,False,False,11,5,non_senior,1890247,0
2024-11-16,0,3402,22.6,14.4,False,False,False,False,11,5,senior,272265,1
2024-11-16,1,1458,22.6,14.4,False,False,False,False,11,5,non_senior,1239391,0
2024-11-16,1,1458,22.6,14.4,False,False,False,False,11,5,senior,285439,1
2024-11-17,0,3402,14.4,2.1,False,False,False,False,11,6,non_senior,1375115,0
2024-11-17,0,3402,14.4,2.1,False,False,False,False,11,6,senior,199849,1
2024-11-17,1,1458,14.4,2.1,False,False,False,False,11,6,non_senior,915534,0
2024-11-17,1,1458,14.4,2.1,False,False,False,False,11,6,senior,212280,1
2024-11-18,0,3402,7.9,-0.7,False,False,False,False,11,0,non_senior,3076332,0
2024-11-18,0,3402,7.9,-0.7,False,False,False,False,11,0,senior,324358,1
2024-11-18,1,1458,7.9,-0.7,False,False,False,False,11,0,non_senior,827811,0
2024-11-18,1,1458,7.9,-0.7,False,False,False,False,11,0,senior,307798,1
2024-11-19,0,3402,11.3,0.3,False,False,False,False,11,1,non_senior,3179355,0
2024-11-19,0,3402,11.3,0.3,False,False,False,False,11,1,senior,335533,1
2024-11-19,1,1458,11.3,0.3,False,False,False,False,11,1,non_senior,838818,0
2024-11-19,1,1458,11.3,0.3,False,False,False,False,11,1,senior,318793,1
2024-11-20,0,3402,9.6,2.4,False,False,False,False,11,2,non_senior,3198523,0
2024-11-20,0,3402,9.6,2.4,False,False,False,False,11,2,senior,338649,1
2024-11-20,1,1458,9.6,2.4,False,False,False,False,11,2,non_senior,885626,0
2024-11-20,1,1458,9.6,2.4,False,False,False,False,11,2,senior,325567,1
2024-11-21,0,3402,14.1,6.0,False,False,False,False,11,3,non_senior,3207725,0
2024-11-21,0,3402,14.1,6.0,False,False,False,False,11,3,senior,339321,1
2024-11-21,1,1458,14.1,6.0,False,False,False,False,11,3,non_senior,879454,0
2024-11-21,1,1458,14.1,6.0,False,False,False,False,11,3,senior,319581,1
2024-11-22,0,3402,10.6,3.3,False,False,False,False,11,4,non_senior,3260813,0
2024-11-22,0,3402,10.6,3.3,False,False,False,False,11,4,senior,347566,1
2024-11-22,1,1458,10.6,3.3,False,False,False,False,11,4,non_senior,980888,0
2024-11-22,1,1458,10.6,3.3,False,False,False,False,11,4,senior,320056,1
2024-11-23,0,3402,12.6,1.5,False,False,False,False,11,5,non_senior,1935015,0
2024-11-23,0,3402,12.6,1.5,False,False,False,False,11,5,senior,277543,1
2024-11-23,1,1458,12.6,1.5,False,False,False,False,11,5,non_senior,1197393,0
2024-11-23,1,1458,12.6,1.5,False,False,False,False,11,5,senior,272235,1
2024-11-24,0,3402,14.2,2.6,False,False,False,False,11,6,non_senior,1350609,0
2024-11-24,0,3402,14.2,2.6,False,False,False,False,11,6,senior,199264,1
2024-11-24,1,1458,14.2,2.6,False,False,False,False,11,6,non_senior,921387,0
2024-11-24,1,1458,14.2,2.6,False,False,False,False,11,6,senior,218314,1
2024-11-25,0,3402,15.4,3.6,False,False,False,False,11,0,non_senior,3092885,0
2024-11-25,0,3402,15.4,3.6,False,False,False,False,11,0,senior,338195,1
2024-11-25,1,1458,15.4,3.6,False,False,False,False,11,0,non_senior,848547,0
2024-11-25,1,1458,15.4,3.6,False,False,False,False,11,0,senior,341670,1
2024-11-26,0,3402,12.7,1.0,False,False,False,False,11,1,non_senior,3189259,0
2024-11-26,0,3402,12.7,1.0,False,False,False,False,11,1,senior,319346,1
2024-11-26,1,1458,12.7,1.0,False,False,False,False,11,1,non_senior,852995,0
2024-11-26,1,1458,12.7,1.0,False,False,False,False,11,1,senior,313018,1
2024-11-27,0,3402,1.2,-1.3,False,False,False,False,11,2,non_senior,3372068,0
2024-11-27,0,3402,1.2,-1.3,False,False,False,False,11,2,senior,318071,1
2024-11-27,1,1458,1.2,-1.3,False,False,False,False,11,2,non_senior,940079,0
2024-11-27,1,1458,1.2,-1.3,False,False,False,False,11,2,senior,285445,1
2024-11-28,0,3402,3.4,-1.7,False,False,False,False,11,3,non_senior,3260629,0
2024-11-28,0,3402,3.4,-1.7,False,False,False,False,11,3,senior,321290,1
2024-11-28,1,1458,3.4,-1.7,False,False,False,False,11,3,non_senior,894705,0
2024-11-28,1,1458,3.4,-1.7,False,False,False,False,11,3,senior,291536,1
2024-11-29,0,3402,3.4,-3.4,False,True,False,False,11,4,non_senior,3304392,0
2024-11-29,0,3402,3.4,-3.4,False,True,False,False,11,4,senior,336232,1
2024-11-29,1,1458,3.4,-3.4,False,True,False,False,11,4,non_senior,988466,0
2024-11-29,1,1458,3.4,-3.4,False,True,False,False,11,4,senior,313371,1
2024-11-30,0,3402,5.6,-0.5,False,False,False,False,11,5,non_senior,1876536,0
2024-11-30,0,3402,5.6,-0.5,False,False,False,False,11,5,senior,262636,1
2024-11-30,1,1458,5.6,-0.5,False,False,False,False,11,5,non_senior,1180557,0
2024-11-30,1,1458,5.6,-0.5,False,False,False,False,11,5,senior,268923,1
2024-12-01,0,3402,8.2,1.6,False,False,False,False,12,6,non_senior,1310425,0
2024-12-01,0,3402,8.2,1.6,False,False,False,False,12,6,senior,197842,1
2024-12-01,1,1458,8.2,1.6,False,False,False,False,12,6,non_senior,879731,0
2024-12-01,1,1458,8.2,1.6,False,False,False,False,12,6,senior,221742,1
2024-12-02,0,3402,13.0,0.6,False,False,False,False,12,0,non_senior,3100103,0
2024-12-02,0,3402,13.0,0.6,False,False,False,False,12,0,senior,335259,1
2024-12-02,1,1458,13.0,0.6,False,False,False,False,12,0,non_senior,836544,0
2024-12-02,1,1458,13.0,0.6,False,False,False,False,12,0,senior,338129,1
2024-12-03,0,3402,5.2,-2.4,False,False,False,False,12,1,non_senior,3194401,0
2024-12-03,0,3402,5.2,-2.4,False,False,False,False,12,1,senior,336999,1
2024-12-03,1,1458,5.2,-2.4,False,False,False,False,12,1,non_senior,842003,0
2024-12-03,1,1458,5.2,-2.4,False,False,False,False,12,1,senior,329284,1
2024-12-04,0,3402,6.9,-0.6,False,False,False,False,12,2,non_senior,3146442,0
2024-12-04,0,3402,6.9,-0.6,False,False,False,False,12,2,senior,335048,1
2024-12-04,1,1458,6.9,-0.6,False,False,False,False,12,2,non_senior,855756,0
2024-12-04,1,1458,6.9,-0.6,False,False,False,False,12,2,senior,321464,1
2024-12-05,0,3402,8.8,-0.1,False,False,False,False,12,3,non_senior,3190736,0
2024-12-05,0,3402,8.8,-0.1,False,False,False,False,12,3,senior,341918,1
2024-12-05,1,1458,8.8,-0.1,False,False,False,False,12,3,non_senior,860566,0
2024-12-05,1,1458,8.8,-0.1,False,False,False,False,12,3,senior,326850,1
2024-12-06,0,3402,5.2,-0.4,False,False,False,False,12,4,non_senior,3288022,0
2024-12-06,0,3402,5.2,-0.4,False,False,False,False,12,4,senior,349220,1
2024-12-06,1,1458,5.2,-0.4,False,False,False,False,12,4,non_senior,950607,0
2024-12-06,1,1458,5.2,-0.4,False,False,False,False,12,4,senior,320685,1
2024-12-07,0,3402,4.6,-2.5,False,False,False,False,12,5,non_senior,1980414,0
2024-12-07,0,3402,4.6,-2.5,False,False,False,False,12,5,senior,286064,1
2024-12-07,1,1458,4.6,-2.5,False,False,False,False,12,5,non_senior,1237151,0
2024-12-07,1,1458,4.6,-2.5,False,False,False,False,12,5,senior,293635,1
2024-12-08,0,3402,4.1,-3.9,False,True,False,False,12,6,non_senior,1248347,0
2024-12-08,0,3402,4.1,-3.9,False,True,False,False,12,6,senior,189980,1
2024-12-08,1,1458,4.1,-3.9,False,True,False,False,12,6,non_senior,859617,0
2024-12-08,1,1458,4.1,-3.9,False,True,False,False,12,6,senior,216666,1
2024-12-09,0,3402,7.4,-3.8,False,True,False,False,12,0,non_senior,3031911,0
2024-12-09,0,3402,7.4,-3.8,False,True,False,False,12,0,senior,329811,1
2024-12-09,1,1458,7.4,-3.8,False,True,False,False,12,0,non_senior,836591,0
2024-12-09,1,1458,7.4,-3.8,False,True,False,False,12,0,senior,329488,1
2024-12-10,0,3402,6.9,-1.9,False,False,False,False,12,1,non_senior,3160766,0
2024-12-10,0,3402,6.9,-1.9,False,False,False,False,12,1,senior,345104,1
2024-12-10,1,1458,6.9,-1.9,False,False,False,False,12,1,non_senior,865897,0
2024-12-10,1,1458,6.9,-1.9,False,False,False,False,12,1,senior,343037,1
2024-12-11,0,3402,8.2,0.2,False,False,False,False,12,2,non_senior,3176384,0
2024-12-11,0,3402,8.2,0.2,False,False,False,False,12,2,senior,349780,1
2024-12-11,1,1458,8.2,0.2,False,False,False,False,12,2,non_senior,901174,0
2024-12-11,1,1458,8.2,0.2,False,False,False,False,12,2,senior,338270,1
2024-12-12,0,3402,5.4,-3.2,False,True,False,False,12,3,non_senior,3220058,0
2024-12-12,0,3402,5.4,-3.2,False,True,False,False,12,3,senior,351173,1
2024-12-12,1,1458,5.4,-3.2,False,True,False,False,12,3,non_senior,912285,0
2024-12-12,1,1458,5.4,-3.2,False,True,False,False,12,3,senior,338845,1
2024-12-13,0,3402,4.5,-1.5,False,False,False,False,12,4,non_senior,3306992,0
2024-12-13,0,3402,4.5,-1.5,False,False,False,False,12,4,senior,357696,1
2024-12-13,1,1458,4.5,-1.5,False,False,False,False,12,4,non_senior,988287,0
2024-12-13,1,1458,4.5,-1.5,False,False,False,False,12,4,senior,334362,1
2024-12-14,0,3402,2.5,-3.6,False,True,False,False,12,5,non_senior,2030989,0
2024-12-14,0,3402,2.5,-3.6,False,True,False,False,12,5,senior,301197,1
2024-12-14,1,1458,2.5,-3.6,False,True,False,False,12,5,non_senior,1328776,0
2024-12-14,1,1458,2.5,-3.6,False,True,False,False,12,5,senior,316018,1
2024-12-15,0,3402,5.4,-2.2,False,False,False,False,12,6,non_senior,1291427,0
2024-12-15,0,3402,5.4,-2.2,False,False,False,False,12,6,senior,195295,1
2024-12-15,1,1458,5.4,-2.2,False,False,False,False,12,6,non_senior,873438,0
2024-12-15,1,1458,5.4,-2.2,False,False,False,False,12,6,senior,227053,1
2024-12-16,0,3402,3.9,-3.3,False,True,False,False,12,0,non_senior,3046661,0
2024-12-16,0,3402,3.9,-3.3,False,True,False,False,12,0,senior,329468,1
2024-12-16,1,1458,3.9,-3.3,False,True,False,False,12,0,non_senior,869168,0
2024-12-16,1,1458,3.9,-3.3,False,True,False,False,12,0,senior,336919,1
2024-12-17,0,3402,3.8,-3.5,False,True,False,False,12,1,non_senior,3183489,0
2024-12-17,0,3402,3.8,-3.5,False,True,False,False,12,1,senior,345745,1
2024-12-17,1,1458,3.8,-3.5,False,True,False,False,12,1,non_senior,898132,0
2024-12-17,1,1458,3.8,-3.5,False,True,False,False,12,1,senior,343631,1
2024-12-18,0,3402,0.9,-6.2,False,True,False,True,12,2,non_senior,3182883,0
2024-12-18,0,3402,0.9,-6.2,False,True,False,True,12,2,senior,342163,1
2024-12-18,1,1458,0.9,-6.2,False,True,False,True,12,2,non_senior,905638,0
2024-12-18,1,1458,0.9,-6.2,False,True,False,True,12,2,senior,324256,1
2024-12-19,0,3402,4.9,-6.7,False,True,False,True,12,3,non_senior,3211294,0
2024-12-19,0,3402,4.9,-6.7,False,True,False,True,12,3,senior,347231,1
2024-12-19,1,1458,4.9,-6.7,False,True,False,True,12,3,non_senior,914187,0
2024-12-19,1,1458,4.9,-6.7,False,True,False,True,12,3,senior,332906,1
2024-12-20,0,3402,5.3,-2.1,False,False,False,False,12,4,non_senior,3327150,0
2024-12-20,0,3402,5.3,-2.1,False,False,False,False,12,4,senior,361345,1
2024-12-20,1,1458,5.3,-2.1,False,False,False,False,12,4,non_senior,1020407,0
2024-12-20,1,1458,5.3,-2.1,False,False,False,False,12,4,senior,340958,1
2024-12-21,0,3402,1.9,-4.7,False,True,False,False,12,5,non_senior,2071646,0
2024-12-21,0,3402,1.9,-4.7,False,True,False,False,12,5,senior,293462,1
2024-12-21,1,1458,1.9,-4.7,False,True,False,False,12,5,non_senior,1260348,0
2024-12-21,1,1458,1.9,-4.7,False,True,False,False,12,5,senior,307839,1
2024-12-22,0,3402,1.0,-7.7,False,True,False,True,12,6,non_senior,1371296,0
2024-12-22,0,3402,1.0,-7.7,False,True,False,True,12,6,senior,182834,1
2024-12-22,1,1458,1.0,-7.7,False,True,False,True,12,6,non_senior,888876,0
2024-12-22,1,1458,1.0,-7.7,False,True,False,True,12,6,senior,203642,1
2024-12-23,0,3402,6.7,-5.0,False,True,False,True,12,0,non_senior,3102410,0
2024-12-23,0,3402,6.7,-5.0,False,True,False,True,12,0,senior,332032,1
2024-12-23,1,1458,6.7,-5.0,False,True,False,True,12,0,non_senior,904057,0
2024-12-23,1,1458,6.7,-5.0,False,True,False,True,12,0,senior,328061,1
2024-12-24,0,3402,5.1,-4.3,False,True,False,False,12,1,non_senior,3220466,0
2024-12-24,0,3402,5.1,-4.3,False,True,False,False,12,1,senior,329361,1
2024-12-24,1,1458,5.1,-4.3,False,True,False,False,12,1,non_senior,998733,0
2024-12-24,1,1458,5.1,-4.3,False,True,False,False,12,1,senior,323211,1
2024-12-25,0,3402,6.5,-1.1,False,False,False,False,12,2,non_senior,1628791,0
2024-12-25,0,3402,6.5,-1.1,False,False,False,False,12,2,senior,198912,1
2024-12-25,1,1458,6.5,-1.1,False,False,False,False,12,2,non_senior,963201,0
2024-12-25,1,1458,6.5,-1.1,False,False,False,False,12,2,senior,225057,1
2024-12-26,0,3402,4.2,-4.8,False,True,False,True,12,3,non_senior,3024289,0
2024-12-26,0,3402,4.2,-4.8,False,True,False,True,12,3,senior,337803,1
2024-12-26,1,1458,4.2,-4.8,False,True,False,True,12,3,non_senior,925374,0
2024-12-26,1,1458,4.2,-4.8,False,True,False,True,12,3,senior,335337,1
2024-12-27,0,3402,1.8,-5.9,False,True,False,True,12,4,non_senior,3076987,0
2024-12-27,0,3402,1.8,-5.9,False,True,False,True,12,4,senior,338994,1
2024-12-27,1,1458,1.8,-5.9,False,True,False,True,12,4,non_senior,1002253,0
2024-12-27,1,1458,1.8,-5.9,False,True,False,True,12,4,senior,322202,1
2024-12-28,0,3402,1.1,-6.7,False,True,False,True,12,5,non_senior,1840733,0
2024-12-28,0,3402,1.1,-6.7,False,True,False,True,12,5,senior,274753,1
2024-12-28,1,1458,1.1,-6.7,False,True,False,True,12,5,non_senior,1129735,0
2024-12-28,1,1458,1.1,-6.7,False,True,False,True,12,5,senior,291736,1
2024-12-29,0,3402,6.1,-4.2,False,True,False,False,12,6,non_senior,1261375,0
2024-12-29,0,3402,6.1,-4.2,False,True,False,False,12,6,senior,179416,1
2024-12-29,1,1458,6.1,-4.2,False,True,False,False,12,6,non_senior,824219,0
2024-12-29,1,1458,6.1,-4.2,False,True,False,False,12,6,senior,208792,1
2024-12-30,0,3402,10.1,1.9,False,False,False,False,12,0,non_senior,2843067,0
2024-12-30,0,3402,10.1,1.9,False,False,False,False,12,0,senior,324209,1
2024-12-30,1,1458,10.1,1.9,False,False,False,False,12,0,non_senior,917096,0
2024-12-30,1,1458,10.1,1.9,False,False,False,False,12,0,senior,330140,1
2024-12-31,0,3402,4.9,-2.0,False,False,False,False,12,1,non_senior,2712570,0
2024-12-31,0,3402,4.9,-2.0,False,False,False,False,12,1,senior,310775,1
2024-12-31,1,1458,4.9,-2.0,False,False,False,False,12,1,non_senior,1046446,0
2024-12-31,1,1458,4.9,-2.0,False,False,False,False,12,1,senior,310862,1
