BASE_DATE,ADM_NM,ADM_CD,source_row_id_boundary,source_file_boundary,source_dataset_id_boundary,admin_name_raw,dong,adm_cd_boundary,base_date,gu,adm_cd_population,population_total,population_65_plus,senior_population_share,reference_period,reference_date,source_dataset_id_population,source_file_population,source_row_id_population,source_sha256,source_table,source_url,source_code,source_gu_code,dong_name_raw,source_total_item,source_senior_item,unit,hierarchy_evidence,mapped_shelter_count,shelters_per_10k,analyzed_station_count,has_analyzed_station,z_senior_population_share,z_shelters_per_10k
20240630,사직동,11010530,384,subway/data/raw/2024/boundary/bnd_dong_11_2024_2Q.shp,boundary,사직동,사직동,11010530,20240630,종로구,11010530,9249,1895,0.20488701481241214,2024 Q2,2024-06-30,population_direct_65_plus,subway/data/raw/2024/population_direct_65_plus/201_DT_201004_O020003_2024Q2_20261006.csv,4,e48f83ca75f7f92a5a83e39834440c0f3149ace1113c3533102797e4d0338d76,DT_201004_O020003,https://stat.eseoul.go.kr/statHtml/statHtml.do?orgId=201&tblId=DT_201004_O020003&conn_path=I2,001001003,001001,사직동,002 계 (14210.MT0047 명),006 65세이상고령자 (14999671.ga028 명),명,official source code parents + exact complete Q2 boundary parent/name-set bijection; SGIS codes not equated to statistics codes,3,3.243593902043464,2,True,0.4928585856388208,1.376489955226854
20240630,삼청동,11010540,6,subway/data/raw/2024/boundary/bnd_dong_11_2024_2Q.shp,boundary,삼청동,삼청동,11010540,20240630,종로구,11010540,2449,647,0.26418946508779095,2024 Q2,2024-06-30,population_direct_65_plus,subway/data/raw/2024/population_direct_65_plus/201_DT_201004_O020003_2024Q2_20261006.csv,5,e48f83ca75f7f92a5a83e39834440c0f3149ace1113c3533102797e4d0338d76,DT_201004_O020003,https://stat.eseoul.go.kr/statHtml/statHtml.do?orgId=201&tblId=DT_201004_O020003&conn_path=I2,001001004,001001,삼청동,002 계 (14210.MT0047 명),006 65세이상고령자 (14999671.ga028 명),명,official source code parents + exact complete Q2 boundary parent/name-set bijection; SGIS codes not equated to statistics codes,0,0.0,0,False,1.8937404544792087,-0.4903575546703421
20240630,부암동,11010550,7,subway/data/raw/2024/boundary/bnd_dong_11_2024_2Q.shp,boundary,부암동,부암동,11010550,20240630,종로구,11010550,9346,1939,0.20746843569441473,2024 Q2,2024-06-30,population_direct_65_plus,subway/data/raw/2024/population_direct_65_plus/201_DT_201004_O020003_2024Q2_20261006.csv,6,e48f83ca75f7f92a5a83e39834440c0f3149ace1113c3533102797e4d0338d76,DT_201004_O020003,https://stat.eseoul.go.kr/statHtml/statHtml.do?orgId=201&tblId=DT_201004_O020003&conn_path=I2,001001005,001001,부암동,002 계 (14210.MT0047 명),006 65세이상고령자 (14999671.ga028 명),명,official source code parents + exact complete Q2 boundary parent/name-set bijection; SGIS codes not equated to statistics codes,0,0.0,0,False,0.5538386242822625,-0.4903575546703421
20240630,평창동,11010560,8,subway/data/raw/2024/boundary/bnd_dong_11_2024_2Q.shp,boundary,평창동,평창동,11010560,20240630,종로구,11010560,17460,3736,0.21397479954180984,2024 Q2,2024-06-30,population_direct_65_plus,subway/data/raw/2024/population_direct_65_plus/201_DT_201004_O020003_2024Q2_20261006.csv,7,e48f83ca75f7f92a5a83e39834440c0f3149ace1113c3533102797e4d0338d76,DT_201004_O020003,https://stat.eseoul.go.kr/statHtml/statHtml.do?orgId=201&tblId=DT_201004_O020003&conn_path=I2,001001006,001001,평창동,002 계 (14210.MT0047 명),006 65세이상고령자 (14999671.ga028 명),명,official source code parents + exact complete Q2 boundary parent/name-set bijection; SGIS codes not equated to statistics codes,0,0.0,0,False,0.70753627258464,-0.4903575546703421
20240630,무악동,11010570,84,subway/data/raw/2024/boundary/bnd_dong_11_2024_2Q.shp,boundary,무악동,무악동,11010570,20240630,종로구,11010570,7968,1543,0.1936495983935743,2024 Q2,2024-06-30,population_direct_65_plus,subway/data/raw/2024/population_direct_65_plus/201_DT_201004_O020003_2024Q2_20261006.csv,8,e48f83ca75f7f92a5a83e39834440c0f3149ace1113c3533102797e4d0338d76,DT_201004_O020003,https://stat.eseoul.go.kr/statHtml/statHtml.do?orgId=201&tblId=DT_201004_O020003&conn_path=I2,001001007,001001,무악동,002 계 (14210.MT0047 명),006 65세이상고령자 (14999671.ga028 명),명,official source code parents + exact complete Q2 boundary parent/name-set bijection; SGIS codes not equated to statistics codes,0,0.0,1,True,0.2274008711488157,-0.4903575546703421
20240630,교남동,11010580,17,subway/data/raw/2024/boundary/bnd_dong_11_2024_2Q.shp,boundary,교남동,교남동,11010580,20240630,종로구,11010580,9851,1731,0.17571820119784792,2024 Q2,2024-06-30,population_direct_65_plus,subway/data/raw/2024/population_direct_65_plus/201_DT_201004_O020003_2024Q2_20261006.csv,9,e48f83ca75f7f92a5a83e39834440c0f3149ace1113c3533102797e4d0338d76,DT_201004_O020003,https://stat.eseoul.go.kr/statHtml/statHtml.do?orgId=201&tblId=DT_201004_O020003&conn_path=I2,001001008,001001,교남동,002 계 (14210.MT0047 명),006 65세이상고령자 (14999671.ga028 명),명,official source code parents + exact complete Q2 boundary parent/name-set bijection; SGIS codes not equated to statistics codes,1,1.015125367982946,0,False,-0.19618650336642707,0.0938969243686444
20240630,가회동,11010600,18,subway/data/raw/2024/boundary/bnd_dong_11_2024_2Q.shp,boundary,가회동,가회동,11010600,20240630,종로구,11010600,3915,852,0.21762452107279692,2024 Q2,2024-06-30,population_direct_65_plus,subway/data/raw/2024/population_direct_65_plus/201_DT_201004_O020003_2024Q2_20261006.csv,10,e48f83ca75f7f92a5a83e39834440c0f3149ace1113c3533102797e4d0338d76,DT_201004_O020003,https://stat.eseoul.go.kr/statHtml/statHtml.do?orgId=201&tblId=DT_201004_O020003&conn_path=I2,001001009,001001,가회동,002 계 (14210.MT0047 명),006 65세이상고령자 (14999671.ga028 명),명,official source code parents + exact complete Q2 boundary parent/name-set bijection; SGIS codes not equated to statistics codes,0,0.0,0,False,0.7937524187191435,-0.4903575546703421
20240630,종로1·2·3·4가동,11010610,19,subway/data/raw/2024/boundary/bnd_dong_11_2024_2Q.shp,boundary,종로1·2·3·4가동,종로1·2·3·4가동,11010610,20240630,종로구,11010610,8435,1811,0.21470065204505037,2024 Q2,2024-06-30,population_direct_65_plus,subway/data/raw/2024/population_direct_65_plus/201_DT_201004_O020003_2024Q2_20261006.csv,11,e48f83ca75f7f92a5a83e39834440c0f3149ace1113c3533102797e4d0338d76,DT_201004_O020003,https://stat.eseoul.go.kr/statHtml/statHtml.do?orgId=201&tblId=DT_201004_O020003&conn_path=I2,001001010,001001,종로1.2.3.4가동,002 계 (14210.MT0047 명),006 65세이상고령자 (14999671.ga028 명),명,official source code parents + exact complete Q2 boundary parent/name-set bijection; SGIS codes not equated to statistics codes,5,5.927682276229993,5,True,0.724682842524335,2.9213145692259563
20240630,종로5·6가동,11010630,20,subway/data/raw/2024/boundary/bnd_dong_11_2024_2Q.shp,boundary,종로5·6가동,종로5·6가동,11010630,20240630,종로구,11010630,5778,1101,0.1905503634475597,2024 Q2,2024-06-30,population_direct_65_plus,subway/data/raw/2024/population_direct_65_plus/201_DT_201004_O020003_2024Q2_20261006.csv,12,e48f83ca75f7f92a5a83e39834440c0f3149ace1113c3533102797e4d0338d76,DT_201004_O020003,https://stat.eseoul.go.kr/statHtml/statHtml.do?orgId=201&tblId=DT_201004_O020003&conn_path=I2,001001011,001001,종로5.6가동,002 계 (14210.MT0047 명),006 65세이상고령자 (14999671.ga028 명),명,official source code parents + exact complete Q2 boundary parent/name-set bijection; SGIS codes not equated to statistics codes,3,5.192107995846314,2,True,0.15418868475538242,2.497955463508815
20240630,이화동,11010640,21,subway/data/raw/2024/boundary/bnd_dong_11_2024_2Q.shp,boundary,이화동,이화동,11010640,20240630,종로구,11010640,7537,1392,0.18468886824996683,2024 Q2,2024-06-30,population_direct_65_plus,subway/data/raw/2024/population_direct_65_plus/201_DT_201004_O020003_2024Q2_20261006.csv,13,e48f83ca75f7f92a5a83e39834440c0f3149ace1113c3533102797e4d0338d76,DT_201004_O020003,https://stat.eseoul.go.kr/statHtml/statHtml.do?orgId=201&tblId=DT_201004_O020003&conn_path=I2,001001012,001001,이화동,002 계 (14210.MT0047 명),006 65세이상고령자 (14999671.ga028 명),명,official source code parents + exact complete Q2 boundary parent/name-set bijection; SGIS codes not equated to statistics codes,2,2.65357569324665,0,False,0.01572455201764923,1.0369055136626963
20240630,창신1동,11010670,22,subway/data/raw/2024/boundary/bnd_dong_11_2024_2Q.shp,boundary,창신1동,창신1동,11010670,20240630,종로구,11010670,5366,1264,0.23555721207603428,2024 Q2,2024-06-30,population_direct_65_plus,subway/data/raw/2024/population_direct_65_plus/201_DT_201004_O020003_2024Q2_20261006.csv,15,e48f83ca75f7f92a5a83e39834440c0f3149ace1113c3533102797e4d0338d76,DT_201004_O020003,https://stat.eseoul.go.kr/statHtml/statHtml.do?orgId=201&tblId=DT_201004_O020003&conn_path=I2,001001015,001001,창신1동,002 계 (14210.MT0047 명),006 65세이상고령자 (14999671.ga028 명),명,official source code parents + exact complete Q2 boundary parent/name-set bijection; SGIS codes not equated to statistics codes,2,3.727171077152441,2,True,1.2173703564147522,1.6548123570005693
20240630,창신2동,11010680,23,subway/data/raw/2024/boundary/bnd_dong_11_2024_2Q.shp,boundary,창신2동,창신2동,11010680,20240630,종로구,11010680,8664,1969,0.22726223453370267,2024 Q2,2024-06-30,population_direct_65_plus,subway/data/raw/2024/population_direct_65_plus/201_DT_201004_O020003_2024Q2_20261006.csv,16,e48f83ca75f7f92a5a83e39834440c0f3149ace1113c3533102797e4d0338d76,DT_201004_O020003,https://stat.eseoul.go.kr/statHtml/statHtml.do?orgId=201&tblId=DT_201004_O020003&conn_path=I2,001001016,001001,창신2동,002 계 (14210.MT0047 명),006 65세이상고령자 (14999671.ga028 명),명,official source code parents + exact complete Q2 boundary parent/name-set bijection; SGIS codes not equated to statistics codes,1,1.1542012927054477,0,False,1.0214208874209718,0.17394194590826537
20240630,창신3동,11010690,85,subway/data/raw/2024/boundary/bnd_dong_11_2024_2Q.shp,boundary,창신3동,창신3동,11010690,20240630,종로구,11010690,6533,1372,0.2100107148323894,2024 Q2,2024-06-30,population_direct_65_plus,subway/data/raw/2024/population_direct_65_plus/201_DT_201004_O020003_2024Q2_20261006.csv,17,e48f83ca75f7f92a5a83e39834440c0f3149ace1113c3533102797e4d0338d76,DT_201004_O020003,https://stat.eseoul.go.kr/statHtml/statHtml.do?orgId=201&tblId=DT_201004_O020003&conn_path=I2,001001017,001001,창신3동,002 계 (14210.MT0047 명),006 65세이상고령자 (14999671.ga028 명),명,official source code parents + exact complete Q2 boundary parent/name-set bijection; SGIS codes not equated to statistics codes,0,0.0,1,True,0.6138940306504967,-0.4903575546703421
20240630,숭인1동,11010700,91,subway/data/raw/2024/boundary/bnd_dong_11_2024_2Q.shp,boundary,숭인1동,숭인1동,11010700,20240630,종로구,11010700,6089,1321,0.21694859582854328,2024 Q2,2024-06-30,population_direct_65_plus,subway/data/raw/2024/population_direct_65_plus/201_DT_201004_O020003_2024Q2_20261006.csv,18,e48f83ca75f7f92a5a83e39834440c0f3149ace1113c3533102797e4d0338d76,DT_201004_O020003,https://stat.eseoul.go.kr/statHtml/statHtml.do?orgId=201&tblId=DT_201004_O020003&conn_path=I2,001001018,001001,숭인1동,002 계 (14210.MT0047 명),006 65세이상고령자 (14999671.ga028 명),명,official source code parents + exact complete Q2 boundary parent/name-set bijection; SGIS codes not equated to statistics codes,0,0.0,1,True,0.7777852636527101,-0.4903575546703421
20240630,숭인2동,11010710,9,subway/data/raw/2024/boundary/bnd_dong_11_2024_2Q.shp,boundary,숭인2동,숭인2동,11010710,20240630,종로구,11010710,11029,1803,0.16347810318251882,2024 Q2,2024-06-30,population_direct_65_plus,subway/data/raw/2024/population_direct_65_plus/201_DT_201004_O020003_2024Q2_20261006.csv,19,e48f83ca75f7f92a5a83e39834440c0f3149ace1113c3533102797e4d0338d76,DT_201004_O020003,https://stat.eseoul.go.kr/statHtml/statHtml.do?orgId=201&tblId=DT_201004_O020003&conn_path=I2,001001019,001001,숭인2동,002 계 (14210.MT0047 명),006 65세이상고령자 (14999671.ga028 명),명,official source code parents + exact complete Q2 boundary parent/name-set bijection; SGIS codes not equated to statistics codes,0,0.0,0,False,-0.48533022850560265,-0.4903575546703421
20240630,청운효자동,11010720,37,subway/data/raw/2024/boundary/bnd_dong_11_2024_2Q.shp,boundary,청운효자동,청운효자동,11010720,20240630,종로구,11010720,11326,2222,0.196185767261169,2024 Q2,2024-06-30,population_direct_65_plus,subway/data/raw/2024/population_direct_65_plus/201_DT_201004_O020003_2024Q2_20261006.csv,3,e48f83ca75f7f92a5a83e39834440c0f3149ace1113c3533102797e4d0338d76,DT_201004_O020003,https://stat.eseoul.go.kr/statHtml/statHtml.do?orgId=201&tblId=DT_201004_O020003&conn_path=I2,001001020,001001,청운효자동,002 계 (14210.MT0047 명),006 65세이상고령자 (14999671.ga028 명),명,official source code parents + exact complete Q2 boundary parent/name-set bijection; SGIS codes not equated to statistics codes,0,0.0,0,False,0.28731193665171867,-0.4903575546703421
20240630,혜화동,11010730,38,subway/data/raw/2024/boundary/bnd_dong_11_2024_2Q.shp,boundary,혜화동,혜화동,11010730,20240630,종로구,11010730,19209,2740,0.14264147014420323,2024 Q2,2024-06-30,population_direct_65_plus,subway/data/raw/2024/population_direct_65_plus/201_DT_201004_O020003_2024Q2_20261006.csv,14,e48f83ca75f7f92a5a83e39834440c0f3149ace1113c3533102797e4d0338d76,DT_201004_O020003,https://stat.eseoul.go.kr/statHtml/statHtml.do?orgId=201&tblId=DT_201004_O020003&conn_path=I2,001001013,001001,혜화동,002 계 (14210.MT0047 명),006 65세이상고령자 (14999671.ga028 명),명,official source code parents + exact complete Q2 boundary parent/name-set bijection; SGIS codes not equated to statistics codes,3,1.561767921286897,1,True,-0.9775470137397851,0.40851654700278867
20240630,소공동,11020520,39,subway/data/raw/2024/boundary/bnd_dong_11_2024_2Q.shp,boundary,소공동,소공동,11020520,20240630,중구,11020520,3362,347,0.1032123735871505,2024 Q2,2024-06-30,population_direct_65_plus,subway/data/raw/2024/population_direct_65_plus/201_DT_201004_O020003_2024Q2_20261006.csv,21,e48f83ca75f7f92a5a83e39834440c0f3149ace1113c3533102797e4d0338d76,DT_201004_O020003,https://stat.eseoul.go.kr/statHtml/statHtml.do?orgId=201&tblId=DT_201004_O020003&conn_path=I2,001002001,001002,소공동,002 계 (14210.MT0047 명),006 65세이상고령자 (14999671.ga028 명),명,official source code parents + exact complete Q2 boundary parent/name-set bijection; SGIS codes not equated to statistics codes,3,8.92325996430696,3,True,-1.9089673212488123,4.645416573538808
20240630,회현동,11020540,40,subway/data/raw/2024/boundary/bnd_dong_11_2024_2Q.shp,boundary,회현동,회현동,11020540,20240630,중구,11020540,5012,1381,0.2755387071029529,2024 Q2,2024-06-30,population_direct_65_plus,subway/data/raw/2024/population_direct_65_plus/201_DT_201004_O020003_2024Q2_20261006.csv,22,e48f83ca75f7f92a5a83e39834440c0f3149ace1113c3533102797e4d0338d76,DT_201004_O020003,https://stat.eseoul.go.kr/statHtml/statHtml.do?orgId=201&tblId=DT_201004_O020003&conn_path=I2,001002002,001002,회현동,002 계 (14210.MT0047 명),006 65세이상고령자 (14999671.ga028 명),명,official source code parents + exact complete Q2 boundary parent/name-set bijection; SGIS codes not equated to statistics codes,1,1.9952114924181965,1,True,2.1618397874796678,0.6579845987640267
20240630,명동,11020550,41,subway/data/raw/2024/boundary/bnd_dong_11_2024_2Q.shp,boundary,명동,명동,11020550,20240630,중구,11020550,3400,770,0.22647058823529412,2024 Q2,2024-06-30,population_direct_65_plus,subway/data/raw/2024/population_direct_65_plus/201_DT_201004_O020003_2024Q2_20261006.csv,23,e48f83ca75f7f92a5a83e39834440c0f3149ace1113c3533102797e4d0338d76,DT_201004_O020003,https://stat.eseoul.go.kr/statHtml/statHtml.do?orgId=201&tblId=DT_201004_O020003&conn_path=I2,001002003,001002,명동,002 계 (14210.MT0047 명),006 65세이상고령자 (14999671.ga028 명),명,official source code parents + exact complete Q2 boundary parent/name-set bijection; SGIS codes not equated to statistics codes,6,17.647058823529413,1,True,1.0027200927518587,9.666391044764461
20240630,필동,11020570,42,subway/data/raw/2024/boundary/bnd_dong_11_2024_2Q.shp,boundary,필동,필동,11020570,20240630,중구,11020570,5248,914,0.17416158536585366,2024 Q2,2024-06-30,population_direct_65_plus,subway/data/raw/2024/population_direct_65_plus/201_DT_201004_O020003_2024Q2_20261006.csv,24,e48f83ca75f7f92a5a83e39834440c0f3149ace1113c3533102797e4d0338d76,DT_201004_O020003,https://stat.eseoul.go.kr/statHtml/statHtml.do?orgId=201&tblId=DT_201004_O020003&conn_path=I2,001002004,001002,필동,002 계 (14210.MT0047 명),006 65세이상고령자 (14999671.ga028 명),명,official source code parents + exact complete Q2 boundary parent/name-set bijection; SGIS codes not equated to statistics codes,3,5.716463414634146,2,True,-0.23295791644741426,2.799747746213645
20240630,장충동,11020580,43,subway/data/raw/2024/boundary/bnd_dong_11_2024_2Q.shp,boundary,장충동,장충동,11020580,20240630,중구,11020580,5458,914,0.16746060828142176,2024 Q2,2024-06-30,population_direct_65_plus,subway/data/raw/2024/population_direct_65_plus/201_DT_201004_O020003_2024Q2_20261006.csv,25,e48f83ca75f7f92a5a83e39834440c0f3149ace1113c3533102797e4d0338d76,DT_201004_O020003,https://stat.eseoul.go.kr/statHtml/statHtml.do?orgId=201&tblId=DT_201004_O020003&conn_path=I2,001002005,001002,장충동,002 계 (14210.MT0047 명),006 65세이상고령자 (14999671.ga028 명),명,official source code parents + exact complete Q2 boundary parent/name-set bijection; SGIS codes not equated to statistics codes,0,0.0,1,True,-0.3912528478963596,-0.4903575546703421
20240630,광희동,11020590,44,subway/data/raw/2024/boundary/bnd_dong_11_2024_2Q.shp,boundary,광희동,광희동,11020590,20240630,중구,11020590,7070,1213,0.17157001414427156,2024 Q2,2024-06-30,population_direct_65_plus,subway/data/raw/2024/population_direct_65_plus/201_DT_201004_O020003_2024Q2_20261006.csv,26,e48f83ca75f7f92a5a83e39834440c0f3149ace1113c3533102797e4d0338d76,DT_201004_O020003,https://stat.eseoul.go.kr/statHtml/statHtml.do?orgId=201&tblId=DT_201004_O020003&conn_path=I2,001002006,001002,광희동,002 계 (14210.MT0047 명),006 65세이상고령자 (14999671.ga028 명),명,official source code parents + exact complete Q2 boundary parent/name-set bijection; SGIS codes not equated to statistics codes,0,0.0,3,True,-0.29417773315421575,-0.4903575546703421
20240630,을지로동,11020600,45,subway/data/raw/2024/boundary/bnd_dong_11_2024_2Q.shp,boundary,을지로동,을지로동,11020600,20240630,중구,11020600,3466,518,0.14945181765724178,2024 Q2,2024-06-30,population_direct_65_plus,subway/data/raw/2024/population_direct_65_plus/201_DT_201004_O020003_2024Q2_20261006.csv,27,e48f83ca75f7f92a5a83e39834440c0f3149ace1113c3533102797e4d0338d76,DT_201004_O020003,https://stat.eseoul.go.kr/statHtml/statHtml.do?orgId=201&tblId=DT_201004_O020003&conn_path=I2,001002007,001002,을지로동,002 계 (14210.MT0047 명),006 65세이상고령자 (14999671.ga028 명),명,official source code parents + exact complete Q2 boundary parent/name-set bijection; SGIS codes not equated to statistics codes,2,5.770340450086555,4,True,-0.8166684613829198,2.8307566247947795
20240630,신당5동,11020650,385,subway/data/raw/2024/boundary/bnd_dong_11_2024_2Q.shp,boundary,신당5동,신당5동,11020650,20240630,중구,11020650,10521,1997,0.18981085448151316,2024 Q2,2024-06-30,population_direct_65_plus,subway/data/raw/2024/population_direct_65_plus/201_DT_201004_O020003_2024Q2_20261006.csv,32,e48f83ca75f7f92a5a83e39834440c0f3149ace1113c3533102797e4d0338d76,DT_201004_O020003,https://stat.eseoul.go.kr/statHtml/statHtml.do?orgId=201&tblId=DT_201004_O020003&conn_path=I2,001002012,001002,신당5동,002 계 (14210.MT0047 명),006 65세이상고령자 (14999671.ga028 명),명,official source code parents + exact complete Q2 boundary parent/name-set bijection; SGIS codes not equated to statistics codes,2,1.9009599847923202,0,False,0.13671951278071912,0.6037382295731816
20240630,황학동,11020670,92,subway/data/raw/2024/boundary/bnd_dong_11_2024_2Q.shp,boundary,황학동,황학동,11020670,20240630,중구,11020670,13711,2207,0.1609656480198381,2024 Q2,2024-06-30,population_direct_65_plus,subway/data/raw/2024/population_direct_65_plus/201_DT_201004_O020003_2024Q2_20261006.csv,34,e48f83ca75f7f92a5a83e39834440c0f3149ace1113c3533102797e4d0338d76,DT_201004_O020003,https://stat.eseoul.go.kr/statHtml/statHtml.do?orgId=201&tblId=DT_201004_O020003&conn_path=I2,001002014,001002,황학동,002 계 (14210.MT0047 명),006 65세이상고령자 (14999671.ga028 명),명,official source code parents + exact complete Q2 boundary parent/name-set bijection; SGIS codes not equated to statistics codes,0,0.0,1,True,-0.5446811131204858,-0.4903575546703421
20240630,중림동,11020680,24,subway/data/raw/2024/boundary/bnd_dong_11_2024_2Q.shp,boundary,중림동,중림동,11020680,20240630,중구,11020680,12466,2242,0.17984918979624578,2024 Q2,2024-06-30,population_direct_65_plus,subway/data/raw/2024/population_direct_65_plus/201_DT_201004_O020003_2024Q2_20261006.csv,35,e48f83ca75f7f92a5a83e39834440c0f3149ace1113c3533102797e4d0338d76,DT_201004_O020003,https://stat.eseoul.go.kr/statHtml/statHtml.do?orgId=201&tblId=DT_201004_O020003&conn_path=I2,001002015,001002,중림동,002 계 (14210.MT0047 명),006 65세이상고령자 (14999671.ga028 명),명,official source code parents + exact complete Q2 boundary parent/name-set bijection; SGIS codes not equated to statistics codes,0,0.0,0,False,-0.09860154691000576,-0.4903575546703421
20240630,신당동,11020690,105,subway/data/raw/2024/boundary/bnd_dong_11_2024_2Q.shp,boundary,신당동,신당동,11020690,20240630,중구,11020690,8888,1614,0.1815931593159316,2024 Q2,2024-06-30,population_direct_65_plus,subway/data/raw/2024/population_direct_65_plus/201_DT_201004_O020003_2024Q2_20261006.csv,28,e48f83ca75f7f92a5a83e39834440c0f3149ace1113c3533102797e4d0338d76,DT_201004_O020003,https://stat.eseoul.go.kr/statHtml/statHtml.do?orgId=201&tblId=DT_201004_O020003&conn_path=I2,001002016,001002,신당동,002 계 (14210.MT0047 명),006 65세이상고령자 (14999671.ga028 명),명,official source code parents + exact complete Q2 boundary parent/name-set bijection; SGIS codes not equated to statistics codes,1,1.125112511251125,1,True,-0.057404340578845955,0.15719992429152285
20240630,다산동,11020700,25,subway/data/raw/2024/boundary/bnd_dong_11_2024_2Q.shp,boundary,다산동,다산동,11020700,20240630,중구,11020700,13625,3010,0.22091743119266055,2024 Q2,2024-06-30,population_direct_65_plus,subway/data/raw/2024/population_direct_65_plus/201_DT_201004_O020003_2024Q2_20261006.csv,29,e48f83ca75f7f92a5a83e39834440c0f3149ace1113c3533102797e4d0338d76,DT_201004_O020003,https://stat.eseoul.go.kr/statHtml/statHtml.do?orgId=201&tblId=DT_201004_O020003&conn_path=I2,001002017,001002,다산동,002 계 (14210.MT0047 명),006 65세이상고령자 (14999671.ga028 명),명,official source code parents + exact complete Q2 boundary parent/name-set bijection; SGIS codes not equated to statistics codes,0,0.0,1,True,0.8715397287074662,-0.4903575546703421
20240630,약수동,11020710,109,subway/data/raw/2024/boundary/bnd_dong_11_2024_2Q.shp,boundary,약수동,약수동,11020710,20240630,중구,11020710,16343,4232,0.25894878541271493,2024 Q2,2024-06-30,population_direct_65_plus,subway/data/raw/2024/population_direct_65_plus/201_DT_201004_O020003_2024Q2_20261006.csv,30,e48f83ca75f7f92a5a83e39834440c0f3149ace1113c3533102797e4d0338d76,DT_201004_O020003,https://stat.eseoul.go.kr/statHtml/statHtml.do?orgId=201&tblId=DT_201004_O020003&conn_path=I2,001002018,001002,약수동,002 계 (14210.MT0047 명),006 65세이상고령자 (14999671.ga028 명),명,official source code parents + exact complete Q2 boundary parent/name-set bijection; SGIS codes not equated to statistics codes,0,0.0,2,True,1.7699416383573998,-0.4903575546703421
20240630,청구동,11020720,110,subway/data/raw/2024/boundary/bnd_dong_11_2024_2Q.shp,boundary,청구동,청구동,11020720,20240630,중구,11020720,13127,2988,0.2276224575302811,2024 Q2,2024-06-30,population_direct_65_plus,subway/data/raw/2024/population_direct_65_plus/201_DT_201004_O020003_2024Q2_20261006.csv,31,e48f83ca75f7f92a5a83e39834440c0f3149ace1113c3533102797e4d0338d76,DT_201004_O020003,https://stat.eseoul.go.kr/statHtml/statHtml.do?orgId=201&tblId=DT_201004_O020003&conn_path=I2,001002019,001002,청구동,002 계 (14210.MT0047 명),006 65세이상고령자 (14999671.ga028 명),명,official source code parents + exact complete Q2 boundary parent/name-set bijection; SGIS codes not equated to statistics codes,0,0.0,2,True,1.0299303143047305,-0.4903575546703421
20240630,동화동,11020730,397,subway/data/raw/2024/boundary/bnd_dong_11_2024_2Q.shp,boundary,동화동,동화동,11020730,20240630,중구,11020730,10103,2169,0.214688706324854,2024 Q2,2024-06-30,population_direct_65_plus,subway/data/raw/2024/population_direct_65_plus/201_DT_201004_O020003_2024Q2_20261006.csv,33,e48f83ca75f7f92a5a83e39834440c0f3149ace1113c3533102797e4d0338d76,DT_201004_O020003,https://stat.eseoul.go.kr/statHtml/statHtml.do?orgId=201&tblId=DT_201004_O020003&conn_path=I2,001002020,001002,동화동,002 계 (14210.MT0047 명),006 65세이상고령자 (14999671.ga028 명),명,official source code parents + exact complete Q2 boundary parent/name-set bijection; SGIS codes not equated to statistics codes,1,0.9898050084133426,0,False,0.72440065278756,0.07932381452821834
20240630,후암동,11030510,47,subway/data/raw/2024/boundary/bnd_dong_11_2024_2Q.shp,boundary,후암동,후암동,11030510,20240630,용산구,11030510,16412,3170,0.19315135266877895,2024 Q2,2024-06-30,population_direct_65_plus,subway/data/raw/2024/population_direct_65_plus/201_DT_201004_O020003_2024Q2_20261006.csv,37,e48f83ca75f7f92a5a83e39834440c0f3149ace1113c3533102797e4d0338d76,DT_201004_O020003,https://stat.eseoul.go.kr/statHtml/statHtml.do?orgId=201&tblId=DT_201004_O020003&conn_path=I2,001003001,001003,후암동,002 계 (14210.MT0047 명),006 65세이상고령자 (14999671.ga028 명),명,official source code parents + exact complete Q2 boundary parent/name-set bijection; SGIS codes not equated to statistics codes,0,0.0,0,False,0.21563097970500764,-0.4903575546703421
20240630,용산2가동,11030520,48,subway/data/raw/2024/boundary/bnd_dong_11_2024_2Q.shp,boundary,용산2가동,용산2가동,11030520,20240630,용산구,11030520,10273,2135,0.2078263408936046,2024 Q2,2024-06-30,population_direct_65_plus,subway/data/raw/2024/population_direct_65_plus/201_DT_201004_O020003_2024Q2_20261006.csv,38,e48f83ca75f7f92a5a83e39834440c0f3149ace1113c3533102797e4d0338d76,DT_201004_O020003,https://stat.eseoul.go.kr/statHtml/statHtml.do?orgId=201&tblId=DT_201004_O020003&conn_path=I2,001003002,001003,용산2가동,002 계 (14210.MT0047 명),006 65세이상고령자 (14999671.ga028 명),명,official source code parents + exact complete Q2 boundary parent/name-set bijection; SGIS codes not equated to statistics codes,0,0.0,0,False,0.5622932986166377,-0.4903575546703421
20240630,남영동,11030530,49,subway/data/raw/2024/boundary/bnd_dong_11_2024_2Q.shp,boundary,남영동,남영동,11030530,20240630,용산구,11030530,7334,1609,0.2193891464412326,2024 Q2,2024-06-30,population_direct_65_plus,subway/data/raw/2024/population_direct_65_plus/201_DT_201004_O020003_2024Q2_20261006.csv,39,e48f83ca75f7f92a5a83e39834440c0f3149ace1113c3533102797e4d0338d76,DT_201004_O020003,https://stat.eseoul.go.kr/statHtml/statHtml.do?orgId=201&tblId=DT_201004_O020003&conn_path=I2,001003003,001003,남영동,002 계 (14210.MT0047 명),006 65세이상고령자 (14999671.ga028 명),명,official source code parents + exact complete Q2 boundary parent/name-set bijection; SGIS codes not equated to statistics codes,1,1.3635124079629124,3,True,0.835437571229,0.29441076725671755
20240630,원효로2동,11030570,386,subway/data/raw/2024/boundary/bnd_dong_11_2024_2Q.shp,boundary,원효로2동,원효로2동,11030570,20240630,용산구,11030570,13707,2514,0.1834099365287809,2024 Q2,2024-06-30,population_direct_65_plus,subway/data/raw/2024/population_direct_65_plus/201_DT_201004_O020003_2024Q2_20261006.csv,42,e48f83ca75f7f92a5a83e39834440c0f3149ace1113c3533102797e4d0338d76,DT_201004_O020003,https://stat.eseoul.go.kr/statHtml/statHtml.do?orgId=201&tblId=DT_201004_O020003&conn_path=I2,001003007,001003,원효로2동,002 계 (14210.MT0047 명),006 65세이상고령자 (14999671.ga028 명),명,official source code parents + exact complete Q2 boundary parent/name-set bijection; SGIS codes not equated to statistics codes,1,0.7295542423579193,0,False,-0.014487222561217471,-0.07046327634444614
20240630,효창동,11030580,387,subway/data/raw/2024/boundary/bnd_dong_11_2024_2Q.shp,boundary,효창동,효창동,11030580,20240630,용산구,11030580,10772,1659,0.1540103973264018,2024 Q2,2024-06-30,population_direct_65_plus,subway/data/raw/2024/population_direct_65_plus/201_DT_201004_O020003_2024Q2_20261006.csv,43,e48f83ca75f7f92a5a83e39834440c0f3149ace1113c3533102797e4d0338d76,DT_201004_O020003,https://stat.eseoul.go.kr/statHtml/statHtml.do?orgId=201&tblId=DT_201004_O020003&conn_path=I2,001003008,001003,효창동,002 계 (14210.MT0047 명),006 65세이상고령자 (14999671.ga028 명),명,official source code parents + exact complete Q2 boundary parent/name-set bijection; SGIS codes not equated to statistics codes,0,0.0,1,True,-0.7089826646487835,-0.4903575546703421
20240630,용문동,11030590,10,subway/data/raw/2024/boundary/bnd_dong_11_2024_2Q.shp,boundary,용문동,용문동,11030590,20240630,용산구,11030590,11411,2308,0.20226097625098588,2024 Q2,2024-06-30,population_direct_65_plus,subway/data/raw/2024/population_direct_65_plus/201_DT_201004_O020003_2024Q2_20261006.csv,44,e48f83ca75f7f92a5a83e39834440c0f3149ace1113c3533102797e4d0338d76,DT_201004_O020003,https://stat.eseoul.go.kr/statHtml/statHtml.do?orgId=201&tblId=DT_201004_O020003&conn_path=I2,001003009,001003,용문동,002 계 (14210.MT0047 명),006 65세이상고령자 (14999671.ga028 명),명,official source code parents + exact complete Q2 boundary parent/name-set bijection; SGIS codes not equated to statistics codes,0,0.0,0,False,0.43082455853715984,-0.4903575546703421
20240630,이촌1동,11030630,113,subway/data/raw/2024/boundary/bnd_dong_11_2024_2Q.shp,boundary,이촌1동,이촌1동,11030630,20240630,용산구,11030630,25481,4572,0.17942780895569246,2024 Q2,2024-06-30,population_direct_65_plus,subway/data/raw/2024/population_direct_65_plus/201_DT_201004_O020003_2024Q2_20261006.csv,46,e48f83ca75f7f92a5a83e39834440c0f3149ace1113c3533102797e4d0338d76,DT_201004_O020003,https://stat.eseoul.go.kr/statHtml/statHtml.do?orgId=201&tblId=DT_201004_O020003&conn_path=I2,001003013,001003,이촌1동,002 계 (14210.MT0047 명),006 65세이상고령자 (14999671.ga028 명),명,official source code parents + exact complete Q2 boundary parent/name-set bijection; SGIS codes not equated to statistics codes,1,0.3924492759310859,0,False,-0.10855568500491938,-0.26448373209614734
20240630,이촌2동,11030640,114,subway/data/raw/2024/boundary/bnd_dong_11_2024_2Q.shp,boundary,이촌2동,이촌2동,11030640,20240630,용산구,11030640,7870,1853,0.23545108005082593,2024 Q2,2024-06-30,population_direct_65_plus,subway/data/raw/2024/population_direct_65_plus/201_DT_201004_O020003_2024Q2_20261006.csv,47,e48f83ca75f7f92a5a83e39834440c0f3149ace1113c3533102797e4d0338d76,DT_201004_O020003,https://stat.eseoul.go.kr/statHtml/statHtml.do?orgId=201&tblId=DT_201004_O020003&conn_path=I2,001003014,001003,이촌2동,002 계 (14210.MT0047 명),006 65세이상고령자 (14999671.ga028 명),명,official source code parents + exact complete Q2 boundary parent/name-set bijection; SGIS codes not equated to statistics codes,0,0.0,0,False,1.2148632352228408,-0.4903575546703421
20240630,이태원1동,11030650,26,subway/data/raw/2024/boundary/bnd_dong_11_2024_2Q.shp,boundary,이태원1동,이태원1동,11030650,20240630,용산구,11030650,7841,1442,0.18390511414360414,2024 Q2,2024-06-30,population_direct_65_plus,subway/data/raw/2024/population_direct_65_plus/201_DT_201004_O020003_2024Q2_20261006.csv,48,e48f83ca75f7f92a5a83e39834440c0f3149ace1113c3533102797e4d0338d76,DT_201004_O020003,https://stat.eseoul.go.kr/statHtml/statHtml.do?orgId=201&tblId=DT_201004_O020003&conn_path=I2,001003015,001003,이태원1동,002 계 (14210.MT0047 명),006 65세이상고령자 (14999671.ga028 명),명,official source code parents + exact complete Q2 boundary parent/name-set bijection; SGIS codes not equated to statistics codes,1,1.2753475322025254,1,True,-0.0027898080489961907,0.2436675534807938
20240630,이태원2동,11030660,27,subway/data/raw/2024/boundary/bnd_dong_11_2024_2Q.shp,boundary,이태원2동,이태원2동,11030660,20240630,용산구,11030660,10242,1958,0.19117359890646357,2024 Q2,2024-06-30,population_direct_65_plus,subway/data/raw/2024/population_direct_65_plus/201_DT_201004_O020003_2024Q2_20261006.csv,49,e48f83ca75f7f92a5a83e39834440c0f3149ace1113c3533102797e4d0338d76,DT_201004_O020003,https://stat.eseoul.go.kr/statHtml/statHtml.do?orgId=201&tblId=DT_201004_O020003&conn_path=I2,001003016,001003,이태원2동,002 계 (14210.MT0047 명),006 65세이상고령자 (14999671.ga028 명),명,official source code parents + exact complete Q2 boundary parent/name-set bijection; SGIS codes not equated to statistics codes,0,0.0,0,False,0.16891116671595194,-0.4903575546703421
20240630,서빙고동,11030690,28,subway/data/raw/2024/boundary/bnd_dong_11_2024_2Q.shp,boundary,서빙고동,서빙고동,11030690,20240630,용산구,11030690,13306,2305,0.17323012174958666,2024 Q2,2024-06-30,population_direct_65_plus,subway/data/raw/2024/population_direct_65_plus/201_DT_201004_O020003_2024Q2_20261006.csv,51,e48f83ca75f7f92a5a83e39834440c0f3149ace1113c3533102797e4d0338d76,DT_201004_O020003,https://stat.eseoul.go.kr/statHtml/statHtml.do?orgId=201&tblId=DT_201004_O020003&conn_path=I2,001003019,001003,서빙고동,002 계 (14210.MT0047 명),006 65세이상고령자 (14999671.ga028 명),명,official source code parents + exact complete Q2 boundary parent/name-set bijection; SGIS codes not equated to statistics codes,0,0.0,0,False,-0.2549615686650479,-0.4903575546703421
20240630,보광동,11030700,29,subway/data/raw/2024/boundary/bnd_dong_11_2024_2Q.shp,boundary,보광동,보광동,11030700,20240630,용산구,11030700,8652,1814,0.20966250577901063,2024 Q2,2024-06-30,population_direct_65_plus,subway/data/raw/2024/population_direct_65_plus/201_DT_201004_O020003_2024Q2_20261006.csv,52,e48f83ca75f7f92a5a83e39834440c0f3149ace1113c3533102797e4d0338d76,DT_201004_O020003,https://stat.eseoul.go.kr/statHtml/statHtml.do?orgId=201&tblId=DT_201004_O020003&conn_path=I2,001003020,001003,보광동,002 계 (14210.MT0047 명),006 65세이상고령자 (14999671.ga028 명),명,official source code parents + exact complete Q2 boundary parent/name-set bijection; SGIS codes not equated to statistics codes,0,0.0,0,False,0.6056684051126106,-0.4903575546703421
20240630,청파동,11030710,398,subway/data/raw/2024/boundary/bnd_dong_11_2024_2Q.shp,boundary,청파동,청파동,11030710,20240630,용산구,11030710,19420,3412,0.1756951596292482,2024 Q2,2024-06-30,population_direct_65_plus,subway/data/raw/2024/population_direct_65_plus/201_DT_201004_O020003_2024Q2_20261006.csv,40,e48f83ca75f7f92a5a83e39834440c0f3149ace1113c3533102797e4d0338d76,DT_201004_O020003,https://stat.eseoul.go.kr/statHtml/statHtml.do?orgId=201&tblId=DT_201004_O020003&conn_path=I2,001003021,001003,청파동,002 계 (14210.MT0047 명),006 65세이상고령자 (14999671.ga028 명),명,official source code parents + exact complete Q2 boundary parent/name-set bijection; SGIS codes not equated to statistics codes,1,0.5149330587023687,0,False,-0.19673080660400166,-0.19398830271292417
20240630,원효로1동,11030720,399,subway/data/raw/2024/boundary/bnd_dong_11_2024_2Q.shp,boundary,원효로1동,원효로1동,11030720,20240630,용산구,11030720,17689,2134,0.12063994572898411,2024 Q2,2024-06-30,population_direct_65_plus,subway/data/raw/2024/population_direct_65_plus/201_DT_201004_O020003_2024Q2_20261006.csv,41,e48f83ca75f7f92a5a83e39834440c0f3149ace1113c3533102797e4d0338d76,DT_201004_O020003,https://stat.eseoul.go.kr/statHtml/statHtml.do?orgId=201&tblId=DT_201004_O020003&conn_path=I2,001003006,001003,원효로1동,002 계 (14210.MT0047 명),006 65세이상고령자 (14999671.ga028 명),명,official source code parents + exact complete Q2 boundary parent/name-set bijection; SGIS codes not equated to statistics codes,0,0.0,0,False,-1.4972816367950834,-0.4903575546703421
20240630,한강로동,11030730,400,subway/data/raw/2024/boundary/bnd_dong_11_2024_2Q.shp,boundary,한강로동,한강로동,11030730,20240630,용산구,11030730,22613,3395,0.15013487816742582,2024 Q2,2024-06-30,population_direct_65_plus,subway/data/raw/2024/population_direct_65_plus/201_DT_201004_O020003_2024Q2_20261006.csv,45,e48f83ca75f7f92a5a83e39834440c0f3149ace1113c3533102797e4d0338d76,DT_201004_O020003,https://stat.eseoul.go.kr/statHtml/statHtml.do?orgId=201&tblId=DT_201004_O020003&conn_path=I2,001003022,001003,한강로동,002 계 (14210.MT0047 명),006 65세이상고령자 (14999671.ga028 명),명,official source code parents + exact complete Q2 boundary parent/name-set bijection; SGIS codes not equated to statistics codes,2,0.8844469995135542,4,True,-0.800532752325465,0.018685108666062284
20240630,한남동,11030740,401,subway/data/raw/2024/boundary/bnd_dong_11_2024_2Q.shp,boundary,한남동,한남동,11030740,20240630,용산구,11030740,16428,2741,0.1668492817141466,2024 Q2,2024-06-30,population_direct_65_plus,subway/data/raw/2024/population_direct_65_plus/201_DT_201004_O020003_2024Q2_20261006.csv,50,e48f83ca75f7f92a5a83e39834440c0f3149ace1113c3533102797e4d0338d76,DT_201004_O020003,https://stat.eseoul.go.kr/statHtml/statHtml.do?orgId=201&tblId=DT_201004_O020003&conn_path=I2,001003023,001003,한남동,002 계 (14210.MT0047 명),006 65세이상고령자 (14999671.ga028 명),명,official source code parents + exact complete Q2 boundary parent/name-set bijection; SGIS codes not equated to statistics codes,2,1.2174336498660823,1,True,-0.40569401010904094,0.21033527135997876
20240630,왕십리2동,11040520,402,subway/data/raw/2024/boundary/bnd_dong_11_2024_2Q.shp,boundary,왕십리2동,왕십리2동,11040520,20240630,성동구,11040520,16435,2833,0.17237602677213265,2024 Q2,2024-06-30,population_direct_65_plus,subway/data/raw/2024/population_direct_65_plus/201_DT_201004_O020003_2024Q2_20261006.csv,54,e48f83ca75f7f92a5a83e39834440c0f3149ace1113c3533102797e4d0338d76,DT_201004_O020003,https://stat.eseoul.go.kr/statHtml/statHtml.do?orgId=201&tblId=DT_201004_O020003&conn_path=I2,001004002,001004,왕십리2동,002 계 (14210.MT0047 명),006 65세이상고령자 (14999671.ga028 명),명,official source code parents + exact complete Q2 boundary parent/name-set bijection; SGIS codes not equated to statistics codes,0,0.0,1,True,-0.2751375675087198,-0.4903575546703421
20240630,마장동,11040540,115,subway/data/raw/2024/boundary/bnd_dong_11_2024_2Q.shp,boundary,마장동,마장동,11040540,20240630,성동구,11040540,22073,4273,0.19358492275630862,2024 Q2,2024-06-30,population_direct_65_plus,subway/data/raw/2024/population_direct_65_plus/201_DT_201004_O020003_2024Q2_20261006.csv,56,e48f83ca75f7f92a5a83e39834440c0f3149ace1113c3533102797e4d0338d76,DT_201004_O020003,https://stat.eseoul.go.kr/statHtml/statHtml.do?orgId=201&tblId=DT_201004_O020003&conn_path=I2,001004004,001004,마장동,002 계 (14210.MT0047 명),006 65세이상고령자 (14999671.ga028 명),명,official source code parents + exact complete Q2 boundary parent/name-set bijection; SGIS codes not equated to statistics codes,0,0.0,1,True,0.22587306028804266,-0.4903575546703421
20240630,사근동,11040550,116,subway/data/raw/2024/boundary/bnd_dong_11_2024_2Q.shp,boundary,사근동,사근동,11040550,20240630,성동구,11040550,14133,1567,0.11087525649189839,2024 Q2,2024-06-30,population_direct_65_plus,subway/data/raw/2024/population_direct_65_plus/201_DT_201004_O020003_2024Q2_20261006.csv,57,e48f83ca75f7f92a5a83e39834440c0f3149ace1113c3533102797e4d0338d76,DT_201004_O020003,https://stat.eseoul.go.kr/statHtml/statHtml.do?orgId=201&tblId=DT_201004_O020003&conn_path=I2,001004005,001004,사근동,002 계 (14210.MT0047 명),006 65세이상고령자 (14999671.ga028 명),명,official source code parents + exact complete Q2 boundary parent/name-set bijection; SGIS codes not equated to statistics codes,2,1.4151277152763038,1,True,-1.727949611618606,0.3241179102717163
20240630,행당1동,11040560,117,subway/data/raw/2024/boundary/bnd_dong_11_2024_2Q.shp,boundary,행당1동,행당1동,11040560,20240630,성동구,11040560,14034,2320,0.16531281174291007,2024 Q2,2024-06-30,population_direct_65_plus,subway/data/raw/2024/population_direct_65_plus/201_DT_201004_O020003_2024Q2_20261006.csv,58,e48f83ca75f7f92a5a83e39834440c0f3149ace1113c3533102797e4d0338d76,DT_201004_O020003,https://stat.eseoul.go.kr/statHtml/statHtml.do?orgId=201&tblId=DT_201004_O020003&conn_path=I2,001004006,001004,행당1동,002 계 (14210.MT0047 명),006 65세이상고령자 (14999671.ga028 명),명,official source code parents + exact complete Q2 boundary parent/name-set bijection; SGIS codes not equated to statistics codes,4,2.850220892119139,2,True,-0.4419895242864137,1.1500844783959412
20240630,행당2동,11040570,118,subway/data/raw/2024/boundary/bnd_dong_11_2024_2Q.shp,boundary,행당2동,행당2동,11040570,20240630,성동구,11040570,22850,4259,0.18638949671772428,2024 Q2,2024-06-30,population_direct_65_plus,subway/data/raw/2024/population_direct_65_plus/201_DT_201004_O020003_2024Q2_20261006.csv,59,e48f83ca75f7f92a5a83e39834440c0f3149ace1113c3533102797e4d0338d76,DT_201004_O020003,https://stat.eseoul.go.kr/statHtml/statHtml.do?orgId=201&tblId=DT_201004_O020003&conn_path=I2,001004007,001004,행당2동,002 계 (14210.MT0047 명),006 65세이상고령자 (14999671.ga028 명),명,official source code parents + exact complete Q2 boundary parent/name-set bijection; SGIS codes not equated to statistics codes,0,0.0,1,True,0.05589792723321504,-0.4903575546703421
20240630,응봉동,11040580,119,subway/data/raw/2024/boundary/bnd_dong_11_2024_2Q.shp,boundary,응봉동,응봉동,11040580,20240630,성동구,11040580,14888,2680,0.1800107469102633,2024 Q2,2024-06-30,population_direct_65_plus,subway/data/raw/2024/population_direct_65_plus/201_DT_201004_O020003_2024Q2_20261006.csv,60,e48f83ca75f7f92a5a83e39834440c0f3149ace1113c3533102797e4d0338d76,DT_201004_O020003,https://stat.eseoul.go.kr/statHtml/statHtml.do?orgId=201&tblId=DT_201004_O020003&conn_path=I2,001004008,001004,응봉동,002 계 (14210.MT0047 명),006 65세이상고령자 (14999671.ga028 명),명,official source code parents + exact complete Q2 boundary parent/name-set bijection; SGIS codes not equated to statistics codes,0,0.0,0,False,-0.09478513745713543,-0.4903575546703421
20240630,금호1가동,11040590,30,subway/data/raw/2024/boundary/bnd_dong_11_2024_2Q.shp,boundary,금호1가동,금호1가동,11040590,20240630,성동구,11040590,14807,2913,0.19673127574795704,2024 Q2,2024-06-30,population_direct_65_plus,subway/data/raw/2024/population_direct_65_plus/201_DT_201004_O020003_2024Q2_20261006.csv,61,e48f83ca75f7f92a5a83e39834440c0f3149ace1113c3533102797e4d0338d76,DT_201004_O020003,https://stat.eseoul.go.kr/statHtml/statHtml.do?orgId=201&tblId=DT_201004_O020003&conn_path=I2,001004009,001004,금호1가동,002 계 (14210.MT0047 명),006 65세이상고령자 (14999671.ga028 명),명,official source code parents + exact complete Q2 boundary parent/name-set bijection; SGIS codes not equated to statistics codes,1,0.6753562504220977,1,True,0.3001983004510442,-0.1016568811366718
20240630,금호4가동,11040620,31,subway/data/raw/2024/boundary/bnd_dong_11_2024_2Q.shp,boundary,금호4가동,금호4가동,11040620,20240630,성동구,11040620,14237,2717,0.19084076701552294,2024 Q2,2024-06-30,population_direct_65_plus,subway/data/raw/2024/population_direct_65_plus/201_DT_201004_O020003_2024Q2_20261006.csv,63,e48f83ca75f7f92a5a83e39834440c0f3149ace1113c3533102797e4d0338d76,DT_201004_O020003,https://stat.eseoul.go.kr/statHtml/statHtml.do?orgId=201&tblId=DT_201004_O020003&conn_path=I2,001004012,001004,금호4가동,002 계 (14210.MT0047 명),006 65세이상고령자 (14999671.ga028 명),명,official source code parents + exact complete Q2 boundary parent/name-set bijection; SGIS codes not equated to statistics codes,1,0.7023951675212475,0,False,0.16104879072262515,-0.08609465707864045
20240630,성수1가1동,11040650,32,subway/data/raw/2024/boundary/bnd_dong_11_2024_2Q.shp,boundary,성수1가1동,성수1가1동,11040650,20240630,성동구,11040650,15659,2542,0.1623347595631905,2024 Q2,2024-06-30,population_direct_65_plus,subway/data/raw/2024/population_direct_65_plus/201_DT_201004_O020003_2024Q2_20261006.csv,65,e48f83ca75f7f92a5a83e39834440c0f3149ace1113c3533102797e4d0338d76,DT_201004_O020003,https://stat.eseoul.go.kr/statHtml/statHtml.do?orgId=201&tblId=DT_201004_O020003&conn_path=I2,001004015,001004,성수1가1동,002 계 (14210.MT0047 명),006 65세이상고령자 (14999671.ga028 명),명,official source code parents + exact complete Q2 boundary parent/name-set bijection; SGIS codes not equated to statistics codes,0,0.0,0,False,-0.5123390508853483,-0.4903575546703421
20240630,성수1가2동,11040660,33,subway/data/raw/2024/boundary/bnd_dong_11_2024_2Q.shp,boundary,성수1가2동,성수1가2동,11040660,20240630,성동구,11040660,12056,2119,0.17576310550763105,2024 Q2,2024-06-30,population_direct_65_plus,subway/data/raw/2024/population_direct_65_plus/201_DT_201004_O020003_2024Q2_20261006.csv,66,e48f83ca75f7f92a5a83e39834440c0f3149ace1113c3533102797e4d0338d76,DT_201004_O020003,https://stat.eseoul.go.kr/statHtml/statHtml.do?orgId=201&tblId=DT_201004_O020003&conn_path=I2,001004016,001004,성수1가2동,002 계 (14210.MT0047 명),006 65세이상고령자 (14999671.ga028 명),명,official source code parents + exact complete Q2 boundary parent/name-set bijection; SGIS codes not equated to statistics codes,1,0.8294625082946251,1,True,-0.19512574393547832,-0.012961165070719023
20240630,성수2가1동,11040670,403,subway/data/raw/2024/boundary/bnd_dong_11_2024_2Q.shp,boundary,성수2가1동,성수2가1동,11040670,20240630,성동구,11040670,14955,3123,0.20882647943831495,2024 Q2,2024-06-30,population_direct_65_plus,subway/data/raw/2024/population_direct_65_plus/201_DT_201004_O020003_2024Q2_20261006.csv,67,e48f83ca75f7f92a5a83e39834440c0f3149ace1113c3533102797e4d0338d76,DT_201004_O020003,https://stat.eseoul.go.kr/statHtml/statHtml.do?orgId=201&tblId=DT_201004_O020003&conn_path=I2,001004017,001004,성수2가1동,002 계 (14210.MT0047 명),006 65세이상고령자 (14999671.ga028 명),명,official source code parents + exact complete Q2 boundary parent/name-set bijection; SGIS codes not equated to statistics codes,0,0.0,0,False,0.5859192356075554,-0.4903575546703421
20240630,성수2가3동,11040680,122,subway/data/raw/2024/boundary/bnd_dong_11_2024_2Q.shp,boundary,성수2가3동,성수2가3동,11040680,20240630,성동구,11040680,10172,1896,0.18639402280770742,2024 Q2,2024-06-30,population_direct_65_plus,subway/data/raw/2024/population_direct_65_plus/201_DT_201004_O020003_2024Q2_20261006.csv,68,e48f83ca75f7f92a5a83e39834440c0f3149ace1113c3533102797e4d0338d76,DT_201004_O020003,https://stat.eseoul.go.kr/statHtml/statHtml.do?orgId=201&tblId=DT_201004_O020003&conn_path=I2,001004018,001004,성수2가3동,002 계 (14210.MT0047 명),006 65세이상고령자 (14999671.ga028 명),명,official source code parents + exact complete Q2 boundary parent/name-set bijection; SGIS codes not equated to statistics codes,1,0.9830908375933936,1,True,0.056004845537006416,0.07545947964081158
20240630,송정동,11040690,34,subway/data/raw/2024/boundary/bnd_dong_11_2024_2Q.shp,boundary,송정동,송정동,11040690,20240630,성동구,11040690,10035,1975,0.19681116093672146,2024 Q2,2024-06-30,population_direct_65_plus,subway/data/raw/2024/population_direct_65_plus/201_DT_201004_O020003_2024Q2_20261006.csv,69,e48f83ca75f7f92a5a83e39834440c0f3149ace1113c3533102797e4d0338d76,DT_201004_O020003,https://stat.eseoul.go.kr/statHtml/statHtml.do?orgId=201&tblId=DT_201004_O020003&conn_path=I2,001004019,001004,송정동,002 계 (14210.MT0047 명),006 65세이상고령자 (14999671.ga028 명),명,official source code parents + exact complete Q2 boundary parent/name-set bijection; SGIS codes not equated to statistics codes,0,0.0,0,False,0.3020854014394402,-0.4903575546703421
20240630,용답동,11040700,35,subway/data/raw/2024/boundary/bnd_dong_11_2024_2Q.shp,boundary,용답동,용답동,11040700,20240630,성동구,11040700,13127,2362,0.17993448617353547,2024 Q2,2024-06-30,population_direct_65_plus,subway/data/raw/2024/population_direct_65_plus/201_DT_201004_O020003_2024Q2_20261006.csv,70,e48f83ca75f7f92a5a83e39834440c0f3149ace1113c3533102797e4d0338d76,DT_201004_O020003,https://stat.eseoul.go.kr/statHtml/statHtml.do?orgId=201&tblId=DT_201004_O020003&conn_path=I2,001004020,001004,용답동,002 계 (14210.MT0047 명),006 65세이상고령자 (14999671.ga028 명),명,official source code parents + exact complete Q2 boundary parent/name-set bijection; SGIS codes not equated to statistics codes,1,0.7617886798202179,3,True,-0.09658661923217762,-0.05191077528334918
20240630,왕십리도선동,11040710,123,subway/data/raw/2024/boundary/bnd_dong_11_2024_2Q.shp,boundary,왕십리도선동,왕십리도선동,11040710,20240630,성동구,11040710,26670,4191,0.15714285714285714,2024 Q2,2024-06-30,population_direct_65_plus,subway/data/raw/2024/population_direct_65_plus/201_DT_201004_O020003_2024Q2_20261006.csv,55,e48f83ca75f7f92a5a83e39834440c0f3149ace1113c3533102797e4d0338d76,DT_201004_O020003,https://stat.eseoul.go.kr/statHtml/statHtml.do?orgId=201&tblId=DT_201004_O020003&conn_path=I2,001004021,001004,왕십리도선동,002 계 (14210.MT0047 명),006 65세이상고령자 (14999671.ga028 명),명,official source code parents + exact complete Q2 boundary parent/name-set bijection; SGIS codes not equated to statistics codes,1,0.3749531308586427,0,False,-0.6349856182979805,-0.2745536224238833
20240630,금호2·3가동,11040720,36,subway/data/raw/2024/boundary/bnd_dong_11_2024_2Q.shp,boundary,금호2·3가동,금호2·3가동,11040720,20240630,성동구,11040720,21996,4196,0.19076195671940352,2024 Q2,2024-06-30,population_direct_65_plus,subway/data/raw/2024/population_direct_65_plus/201_DT_201004_O020003_2024Q2_20261006.csv,62,e48f83ca75f7f92a5a83e39834440c0f3149ace1113c3533102797e4d0338d76,DT_201004_O020003,https://stat.eseoul.go.kr/statHtml/statHtml.do?orgId=201&tblId=DT_201004_O020003&conn_path=I2,001004022,001004,금호2.3가동,002 계 (14210.MT0047 명),006 65세이상고령자 (14999671.ga028 명),명,official source code parents + exact complete Q2 boundary parent/name-set bijection; SGIS codes not equated to statistics codes,1,0.45462811420258226,1,True,0.15918708156222855,-0.22869675847953216
20240630,옥수동,11040730,404,subway/data/raw/2024/boundary/bnd_dong_11_2024_2Q.shp,boundary,옥수동,옥수동,11040730,20240630,성동구,11040730,25726,4568,0.17756355438078208,2024 Q2,2024-06-30,population_direct_65_plus,subway/data/raw/2024/population_direct_65_plus/201_DT_201004_O020003_2024Q2_20261006.csv,64,e48f83ca75f7f92a5a83e39834440c0f3149ace1113c3533102797e4d0338d76,DT_201004_O020003,https://stat.eseoul.go.kr/statHtml/statHtml.do?orgId=201&tblId=DT_201004_O020003&conn_path=I2,001004023,001004,옥수동,002 계 (14210.MT0047 명),006 65세이상고령자 (14999671.ga028 명),명,official source code parents + exact complete Q2 boundary parent/name-set bijection; SGIS codes not equated to statistics codes,0,0.0,1,True,-0.15259434480341644,-0.4903575546703421
20240630,화양동,11050530,124,subway/data/raw/2024/boundary/bnd_dong_11_2024_2Q.shp,boundary,화양동,화양동,11050530,20240630,광진구,11050530,27646,2445,0.08843955725963973,2024 Q2,2024-06-30,population_direct_65_plus,subway/data/raw/2024/population_direct_65_plus/201_DT_201004_O020003_2024Q2_20261006.csv,72,e48f83ca75f7f92a5a83e39834440c0f3149ace1113c3533102797e4d0338d76,DT_201004_O020003,https://stat.eseoul.go.kr/statHtml/statHtml.do?orgId=201&tblId=DT_201004_O020003&conn_path=I2,001005003,001005,화양동,002 계 (14210.MT0047 명),006 65세이상고령자 (14999671.ga028 명),명,official source code parents + exact complete Q2 boundary parent/name-set bijection; SGIS codes not equated to statistics codes,2,0.7234319612240468,2,True,-2.2579406005790803,-0.07398694966324845
20240630,군자동,11050540,125,subway/data/raw/2024/boundary/bnd_dong_11_2024_2Q.shp,boundary,군자동,군자동,11050540,20240630,광진구,11050540,21454,3378,0.1574531555887014,2024 Q2,2024-06-30,population_direct_65_plus,subway/data/raw/2024/population_direct_65_plus/201_DT_201004_O020003_2024Q2_20261006.csv,73,e48f83ca75f7f92a5a83e39834440c0f3149ace1113c3533102797e4d0338d76,DT_201004_O020003,https://stat.eseoul.go.kr/statHtml/statHtml.do?orgId=201&tblId=DT_201004_O020003&conn_path=I2,001005004,001005,군자동,002 계 (14210.MT0047 명),006 65세이상고령자 (14999671.ga028 명),명,official source code parents + exact complete Q2 boundary parent/name-set bijection; SGIS codes not equated to statistics codes,1,0.4661135452596253,0,False,-0.6276555423113386,-0.22208632911738896
20240630,중곡1동,11050550,128,subway/data/raw/2024/boundary/bnd_dong_11_2024_2Q.shp,boundary,중곡1동,중곡1동,11050550,20240630,광진구,11050550,15587,2774,0.17796882017065505,2024 Q2,2024-06-30,population_direct_65_plus,subway/data/raw/2024/population_direct_65_plus/201_DT_201004_O020003_2024Q2_20261006.csv,74,e48f83ca75f7f92a5a83e39834440c0f3149ace1113c3533102797e4d0338d76,DT_201004_O020003,https://stat.eseoul.go.kr/statHtml/statHtml.do?orgId=201&tblId=DT_201004_O020003&conn_path=I2,001005005,001005,중곡1동,002 계 (14210.MT0047 명),006 65세이상고령자 (14999671.ga028 명),명,official source code parents + exact complete Q2 boundary parent/name-set bijection; SGIS codes not equated to statistics codes,0,0.0,0,False,-0.14302088713922242,-0.4903575546703421
20240630,중곡2동,11050560,130,subway/data/raw/2024/boundary/bnd_dong_11_2024_2Q.shp,boundary,중곡2동,중곡2동,11050560,20240630,광진구,11050560,20675,3729,0.1803627569528416,2024 Q2,2024-06-30,population_direct_65_plus,subway/data/raw/2024/population_direct_65_plus/201_DT_201004_O020003_2024Q2_20261006.csv,75,e48f83ca75f7f92a5a83e39834440c0f3149ace1113c3533102797e4d0338d76,DT_201004_O020003,https://stat.eseoul.go.kr/statHtml/statHtml.do?orgId=201&tblId=DT_201004_O020003&conn_path=I2,001005006,001005,중곡2동,002 계 (14210.MT0047 명),006 65세이상고령자 (14999671.ga028 명),명,official source code parents + exact complete Q2 boundary parent/name-set bijection; SGIS codes not equated to statistics codes,2,0.9673518742442563,0,False,-0.08646972242777716,0.06640093365014693
20240630,중곡3동,11050570,131,subway/data/raw/2024/boundary/bnd_dong_11_2024_2Q.shp,boundary,중곡3동,중곡3동,11050570,20240630,광진구,11050570,15814,3183,0.2012773491842671,2024 Q2,2024-06-30,population_direct_65_plus,subway/data/raw/2024/population_direct_65_plus/201_DT_201004_O020003_2024Q2_20261006.csv,76,e48f83ca75f7f92a5a83e39834440c0f3149ace1113c3533102797e4d0338d76,DT_201004_O020003,https://stat.eseoul.go.kr/statHtml/statHtml.do?orgId=201&tblId=DT_201004_O020003&conn_path=I2,001005007,001005,중곡3동,002 계 (14210.MT0047 명),006 65세이상고령자 (14999671.ga028 명),명,official source code parents + exact complete Q2 boundary parent/name-set bijection; SGIS codes not equated to statistics codes,0,0.0,1,True,0.40758866664621224,-0.4903575546703421
20240630,중곡4동,11050580,46,subway/data/raw/2024/boundary/bnd_dong_11_2024_2Q.shp,boundary,중곡4동,중곡4동,11050580,20240630,광진구,11050580,27899,5851,0.20972077852252768,2024 Q2,2024-06-30,population_direct_65_plus,subway/data/raw/2024/population_direct_65_plus/201_DT_201004_O020003_2024Q2_20261006.csv,77,e48f83ca75f7f92a5a83e39834440c0f3149ace1113c3533102797e4d0338d76,DT_201004_O020003,https://stat.eseoul.go.kr/statHtml/statHtml.do?orgId=201&tblId=DT_201004_O020003&conn_path=I2,001005008,001005,중곡4동,002 계 (14210.MT0047 명),006 65세이상고령자 (14999671.ga028 명),명,official source code parents + exact complete Q2 boundary parent/name-set bijection; SGIS codes not equated to statistics codes,2,0.7168715724577942,0,False,0.6070449625644789,-0.0777627754300069
20240630,능동,11050590,132,subway/data/raw/2024/boundary/bnd_dong_11_2024_2Q.shp,boundary,능동,능동,11050590,20240630,광진구,11050590,11477,1753,0.15274026313496558,2024 Q2,2024-06-30,population_direct_65_plus,subway/data/raw/2024/population_direct_65_plus/201_DT_201004_O020003_2024Q2_20261006.csv,78,e48f83ca75f7f92a5a83e39834440c0f3149ace1113c3533102797e4d0338d76,DT_201004_O020003,https://stat.eseoul.go.kr/statHtml/statHtml.do?orgId=201&tblId=DT_201004_O020003&conn_path=I2,001005009,001005,능동,002 계 (14210.MT0047 명),006 65세이상고령자 (14999671.ga028 명),명,official source code parents + exact complete Q2 boundary parent/name-set bijection; SGIS codes not equated to statistics codes,0,0.0,4,True,-0.7389866181366204,-0.4903575546703421
20240630,구의1동,11050600,144,subway/data/raw/2024/boundary/bnd_dong_11_2024_2Q.shp,boundary,구의1동,구의1동,11050600,20240630,광진구,11050600,23739,3591,0.15127006192341716,2024 Q2,2024-06-30,population_direct_65_plus,subway/data/raw/2024/population_direct_65_plus/201_DT_201004_O020003_2024Q2_20261006.csv,84,e48f83ca75f7f92a5a83e39834440c0f3149ace1113c3533102797e4d0338d76,DT_201004_O020003,https://stat.eseoul.go.kr/statHtml/statHtml.do?orgId=201&tblId=DT_201004_O020003&conn_path=I2,001005010,001005,구의1동,002 계 (14210.MT0047 명),006 65세이상고령자 (14999671.ga028 명),명,official source code parents + exact complete Q2 boundary parent/name-set bijection; SGIS codes not equated to statistics codes,1,0.4212477357934201,0,False,-0.7737166876572124,-0.24790880480669764
20240630,구의2동,11050610,388,subway/data/raw/2024/boundary/bnd_dong_11_2024_2Q.shp,boundary,구의2동,구의2동,11050610,20240630,광진구,11050610,26115,4917,0.18828259620907525,2024 Q2,2024-06-30,population_direct_65_plus,subway/data/raw/2024/population_direct_65_plus/201_DT_201004_O020003_2024Q2_20261006.csv,85,e48f83ca75f7f92a5a83e39834440c0f3149ace1113c3533102797e4d0338d76,DT_201004_O020003,https://stat.eseoul.go.kr/statHtml/statHtml.do?orgId=201&tblId=DT_201004_O020003&conn_path=I2,001005011,001005,구의2동,002 계 (14210.MT0047 명),006 65세이상고령자 (14999671.ga028 명),명,official source code parents + exact complete Q2 boundary parent/name-set bijection; SGIS codes not equated to statistics codes,0,0.0,0,False,0.10061798080654258,-0.4903575546703421
20240630,구의3동,11050620,145,subway/data/raw/2024/boundary/bnd_dong_11_2024_2Q.shp,boundary,구의3동,구의3동,11050620,20240630,광진구,11050620,28039,4738,0.16897892221548558,2024 Q2,2024-06-30,population_direct_65_plus,subway/data/raw/2024/population_direct_65_plus/201_DT_201004_O020003_2024Q2_20261006.csv,86,e48f83ca75f7f92a5a83e39834440c0f3149ace1113c3533102797e4d0338d76,DT_201004_O020003,https://stat.eseoul.go.kr/statHtml/statHtml.do?orgId=201&tblId=DT_201004_O020003&conn_path=I2,001005012,001005,구의3동,002 계 (14210.MT0047 명),006 65세이상고령자 (14999671.ga028 명),명,official source code parents + exact complete Q2 boundary parent/name-set bijection; SGIS codes not equated to statistics codes,0,0.0,1,True,-0.35538622768824313,-0.4903575546703421
20240630,광장동,11050630,54,subway/data/raw/2024/boundary/bnd_dong_11_2024_2Q.shp,boundary,광장동,광장동,11050630,20240630,광진구,11050630,34103,4290,0.12579538457027242,2024 Q2,2024-06-30,population_direct_65_plus,subway/data/raw/2024/population_direct_65_plus/201_DT_201004_O020003_2024Q2_20261006.csv,79,e48f83ca75f7f92a5a83e39834440c0f3149ace1113c3533102797e4d0338d76,DT_201004_O020003,https://stat.eseoul.go.kr/statHtml/statHtml.do?orgId=201&tblId=DT_201004_O020003&conn_path=I2,001005013,001005,광장동,002 계 (14210.MT0047 명),006 65세이상고령자 (14999671.ga028 명),명,official source code parents + exact complete Q2 boundary parent/name-set bijection; SGIS codes not equated to statistics codes,3,0.8796880039879189,1,True,-1.3754964362656072,0.01594607313481189
20240630,자양1동,11050640,55,subway/data/raw/2024/boundary/bnd_dong_11_2024_2Q.shp,boundary,자양1동,자양1동,11050640,20240630,광진구,11050640,22774,3958,0.17379467814174057,2024 Q2,2024-06-30,population_direct_65_plus,subway/data/raw/2024/population_direct_65_plus/201_DT_201004_O020003_2024Q2_20261006.csv,80,e48f83ca75f7f92a5a83e39834440c0f3149ace1113c3533102797e4d0338d76,DT_201004_O020003,https://stat.eseoul.go.kr/statHtml/statHtml.do?orgId=201&tblId=DT_201004_O020003&conn_path=I2,001005014,001005,자양1동,002 계 (14210.MT0047 명),006 65세이상고령자 (14999671.ga028 명),명,official source code parents + exact complete Q2 boundary parent/name-set bijection; SGIS codes not equated to statistics codes,1,0.43909721612364977,0,False,-0.24162524259363227,-0.23763555269383135
20240630,자양2동,11050650,56,subway/data/raw/2024/boundary/bnd_dong_11_2024_2Q.shp,boundary,자양2동,자양2동,11050650,20240630,광진구,11050650,23960,4540,0.18948247078464106,2024 Q2,2024-06-30,population_direct_65_plus,subway/data/raw/2024/population_direct_65_plus/201_DT_201004_O020003_2024Q2_20261006.csv,81,e48f83ca75f7f92a5a83e39834440c0f3149ace1113c3533102797e4d0338d76,DT_201004_O020003,https://stat.eseoul.go.kr/statHtml/statHtml.do?orgId=201&tblId=DT_201004_O020003&conn_path=I2,001005015,001005,자양2동,002 계 (14210.MT0047 명),006 65세이상고령자 (14999671.ga028 명),명,official source code parents + exact complete Q2 boundary parent/name-set bijection; SGIS codes not equated to statistics codes,1,0.41736227045075125,1,True,0.12896221498215074,-0.2501450808384115
20240630,자양3동,11050660,146,subway/data/raw/2024/boundary/bnd_dong_11_2024_2Q.shp,boundary,자양3동,자양3동,11050660,20240630,광진구,11050660,27491,4830,0.17569386344621876,2024 Q2,2024-06-30,population_direct_65_plus,subway/data/raw/2024/population_direct_65_plus/201_DT_201004_O020003_2024Q2_20261006.csv,82,e48f83ca75f7f92a5a83e39834440c0f3149ace1113c3533102797e4d0338d76,DT_201004_O020003,https://stat.eseoul.go.kr/statHtml/statHtml.do?orgId=201&tblId=DT_201004_O020003&conn_path=I2,001005016,001005,자양3동,002 계 (14210.MT0047 명),006 65세이상고령자 (14999671.ga028 명),명,official source code parents + exact complete Q2 boundary parent/name-set bijection; SGIS codes not equated to statistics codes,2,0.7275108217234731,0,False,-0.1967614259004423,-0.07163936522557429
20240630,자양4동,11050670,147,subway/data/raw/2024/boundary/bnd_dong_11_2024_2Q.shp,boundary,자양4동,자양4동,11050670,20240630,광진구,11050670,23232,4330,0.18638085399449036,2024 Q2,2024-06-30,population_direct_65_plus,subway/data/raw/2024/population_direct_65_plus/201_DT_201004_O020003_2024Q2_20261006.csv,83,e48f83ca75f7f92a5a83e39834440c0f3149ace1113c3533102797e4d0338d76,DT_201004_O020003,https://stat.eseoul.go.kr/statHtml/statHtml.do?orgId=201&tblId=DT_201004_O020003&conn_path=I2,001005017,001005,자양4동,002 계 (14210.MT0047 명),006 65세이상고령자 (14999671.ga028 명),명,official source code parents + exact complete Q2 boundary parent/name-set bijection; SGIS codes not equated to statistics codes,2,0.8608815426997245,1,True,0.05569376308452333,0.00512203150502426
20240630,회기동,11060710,57,subway/data/raw/2024/boundary/bnd_dong_11_2024_2Q.shp,boundary,회기동,회기동,11060710,20240630,동대문구,11060710,13547,1559,0.1150808297039935,2024 Q2,2024-06-30,population_direct_65_plus,subway/data/raw/2024/population_direct_65_plus/201_DT_201004_O020003_2024Q2_20261006.csv,97,e48f83ca75f7f92a5a83e39834440c0f3149ace1113c3533102797e4d0338d76,DT_201004_O020003,https://stat.eseoul.go.kr/statHtml/statHtml.do?orgId=201&tblId=DT_201004_O020003&conn_path=I2,001006021,001006,회기동,002 계 (14210.MT0047 명),006 65세이상고령자 (14999671.ga028 명),명,official source code parents + exact complete Q2 boundary parent/name-set bijection; SGIS codes not equated to statistics codes,1,0.7381708127260649,0,False,-1.6286027678786448,-0.06550401713339249
20240630,휘경1동,11060720,58,subway/data/raw/2024/boundary/bnd_dong_11_2024_2Q.shp,boundary,휘경1동,휘경1동,11060720,20240630,동대문구,11060720,16185,2196,0.13568118628359593,2024 Q2,2024-06-30,population_direct_65_plus,subway/data/raw/2024/population_direct_65_plus/201_DT_201004_O020003_2024Q2_20261006.csv,98,e48f83ca75f7f92a5a83e39834440c0f3149ace1113c3533102797e4d0338d76,DT_201004_O020003,https://stat.eseoul.go.kr/statHtml/statHtml.do?orgId=201&tblId=DT_201004_O020003&conn_path=I2,001006022,001006,휘경1동,002 계 (14210.MT0047 명),006 65세이상고령자 (14999671.ga028 명),명,official source code parents + exact complete Q2 boundary parent/name-set bijection; SGIS codes not equated to statistics codes,0,0.0,0,False,-1.141967462086004,-0.4903575546703421
20240630,휘경2동,11060730,405,subway/data/raw/2024/boundary/bnd_dong_11_2024_2Q.shp,boundary,휘경2동,휘경2동,11060730,20240630,동대문구,11060730,25324,4371,0.17260306428684252,2024 Q2,2024-06-30,population_direct_65_plus,subway/data/raw/2024/population_direct_65_plus/201_DT_201004_O020003_2024Q2_20261006.csv,99,e48f83ca75f7f92a5a83e39834440c0f3149ace1113c3533102797e4d0338d76,DT_201004_O020003,https://stat.eseoul.go.kr/statHtml/statHtml.do?orgId=201&tblId=DT_201004_O020003&conn_path=I2,001006023,001006,휘경2동,002 계 (14210.MT0047 명),006 65세이상고령자 (14999671.ga028 명),명,official source code parents + exact complete Q2 boundary parent/name-set bijection; SGIS codes not equated to statistics codes,0,0.0,0,False,-0.2697743365388911,-0.4903575546703421
20240630,청량리동,11060800,148,subway/data/raw/2024/boundary/bnd_dong_11_2024_2Q.shp,boundary,청량리동,청량리동,11060800,20240630,동대문구,11060800,19303,5806,0.30078226182458684,2024 Q2,2024-06-30,population_direct_65_plus,subway/data/raw/2024/population_direct_65_plus/201_DT_201004_O020003_2024Q2_20261006.csv,96,e48f83ca75f7f92a5a83e39834440c0f3149ace1113c3533102797e4d0338d76,DT_201004_O020003,https://stat.eseoul.go.kr/statHtml/statHtml.do?orgId=201&tblId=DT_201004_O020003&conn_path=I2,001006028,001006,청량리동,002 계 (14210.MT0047 명),006 65세이상고령자 (14999671.ga028 명),명,official source code parents + exact complete Q2 boundary parent/name-set bijection; SGIS codes not equated to statistics codes,1,0.5180541884681138,1,True,2.7581598037758446,-0.19219193932490064
20240630,용신동,11060810,149,subway/data/raw/2024/boundary/bnd_dong_11_2024_2Q.shp,boundary,용신동,용신동,11060810,20240630,동대문구,11060810,40362,6816,0.16887171101531143,2024 Q2,2024-06-30,population_direct_65_plus,subway/data/raw/2024/population_direct_65_plus/201_DT_201004_O020003_2024Q2_20261006.csv,88,e48f83ca75f7f92a5a83e39834440c0f3149ace1113c3533102797e4d0338d76,DT_201004_O020003,https://stat.eseoul.go.kr/statHtml/statHtml.do?orgId=201&tblId=DT_201004_O020003&conn_path=I2,001006029,001006,용신동,002 계 (14210.MT0047 명),006 65세이상고령자 (14999671.ga028 명),명,official source code parents + exact complete Q2 boundary parent/name-set bijection; SGIS codes not equated to statistics codes,1,0.24775779198255787,4,True,-0.35791884186798034,-0.3477607836229942
20240630,제기동,11060820,150,subway/data/raw/2024/boundary/bnd_dong_11_2024_2Q.shp,boundary,제기동,제기동,11060820,20240630,동대문구,11060820,25322,5799,0.22901034673406523,2024 Q2,2024-06-30,population_direct_65_plus,subway/data/raw/2024/population_direct_65_plus/201_DT_201004_O020003_2024Q2_20261006.csv,89,e48f83ca75f7f92a5a83e39834440c0f3149ace1113c3533102797e4d0338d76,DT_201004_O020003,https://stat.eseoul.go.kr/statHtml/statHtml.do?orgId=201&tblId=DT_201004_O020003&conn_path=I2,001006030,001006,제기동,002 계 (14210.MT0047 명),006 65세이상고령자 (14999671.ga028 명),명,official source code parents + exact complete Q2 boundary parent/name-set bijection; SGIS codes not equated to statistics codes,2,0.7898270278808941,0,False,1.0627159549066287,-0.03577332964759067
20240630,전농1동,11060830,151,subway/data/raw/2024/boundary/bnd_dong_11_2024_2Q.shp,boundary,전농1동,전농1동,11060830,20240630,동대문구,11060830,33757,6348,0.18804988594958083,2024 Q2,2024-06-30,population_direct_65_plus,subway/data/raw/2024/population_direct_65_plus/201_DT_201004_O020003_2024Q2_20261006.csv,90,e48f83ca75f7f92a5a83e39834440c0f3149ace1113c3533102797e4d0338d76,DT_201004_O020003,https://stat.eseoul.go.kr/statHtml/statHtml.do?orgId=201&tblId=DT_201004_O020003&conn_path=I2,001006006,001006,전농1동,002 계 (14210.MT0047 명),006 65세이상고령자 (14999671.ga028 명),명,official source code parents + exact complete Q2 boundary parent/name-set bijection; SGIS codes not equated to statistics codes,0,0.0,0,False,0.09512074449160017,-0.4903575546703421
20240630,전농2동,11060840,152,subway/data/raw/2024/boundary/bnd_dong_11_2024_2Q.shp,boundary,전농2동,전농2동,11060840,20240630,동대문구,11060840,18252,4051,0.22194827964058733,2024 Q2,2024-06-30,population_direct_65_plus,subway/data/raw/2024/population_direct_65_plus/201_DT_201004_O020003_2024Q2_20261006.csv,91,e48f83ca75f7f92a5a83e39834440c0f3149ace1113c3533102797e4d0338d76,DT_201004_O020003,https://stat.eseoul.go.kr/statHtml/statHtml.do?orgId=201&tblId=DT_201004_O020003&conn_path=I2,001006007,001006,전농2동,002 계 (14210.MT0047 명),006 65세이상고령자 (14999671.ga028 명),명,official source code parents + exact complete Q2 boundary parent/name-set bijection; SGIS codes not equated to statistics codes,1,0.5478851632697787,0,False,0.8958911154295498,-0.1750227490044942
20240630,답십리2동,11060860,153,subway/data/raw/2024/boundary/bnd_dong_11_2024_2Q.shp,boundary,답십리2동,답십리2동,11060860,20240630,동대문구,11060860,27661,6120,0.221250135569936,2024 Q2,2024-06-30,population_direct_65_plus,subway/data/raw/2024/population_direct_65_plus/201_DT_201004_O020003_2024Q2_20261006.csv,93,e48f83ca75f7f92a5a83e39834440c0f3149ace1113c3533102797e4d0338d76,DT_201004_O020003,https://stat.eseoul.go.kr/statHtml/statHtml.do?orgId=201&tblId=DT_201004_O020003&conn_path=I2,001006011,001006,답십리2동,002 계 (14210.MT0047 명),006 65세이상고령자 (14999671.ga028 명),명,official source code parents + exact complete Q2 boundary parent/name-set bijection; SGIS codes not equated to statistics codes,2,0.7230396587252811,0,False,0.8793990924883001,-0.0742127390083591
20240630,장안1동,11060870,154,subway/data/raw/2024/boundary/bnd_dong_11_2024_2Q.shp,boundary,장안1동,장안1동,11060870,20240630,동대문구,11060870,38086,7322,0.19224912041169984,2024 Q2,2024-06-30,population_direct_65_plus,subway/data/raw/2024/population_direct_65_plus/201_DT_201004_O020003_2024Q2_20261006.csv,94,e48f83ca75f7f92a5a83e39834440c0f3149ace1113c3533102797e4d0338d76,DT_201004_O020003,https://stat.eseoul.go.kr/statHtml/statHtml.do?orgId=201&tblId=DT_201004_O020003&conn_path=I2,001006015,001006,장안1동,002 계 (14210.MT0047 명),006 65세이상고령자 (14999671.ga028 명),명,official source code parents + exact complete Q2 boundary parent/name-set bijection; SGIS codes not equated to statistics codes,4,1.0502546867615397,0,False,0.19431785006945493,0.11411557172918063
20240630,장안2동,11060880,155,subway/data/raw/2024/boundary/bnd_dong_11_2024_2Q.shp,boundary,장안2동,장안2동,11060880,20240630,동대문구,11060880,32948,5909,0.1793432074784509,2024 Q2,2024-06-30,population_direct_65_plus,subway/data/raw/2024/population_direct_65_plus/201_DT_201004_O020003_2024Q2_20261006.csv,95,e48f83ca75f7f92a5a83e39834440c0f3149ace1113c3533102797e4d0338d76,DT_201004_O020003,https://stat.eseoul.go.kr/statHtml/statHtml.do?orgId=201&tblId=DT_201004_O020003&conn_path=I2,001006016,001006,장안2동,002 계 (14210.MT0047 명),006 65세이상고령자 (14999671.ga028 명),명,official source code parents + exact complete Q2 boundary parent/name-set bijection; SGIS codes not equated to statistics codes,0,0.0,0,False,-0.11055419729226129,-0.4903575546703421
20240630,이문1동,11060890,156,subway/data/raw/2024/boundary/bnd_dong_11_2024_2Q.shp,boundary,이문1동,이문1동,11060890,20240630,동대문구,11060890,21380,3380,0.1580916744621141,2024 Q2,2024-06-30,population_direct_65_plus,subway/data/raw/2024/population_direct_65_plus/201_DT_201004_O020003_2024Q2_20261006.csv,100,e48f83ca75f7f92a5a83e39834440c0f3149ace1113c3533102797e4d0338d76,DT_201004_O020003,https://stat.eseoul.go.kr/statHtml/statHtml.do?orgId=201&tblId=DT_201004_O020003&conn_path=I2,001006024,001006,이문1동,002 계 (14210.MT0047 명),006 65세이상고령자 (14999671.ga028 명),명,official source code parents + exact complete Q2 boundary parent/name-set bijection; SGIS codes not equated to statistics codes,1,0.4677268475210477,0,False,-0.612572025382062,-0.22115779447328615
20240630,이문2동,11060900,157,subway/data/raw/2024/boundary/bnd_dong_11_2024_2Q.shp,boundary,이문2동,이문2동,11060900,20240630,동대문구,11060900,19791,4347,0.21964529331514324,2024 Q2,2024-06-30,population_direct_65_plus,subway/data/raw/2024/population_direct_65_plus/201_DT_201004_O020003_2024Q2_20261006.csv,101,e48f83ca75f7f92a5a83e39834440c0f3149ace1113c3533102797e4d0338d76,DT_201004_O020003,https://stat.eseoul.go.kr/statHtml/statHtml.do?orgId=201&tblId=DT_201004_O020003&conn_path=I2,001006025,001006,이문2동,002 계 (14210.MT0047 명),006 65세이상고령자 (14999671.ga028 명),명,official source code parents + exact complete Q2 boundary parent/name-set bijection; SGIS codes not equated to statistics codes,0,0.0,0,False,0.8414884428161815,-0.4903575546703421
20240630,답십리1동,11060910,158,subway/data/raw/2024/boundary/bnd_dong_11_2024_2Q.shp,boundary,답십리1동,답십리1동,11060910,20240630,동대문구,11060910,28148,4479,0.15912320591161006,2024 Q2,2024-06-30,population_direct_65_plus,subway/data/raw/2024/population_direct_65_plus/201_DT_201004_O020003_2024Q2_20261006.csv,92,e48f83ca75f7f92a5a83e39834440c0f3149ace1113c3533102797e4d0338d76,DT_201004_O020003,https://stat.eseoul.go.kr/statHtml/statHtml.do?orgId=201&tblId=DT_201004_O020003&conn_path=I2,001006010,001006,답십리1동,002 계 (14210.MT0047 명),006 65세이상고령자 (14999671.ga028 명),명,official source code parents + exact complete Q2 boundary parent/name-set bijection; SGIS codes not equated to statistics codes,2,0.7105300554213443,0,False,-0.588204504343265,-0.08141262977244132
20240630,면목2동,11070520,159,subway/data/raw/2024/boundary/bnd_dong_11_2024_2Q.shp,boundary,면목2동,면목2동,11070520,20240630,중랑구,11070520,23805,5185,0.21781138416299098,2024 Q2,2024-06-30,population_direct_65_plus,subway/data/raw/2024/population_direct_65_plus/201_DT_201004_O020003_2024Q2_20261006.csv,103,e48f83ca75f7f92a5a83e39834440c0f3149ace1113c3533102797e4d0338d76,DT_201004_O020003,https://stat.eseoul.go.kr/statHtml/statHtml.do?orgId=201&tblId=DT_201004_O020003&conn_path=I2,001007002,001007,면목2동,002 계 (14210.MT0047 명),006 65세이상고령자 (14999671.ga028 명),명,official source code parents + exact complete Q2 boundary parent/name-set bijection; SGIS codes not equated to statistics codes,1,0.42007981516488135,0,False,0.7981666227493777,-0.2485810004584935
20240630,면목4동,11070540,160,subway/data/raw/2024/boundary/bnd_dong_11_2024_2Q.shp,boundary,면목4동,면목4동,11070540,20240630,중랑구,11070540,18364,4186,0.22794598126769766,2024 Q2,2024-06-30,population_direct_65_plus,subway/data/raw/2024/population_direct_65_plus/201_DT_201004_O020003_2024Q2_20261006.csv,104,e48f83ca75f7f92a5a83e39834440c0f3149ace1113c3533102797e4d0338d76,DT_201004_O020003,https://stat.eseoul.go.kr/statHtml/statHtml.do?orgId=201&tblId=DT_201004_O020003&conn_path=I2,001007004,001007,면목4동,002 계 (14210.MT0047 명),006 65세이상고령자 (14999671.ga028 명),명,official source code parents + exact complete Q2 boundary parent/name-set bijection; SGIS codes not equated to statistics codes,0,0.0,1,True,1.0375728069130756,-0.4903575546703421
20240630,면목5동,11070550,161,subway/data/raw/2024/boundary/bnd_dong_11_2024_2Q.shp,boundary,면목5동,면목5동,11070550,20240630,중랑구,11070550,14611,2615,0.17897474505509547,2024 Q2,2024-06-30,population_direct_65_plus,subway/data/raw/2024/population_direct_65_plus/201_DT_201004_O020003_2024Q2_20261006.csv,105,e48f83ca75f7f92a5a83e39834440c0f3149ace1113c3533102797e4d0338d76,DT_201004_O020003,https://stat.eseoul.go.kr/statHtml/statHtml.do?orgId=201&tblId=DT_201004_O020003&conn_path=I2,001007005,001007,면목5동,002 계 (14210.MT0047 명),006 65세이상고령자 (14999671.ga028 명),명,official source code parents + exact complete Q2 boundary parent/name-set bijection; SGIS codes not equated to statistics codes,0,0.0,0,False,-0.11925826138793837,-0.4903575546703421
20240630,면목7동,11070570,59,subway/data/raw/2024/boundary/bnd_dong_11_2024_2Q.shp,boundary,면목7동,면목7동,11070570,20240630,중랑구,11070570,21456,4803,0.22385346756152125,2024 Q2,2024-06-30,population_direct_65_plus,subway/data/raw/2024/population_direct_65_plus/201_DT_201004_O020003_2024Q2_20261006.csv,107,e48f83ca75f7f92a5a83e39834440c0f3149ace1113c3533102797e4d0338d76,DT_201004_O020003,https://stat.eseoul.go.kr/statHtml/statHtml.do?orgId=201&tblId=DT_201004_O020003&conn_path=I2,001007007,001007,면목7동,002 계 (14210.MT0047 명),006 65세이상고령자 (14999671.ga028 명),명,official source code parents + exact complete Q2 boundary parent/name-set bijection; SGIS codes not equated to statistics codes,1,0.4660700969425801,0,False,0.9408967299155693,-0.2221113357566091
20240630,상봉1동,11070590,60,subway/data/raw/2024/boundary/bnd_dong_11_2024_2Q.shp,boundary,상봉1동,상봉1동,11070590,20240630,중랑구,11070590,23039,4438,0.19262988845001952,2024 Q2,2024-06-30,population_direct_65_plus,subway/data/raw/2024/population_direct_65_plus/201_DT_201004_O020003_2024Q2_20261006.csv,109,e48f83ca75f7f92a5a83e39834440c0f3149ace1113c3533102797e4d0338d76,DT_201004_O020003,https://stat.eseoul.go.kr/statHtml/statHtml.do?orgId=201&tblId=DT_201004_O020003&conn_path=I2,001007009,001007,상봉1동,002 계 (14210.MT0047 명),006 65세이상고령자 (14999671.ga028 명),명,official source code parents + exact complete Q2 boundary parent/name-set bijection; SGIS codes not equated to statistics codes,0,0.0,0,False,0.203312605575155,-0.4903575546703421
20240630,상봉2동,11070600,406,subway/data/raw/2024/boundary/bnd_dong_11_2024_2Q.shp,boundary,상봉2동,상봉2동,11070600,20240630,중랑구,11070600,20996,3349,0.15950657268051058,2024 Q2,2024-06-30,population_direct_65_plus,subway/data/raw/2024/population_direct_65_plus/201_DT_201004_O020003_2024Q2_20261006.csv,110,e48f83ca75f7f92a5a83e39834440c0f3149ace1113c3533102797e4d0338d76,DT_201004_O020003,https://stat.eseoul.go.kr/statHtml/statHtml.do?orgId=201&tblId=DT_201004_O020003&conn_path=I2,001007010,001007,상봉2동,002 계 (14210.MT0047 명),006 65세이상고령자 (14999671.ga028 명),명,official source code parents + exact complete Q2 boundary parent/name-set bijection; SGIS codes not equated to statistics codes,4,1.9051247856734617,1,True,-0.5791483598977185,0.6061352769191141
20240630,중화1동,11070610,407,subway/data/raw/2024/boundary/bnd_dong_11_2024_2Q.shp,boundary,중화1동,중화1동,11070610,20240630,중랑구,11070610,18768,4149,0.2210677749360614,2024 Q2,2024-06-30,population_direct_65_plus,subway/data/raw/2024/population_direct_65_plus/201_DT_201004_O020003_2024Q2_20261006.csv,111,e48f83ca75f7f92a5a83e39834440c0f3149ace1113c3533102797e4d0338d76,DT_201004_O020003,https://stat.eseoul.go.kr/statHtml/statHtml.do?orgId=201&tblId=DT_201004_O020003&conn_path=I2,001007011,001007,중화1동,002 계 (14210.MT0047 명),006 65세이상고령자 (14999671.ga028 명),명,official source code parents + exact complete Q2 boundary parent/name-set bijection; SGIS codes not equated to statistics codes,1,0.5328218243819267,0,False,0.8750912484717561,-0.18369243995310763
20240630,중화2동,11070620,408,subway/data/raw/2024/boundary/bnd_dong_11_2024_2Q.shp,boundary,중화2동,중화2동,11070620,20240630,중랑구,11070620,24136,5513,0.22841398740470667,2024 Q2,2024-06-30,population_direct_65_plus,subway/data/raw/2024/population_direct_65_plus/201_DT_201004_O020003_2024Q2_20261006.csv,112,e48f83ca75f7f92a5a83e39834440c0f3149ace1113c3533102797e4d0338d76,DT_201004_O020003,https://stat.eseoul.go.kr/statHtml/statHtml.do?orgId=201&tblId=DT_201004_O020003&conn_path=I2,001007012,001007,중화2동,002 계 (14210.MT0047 명),006 65세이상고령자 (14999671.ga028 명),명,official source code parents + exact complete Q2 boundary parent/name-set bijection; SGIS codes not equated to statistics codes,1,0.41431885979449784,1,True,1.0486283587291894,-0.25189671306390127
20240630,묵1동,11070640,162,subway/data/raw/2024/boundary/bnd_dong_11_2024_2Q.shp,boundary,묵1동,묵1동,11070640,20240630,중랑구,11070640,33670,6593,0.1958122958122958,2024 Q2,2024-06-30,population_direct_65_plus,subway/data/raw/2024/population_direct_65_plus/201_DT_201004_O020003_2024Q2_20261006.csv,113,e48f83ca75f7f92a5a83e39834440c0f3149ace1113c3533102797e4d0338d76,DT_201004_O020003,https://stat.eseoul.go.kr/statHtml/statHtml.do?orgId=201&tblId=DT_201004_O020003&conn_path=I2,001007014,001007,묵1동,002 계 (14210.MT0047 명),006 65세이상고령자 (14999671.ga028 명),명,official source code parents + exact complete Q2 boundary parent/name-set bijection; SGIS codes not equated to statistics codes,2,0.594000594000594,0,False,0.27848954602828774,-0.14848105493686684
20240630,묵2동,11070650,164,subway/data/raw/2024/boundary/bnd_dong_11_2024_2Q.shp,boundary,묵2동,묵2동,11070650,20240630,중랑구,11070650,18302,4021,0.21970276472516664,2024 Q2,2024-06-30,population_direct_65_plus,subway/data/raw/2024/population_direct_65_plus/201_DT_201004_O020003_2024Q2_20261006.csv,114,e48f83ca75f7f92a5a83e39834440c0f3149ace1113c3533102797e4d0338d76,DT_201004_O020003,https://stat.eseoul.go.kr/statHtml/statHtml.do?orgId=201&tblId=DT_201004_O020003&conn_path=I2,001007015,001007,묵2동,002 계 (14210.MT0047 명),006 65세이상고령자 (14999671.ga028 명),명,official source code parents + exact complete Q2 boundary parent/name-set bijection; SGIS codes not equated to statistics codes,0,0.0,1,True,0.8428460706360207,-0.4903575546703421
20240630,망우3동,11070680,165,subway/data/raw/2024/boundary/bnd_dong_11_2024_2Q.shp,boundary,망우3동,망우3동,11070680,20240630,중랑구,11070680,16021,3819,0.23837463329380187,2024 Q2,2024-06-30,population_direct_65_plus,subway/data/raw/2024/population_direct_65_plus/201_DT_201004_O020003_2024Q2_20261006.csv,116,e48f83ca75f7f92a5a83e39834440c0f3149ace1113c3533102797e4d0338d76,DT_201004_O020003,https://stat.eseoul.go.kr/statHtml/statHtml.do?orgId=201&tblId=DT_201004_O020003&conn_path=I2,001007018,001007,망우3동,002 계 (14210.MT0047 명),006 65세이상고령자 (14999671.ga028 명),명,official source code parents + exact complete Q2 boundary parent/name-set bijection; SGIS codes not equated to statistics codes,0,0.0,0,False,1.2839253517400548,-0.4903575546703421
20240630,신내1동,11070690,166,subway/data/raw/2024/boundary/bnd_dong_11_2024_2Q.shp,boundary,신내1동,신내1동,11070690,20240630,중랑구,11070690,37567,7837,0.20861394308834882,2024 Q2,2024-06-30,population_direct_65_plus,subway/data/raw/2024/population_direct_65_plus/201_DT_201004_O020003_2024Q2_20261006.csv,117,e48f83ca75f7f92a5a83e39834440c0f3149ace1113c3533102797e4d0338d76,DT_201004_O020003,https://stat.eseoul.go.kr/statHtml/statHtml.do?orgId=201&tblId=DT_201004_O020003&conn_path=I2,001007019,001007,신내1동,002 계 (14210.MT0047 명),006 65세이상고령자 (14999671.ga028 명),명,official source code parents + exact complete Q2 boundary parent/name-set bijection; SGIS codes not equated to statistics codes,0,0.0,0,False,0.5808985607829155,-0.4903575546703421
20240630,신내2동,11070700,167,subway/data/raw/2024/boundary/bnd_dong_11_2024_2Q.shp,boundary,신내2동,신내2동,11070700,20240630,중랑구,11070700,19568,4656,0.23793949304987735,2024 Q2,2024-06-30,population_direct_65_plus,subway/data/raw/2024/population_direct_65_plus/201_DT_201004_O020003_2024Q2_20261006.csv,118,e48f83ca75f7f92a5a83e39834440c0f3149ace1113c3533102797e4d0338d76,DT_201004_O020003,https://stat.eseoul.go.kr/statHtml/statHtml.do?orgId=201&tblId=DT_201004_O020003&conn_path=I2,001007020,001007,신내2동,002 계 (14210.MT0047 명),006 65세이상고령자 (14999671.ga028 명),명,official source code parents + exact complete Q2 boundary parent/name-set bijection; SGIS codes not equated to statistics codes,2,1.0220768601798855,0,False,1.2736461798797696,0.09789784935797513
20240630,면목본동,11070710,168,subway/data/raw/2024/boundary/bnd_dong_11_2024_2Q.shp,boundary,면목본동,면목본동,11070710,20240630,중랑구,11070710,33421,6761,0.20229795637473444,2024 Q2,2024-06-30,population_direct_65_plus,subway/data/raw/2024/population_direct_65_plus/201_DT_201004_O020003_2024Q2_20261006.csv,106,e48f83ca75f7f92a5a83e39834440c0f3149ace1113c3533102797e4d0338d76,DT_201004_O020003,https://stat.eseoul.go.kr/statHtml/statHtml.do?orgId=201&tblId=DT_201004_O020003&conn_path=I2,001007021,001007,면목본동,002 계 (14210.MT0047 명),006 65세이상고령자 (14999671.ga028 명),명,official source code parents + exact complete Q2 boundary parent/name-set bijection; SGIS codes not equated to statistics codes,2,0.5984261392537626,1,True,0.4316981275823893,-0.14593393640559502
20240630,면목3·8동,11070720,169,subway/data/raw/2024/boundary/bnd_dong_11_2024_2Q.shp,boundary,면목3·8동,면목3·8동,11070720,20240630,중랑구,11070720,24637,5665,0.2299387100702196,2024 Q2,2024-06-30,population_direct_65_plus,subway/data/raw/2024/population_direct_65_plus/201_DT_201004_O020003_2024Q2_20261006.csv,108,e48f83ca75f7f92a5a83e39834440c0f3149ace1113c3533102797e4d0338d76,DT_201004_O020003,https://stat.eseoul.go.kr/statHtml/statHtml.do?orgId=201&tblId=DT_201004_O020003&conn_path=I2,001007022,001007,면목3.8동,002 계 (14210.MT0047 명),006 65세이상고령자 (14999671.ga028 명),명,official source code parents + exact complete Q2 boundary parent/name-set bijection; SGIS codes not equated to statistics codes,2,0.8117871494094248,1,True,1.0846463702482487,-0.023134201744819095
20240630,망우본동,11070730,170,subway/data/raw/2024/boundary/bnd_dong_11_2024_2Q.shp,boundary,망우본동,망우본동,11070730,20240630,중랑구,11070730,38421,7570,0.19702766716118789,2024 Q2,2024-06-30,population_direct_65_plus,subway/data/raw/2024/population_direct_65_plus/201_DT_201004_O020003_2024Q2_20261006.csv,115,e48f83ca75f7f92a5a83e39834440c0f3149ace1113c3533102797e4d0338d76,DT_201004_O020003,https://stat.eseoul.go.kr/statHtml/statHtml.do?orgId=201&tblId=DT_201004_O020003&conn_path=I2,001007023,001007,망우본동,002 계 (14210.MT0047 명),006 65세이상고령자 (14999671.ga028 명),명,official source code parents + exact complete Q2 boundary parent/name-set bijection; SGIS codes not equated to statistics codes,2,0.5205486582858333,0,False,0.30719985527629995,-0.19075624949801154
20240630,돈암1동,11080580,171,subway/data/raw/2024/boundary/bnd_dong_11_2024_2Q.shp,boundary,돈암1동,돈암1동,11080580,20240630,성북구,11080580,14234,3167,0.22249543346915834,2024 Q2,2024-06-30,population_direct_65_plus,subway/data/raw/2024/population_direct_65_plus/201_DT_201004_O020003_2024Q2_20261006.csv,123,e48f83ca75f7f92a5a83e39834440c0f3149ace1113c3533102797e4d0338d76,DT_201004_O020003,https://stat.eseoul.go.kr/statHtml/statHtml.do?orgId=201&tblId=DT_201004_O020003&conn_path=I2,001008008,001008,돈암1동,002 계 (14210.MT0047 명),006 65세이상고령자 (14999671.ga028 명),명,official source code parents + exact complete Q2 boundary parent/name-set bijection; SGIS codes not equated to statistics codes,0,0.0,0,False,0.9088163465853013,-0.4903575546703421
20240630,돈암2동,11080590,172,subway/data/raw/2024/boundary/bnd_dong_11_2024_2Q.shp,boundary,돈암2동,돈암2동,11080590,20240630,성북구,11080590,23515,3920,0.1667021050393366,2024 Q2,2024-06-30,population_direct_65_plus,subway/data/raw/2024/population_direct_65_plus/201_DT_201004_O020003_2024Q2_20261006.csv,124,e48f83ca75f7f92a5a83e39834440c0f3149ace1113c3533102797e4d0338d76,DT_201004_O020003,https://stat.eseoul.go.kr/statHtml/statHtml.do?orgId=201&tblId=DT_201004_O020003&conn_path=I2,001008009,001008,돈암2동,002 계 (14210.MT0047 명),006 65세이상고령자 (14999671.ga028 명),명,official source code parents + exact complete Q2 boundary parent/name-set bijection; SGIS codes not equated to statistics codes,0,0.0,0,False,-0.4091707152755242,-0.4903575546703421
20240630,안암동,11080600,173,subway/data/raw/2024/boundary/bnd_dong_11_2024_2Q.shp,boundary,안암동,안암동,11080600,20240630,성북구,11080600,17354,2212,0.12746340901233144,2024 Q2,2024-06-30,population_direct_65_plus,subway/data/raw/2024/population_direct_65_plus/201_DT_201004_O020003_2024Q2_20261006.csv,125,e48f83ca75f7f92a5a83e39834440c0f3149ace1113c3533102797e4d0338d76,DT_201004_O020003,https://stat.eseoul.go.kr/statHtml/statHtml.do?orgId=201&tblId=DT_201004_O020003&conn_path=I2,001008010,001008,안암동,002 계 (14210.MT0047 명),006 65세이상고령자 (14999671.ga028 명),명,official source code parents + exact complete Q2 boundary parent/name-set bijection; SGIS codes not equated to statistics codes,1,0.5762360262763628,0,False,-1.3360932550005453,-0.15870543567685033
20240630,보문동,11080610,389,subway/data/raw/2024/boundary/bnd_dong_11_2024_2Q.shp,boundary,보문동,보문동,11080610,20240630,성북구,11080610,16561,2726,0.16460358673993117,2024 Q2,2024-06-30,population_direct_65_plus,subway/data/raw/2024/population_direct_65_plus/201_DT_201004_O020003_2024Q2_20261006.csv,126,e48f83ca75f7f92a5a83e39834440c0f3149ace1113c3533102797e4d0338d76,DT_201004_O020003,https://stat.eseoul.go.kr/statHtml/statHtml.do?orgId=201&tblId=DT_201004_O020003&conn_path=I2,001008011,001008,보문동,002 계 (14210.MT0047 명),006 65세이상고령자 (14999671.ga028 명),명,official source code parents + exact complete Q2 boundary parent/name-set bijection; SGIS codes not equated to statistics codes,1,0.6038282712396594,1,True,-0.4587433083710135,-0.14282474427163092
20240630,정릉1동,11080620,390,subway/data/raw/2024/boundary/bnd_dong_11_2024_2Q.shp,boundary,정릉1동,정릉1동,11080620,20240630,성북구,11080620,17962,3416,0.1901792673421668,2024 Q2,2024-06-30,population_direct_65_plus,subway/data/raw/2024/population_direct_65_plus/201_DT_201004_O020003_2024Q2_20261006.csv,127,e48f83ca75f7f92a5a83e39834440c0f3149ace1113c3533102797e4d0338d76,DT_201004_O020003,https://stat.eseoul.go.kr/statHtml/statHtml.do?orgId=201&tblId=DT_201004_O020003&conn_path=I2,001008012,001008,정릉1동,002 계 (14210.MT0047 명),006 65세이상고령자 (14999671.ga028 명),명,official source code parents + exact complete Q2 boundary parent/name-set bijection; SGIS codes not equated to statistics codes,0,0.0,0,False,0.14542240607333548,-0.4903575546703421
20240630,정릉2동,11080630,50,subway/data/raw/2024/boundary/bnd_dong_11_2024_2Q.shp,boundary,정릉2동,정릉2동,11080630,20240630,성북구,11080630,22597,4930,0.2181705536133115,2024 Q2,2024-06-30,population_direct_65_plus,subway/data/raw/2024/population_direct_65_plus/201_DT_201004_O020003_2024Q2_20261006.csv,128,e48f83ca75f7f92a5a83e39834440c0f3149ace1113c3533102797e4d0338d76,DT_201004_O020003,https://stat.eseoul.go.kr/statHtml/statHtml.do?orgId=201&tblId=DT_201004_O020003&conn_path=I2,001008013,001008,정릉2동,002 계 (14210.MT0047 명),006 65세이상고령자 (14999671.ga028 명),명,official source code parents + exact complete Q2 boundary parent/name-set bijection; SGIS codes not equated to statistics codes,1,0.44253661990529713,0,False,0.8066511620636712,-0.23565600698644354
20240630,정릉3동,11080640,51,subway/data/raw/2024/boundary/bnd_dong_11_2024_2Q.shp,boundary,정릉3동,정릉3동,11080640,20240630,성북구,11080640,16658,3551,0.21317084884139753,2024 Q2,2024-06-30,population_direct_65_plus,subway/data/raw/2024/population_direct_65_plus/201_DT_201004_O020003_2024Q2_20261006.csv,129,e48f83ca75f7f92a5a83e39834440c0f3149ace1113c3533102797e4d0338d76,DT_201004_O020003,https://stat.eseoul.go.kr/statHtml/statHtml.do?orgId=201&tblId=DT_201004_O020003&conn_path=I2,001008014,001008,정릉3동,002 계 (14210.MT0047 명),006 65세이상고령자 (14999671.ga028 명),명,official source code parents + exact complete Q2 boundary parent/name-set bijection; SGIS codes not equated to statistics codes,0,0.0,0,False,0.6885448151588627,-0.4903575546703421
20240630,정릉4동,11080650,52,subway/data/raw/2024/boundary/bnd_dong_11_2024_2Q.shp,boundary,정릉4동,정릉4동,11080650,20240630,성북구,11080650,24511,5281,0.21545428583085147,2024 Q2,2024-06-30,population_direct_65_plus,subway/data/raw/2024/population_direct_65_plus/201_DT_201004_O020003_2024Q2_20261006.csv,130,e48f83ca75f7f92a5a83e39834440c0f3149ace1113c3533102797e4d0338d76,DT_201004_O020003,https://stat.eseoul.go.kr/statHtml/statHtml.do?orgId=201&tblId=DT_201004_O020003&conn_path=I2,001008015,001008,정릉4동,002 계 (14210.MT0047 명),006 65세이상고령자 (14999671.ga028 명),명,official source code parents + exact complete Q2 boundary parent/name-set bijection; SGIS codes not equated to statistics codes,0,0.0,0,False,0.7424856803728854,-0.4903575546703421
20240630,길음1동,11080660,53,subway/data/raw/2024/boundary/bnd_dong_11_2024_2Q.shp,boundary,길음1동,길음1동,11080660,20240630,성북구,11080660,35359,5038,0.1424814050171102,2024 Q2,2024-06-30,population_direct_65_plus,subway/data/raw/2024/population_direct_65_plus/201_DT_201004_O020003_2024Q2_20261006.csv,131,e48f83ca75f7f92a5a83e39834440c0f3149ace1113c3533102797e4d0338d76,DT_201004_O020003,https://stat.eseoul.go.kr/statHtml/statHtml.do?orgId=201&tblId=DT_201004_O020003&conn_path=I2,001008016,001008,길음1동,002 계 (14210.MT0047 명),006 65세이상고령자 (14999671.ga028 명),명,official source code parents + exact complete Q2 boundary parent/name-set bijection; SGIS codes not equated to statistics codes,3,0.8484402839446817,0,False,-0.9813281784865534,-0.0020385236163199777
20240630,길음2동,11080680,174,subway/data/raw/2024/boundary/bnd_dong_11_2024_2Q.shp,boundary,길음2동,길음2동,11080680,20240630,성북구,11080680,21523,3289,0.15281326952562374,2024 Q2,2024-06-30,population_direct_65_plus,subway/data/raw/2024/population_direct_65_plus/201_DT_201004_O020003_2024Q2_20261006.csv,132,e48f83ca75f7f92a5a83e39834440c0f3149ace1113c3533102797e4d0338d76,DT_201004_O020003,https://stat.eseoul.go.kr/statHtml/statHtml.do?orgId=201&tblId=DT_201004_O020003&conn_path=I2,001008017,001008,길음2동,002 계 (14210.MT0047 명),006 65세이상고령자 (14999671.ga028 명),명,official source code parents + exact complete Q2 boundary parent/name-set bijection; SGIS codes not equated to statistics codes,0,0.0,1,True,-0.7372620126859589,-0.4903575546703421
20240630,월곡1동,11080710,61,subway/data/raw/2024/boundary/bnd_dong_11_2024_2Q.shp,boundary,월곡1동,월곡1동,11080710,20240630,성북구,11080710,25543,5255,0.20573151156872724,2024 Q2,2024-06-30,population_direct_65_plus,subway/data/raw/2024/population_direct_65_plus/201_DT_201004_O020003_2024Q2_20261006.csv,134,e48f83ca75f7f92a5a83e39834440c0f3149ace1113c3533102797e4d0338d76,DT_201004_O020003,https://stat.eseoul.go.kr/statHtml/statHtml.do?orgId=201&tblId=DT_201004_O020003&conn_path=I2,001008021,001008,월곡1동,002 계 (14210.MT0047 명),006 65세이상고령자 (14999671.ga028 명),명,official source code parents + exact complete Q2 boundary parent/name-set bijection; SGIS codes not equated to statistics codes,0,0.0,0,False,0.5128078489276516,-0.4903575546703421
20240630,월곡2동,11080720,62,subway/data/raw/2024/boundary/bnd_dong_11_2024_2Q.shp,boundary,월곡2동,월곡2동,11080720,20240630,성북구,11080720,19485,3939,0.20215550423402617,2024 Q2,2024-06-30,population_direct_65_plus,subway/data/raw/2024/population_direct_65_plus/201_DT_201004_O020003_2024Q2_20261006.csv,135,e48f83ca75f7f92a5a83e39834440c0f3149ace1113c3533102797e4d0338d76,DT_201004_O020003,https://stat.eseoul.go.kr/statHtml/statHtml.do?orgId=201&tblId=DT_201004_O020003&conn_path=I2,001008022,001008,월곡2동,002 계 (14210.MT0047 명),006 65세이상고령자 (14999671.ga028 명),명,official source code parents + exact complete Q2 boundary parent/name-set bijection; SGIS codes not equated to statistics codes,0,0.0,0,False,0.4283330284984723,-0.4903575546703421
20240630,장위1동,11080760,63,subway/data/raw/2024/boundary/bnd_dong_11_2024_2Q.shp,boundary,장위1동,장위1동,11080760,20240630,성북구,11080760,23467,4477,0.1907785400775557,2024 Q2,2024-06-30,population_direct_65_plus,subway/data/raw/2024/population_direct_65_plus/201_DT_201004_O020003_2024Q2_20261006.csv,136,e48f83ca75f7f92a5a83e39834440c0f3149ace1113c3533102797e4d0338d76,DT_201004_O020003,https://stat.eseoul.go.kr/statHtml/statHtml.do?orgId=201&tblId=DT_201004_O020003&conn_path=I2,001008026,001008,장위1동,002 계 (14210.MT0047 명),006 65세이상고령자 (14999671.ga028 명),명,official source code parents + exact complete Q2 boundary parent/name-set bijection; SGIS codes not equated to statistics codes,0,0.0,0,False,0.15957882466309556,-0.4903575546703421
20240630,장위2동,11080770,64,subway/data/raw/2024/boundary/bnd_dong_11_2024_2Q.shp,boundary,장위2동,장위2동,11080770,20240630,성북구,11080770,13217,3329,0.25187258833320725,2024 Q2,2024-06-30,population_direct_65_plus,subway/data/raw/2024/population_direct_65_plus/201_DT_201004_O020003_2024Q2_20261006.csv,137,e48f83ca75f7f92a5a83e39834440c0f3149ace1113c3533102797e4d0338d76,DT_201004_O020003,https://stat.eseoul.go.kr/statHtml/statHtml.do?orgId=201&tblId=DT_201004_O020003&conn_path=I2,001008027,001008,장위2동,002 계 (14210.MT0047 명),006 65세이상고령자 (14999671.ga028 명),명,official source code parents + exact complete Q2 boundary parent/name-set bijection; SGIS codes not equated to statistics codes,0,0.0,1,True,1.6027830109652486,-0.4903575546703421
20240630,장위3동,11080780,65,subway/data/raw/2024/boundary/bnd_dong_11_2024_2Q.shp,boundary,장위3동,장위3동,11080780,20240630,성북구,11080780,15602,2425,0.15542879118061786,2024 Q2,2024-06-30,population_direct_65_plus,subway/data/raw/2024/population_direct_65_plus/201_DT_201004_O020003_2024Q2_20261006.csv,138,e48f83ca75f7f92a5a83e39834440c0f3149ace1113c3533102797e4d0338d76,DT_201004_O020003,https://stat.eseoul.go.kr/statHtml/statHtml.do?orgId=201&tblId=DT_201004_O020003&conn_path=I2,001008028,001008,장위3동,002 계 (14210.MT0047 명),006 65세이상고령자 (14999671.ga028 명),명,official source code parents + exact complete Q2 boundary parent/name-set bijection; SGIS codes not equated to statistics codes,0,0.0,0,False,-0.6754764229333226,-0.4903575546703421
20240630,성북동,11080810,66,subway/data/raw/2024/boundary/bnd_dong_11_2024_2Q.shp,boundary,성북동,성북동,11080810,20240630,성북구,11080810,16478,3184,0.1932273334142493,2024 Q2,2024-06-30,population_direct_65_plus,subway/data/raw/2024/population_direct_65_plus/201_DT_201004_O020003_2024Q2_20261006.csv,120,e48f83ca75f7f92a5a83e39834440c0f3149ace1113c3533102797e4d0338d76,DT_201004_O020003,https://stat.eseoul.go.kr/statHtml/statHtml.do?orgId=201&tblId=DT_201004_O020003&conn_path=I2,001008031,001008,성북동,002 계 (14210.MT0047 명),006 65세이상고령자 (14999671.ga028 명),명,official source code parents + exact complete Q2 boundary parent/name-set bijection; SGIS codes not equated to statistics codes,0,0.0,0,False,0.21742584734059653,-0.4903575546703421
20240630,삼선동,11080820,409,subway/data/raw/2024/boundary/bnd_dong_11_2024_2Q.shp,boundary,삼선동,삼선동,11080820,20240630,성북구,11080820,22636,4234,0.187047181480827,2024 Q2,2024-06-30,population_direct_65_plus,subway/data/raw/2024/population_direct_65_plus/201_DT_201004_O020003_2024Q2_20261006.csv,121,e48f83ca75f7f92a5a83e39834440c0f3149ace1113c3533102797e4d0338d76,DT_201004_O020003,https://stat.eseoul.go.kr/statHtml/statHtml.do?orgId=201&tblId=DT_201004_O020003&conn_path=I2,001008032,001008,삼선동,002 계 (14210.MT0047 명),006 65세이상고령자 (14999671.ga028 명),명,official source code parents + exact complete Q2 boundary parent/name-set bijection; SGIS codes not equated to statistics codes,2,0.8835483300936562,1,True,0.07143419353865126,0.01816788030165438
20240630,동선동,11080830,410,subway/data/raw/2024/boundary/bnd_dong_11_2024_2Q.shp,boundary,동선동,동선동,11080830,20240630,성북구,11080830,15958,2285,0.14318836946985838,2024 Q2,2024-06-30,population_direct_65_plus,subway/data/raw/2024/population_direct_65_plus/201_DT_201004_O020003_2024Q2_20261006.csv,122,e48f83ca75f7f92a5a83e39834440c0f3149ace1113c3533102797e4d0338d76,DT_201004_O020003,https://stat.eseoul.go.kr/statHtml/statHtml.do?orgId=201&tblId=DT_201004_O020003&conn_path=I2,001008033,001008,동선동,002 계 (14210.MT0047 명),006 65세이상고령자 (14999671.ga028 명),명,official source code parents + exact complete Q2 boundary parent/name-set bijection; SGIS codes not equated to statistics codes,3,1.8799348289259306,1,True,-0.9646277946209517,0.5916372203039132
20240630,종암동,11080840,411,subway/data/raw/2024/boundary/bnd_dong_11_2024_2Q.shp,boundary,종암동,종암동,11080840,20240630,성북구,11080840,39379,7415,0.1882983315980599,2024 Q2,2024-06-30,population_direct_65_plus,subway/data/raw/2024/population_direct_65_plus/201_DT_201004_O020003_2024Q2_20261006.csv,133,e48f83ca75f7f92a5a83e39834440c0f3149ace1113c3533102797e4d0338d76,DT_201004_O020003,https://stat.eseoul.go.kr/statHtml/statHtml.do?orgId=201&tblId=DT_201004_O020003&conn_path=I2,001008034,001008,종암동,002 계 (14210.MT0047 명),006 65세이상고령자 (14999671.ga028 명),명,official source code parents + exact complete Q2 boundary parent/name-set bijection; SGIS codes not equated to statistics codes,0,0.0,0,False,0.1009896926165162,-0.4903575546703421
20240630,석관동,11080850,412,subway/data/raw/2024/boundary/bnd_dong_11_2024_2Q.shp,boundary,석관동,석관동,11080850,20240630,성북구,11080850,34627,7892,0.22791463308978543,2024 Q2,2024-06-30,population_direct_65_plus,subway/data/raw/2024/population_direct_65_plus/201_DT_201004_O020003_2024Q2_20261006.csv,139,e48f83ca75f7f92a5a83e39834440c0f3149ace1113c3533102797e4d0338d76,DT_201004_O020003,https://stat.eseoul.go.kr/statHtml/statHtml.do?orgId=201&tblId=DT_201004_O020003&conn_path=I2,001008035,001008,석관동,002 계 (14210.MT0047 명),006 65세이상고령자 (14999671.ga028 명),명,official source code parents + exact complete Q2 boundary parent/name-set bijection; SGIS codes not equated to statistics codes,1,0.2887919831345482,1,True,1.0368322794331066,-0.3241435923573189
20240630,번1동,11090600,177,subway/data/raw/2024/boundary/bnd_dong_11_2024_2Q.shp,boundary,번1동,번1동,11090600,20240630,강북구,11090600,17105,3620,0.2116340251388483,2024 Q2,2024-06-30,population_direct_65_plus,subway/data/raw/2024/population_direct_65_plus/201_DT_201004_O020003_2024Q2_20261006.csv,146,e48f83ca75f7f92a5a83e39834440c0f3149ace1113c3533102797e4d0338d76,DT_201004_O020003,https://stat.eseoul.go.kr/statHtml/statHtml.do?orgId=201&tblId=DT_201004_O020003&conn_path=I2,001009009,001009,번1동,002 계 (14210.MT0047 명),006 65세이상고령자 (14999671.ga028 명),명,official source code parents + exact complete Q2 boundary parent/name-set bijection; SGIS codes not equated to statistics codes,3,1.7538731365097924,1,True,0.6522409449054741,0.519082528290147
20240630,번2동,11090610,67,subway/data/raw/2024/boundary/bnd_dong_11_2024_2Q.shp,boundary,번2동,번2동,11090610,20240630,강북구,11090610,14879,4345,0.29202231332750855,2024 Q2,2024-06-30,population_direct_65_plus,subway/data/raw/2024/population_direct_65_plus/201_DT_201004_O020003_2024Q2_20261006.csv,147,e48f83ca75f7f92a5a83e39834440c0f3149ace1113c3533102797e4d0338d76,DT_201004_O020003,https://stat.eseoul.go.kr/statHtml/statHtml.do?orgId=201&tblId=DT_201004_O020003&conn_path=I2,001009010,001009,번2동,002 계 (14210.MT0047 명),006 65세이상고령자 (14999671.ga028 명),명,official source code parents + exact complete Q2 boundary parent/name-set bijection; SGIS codes not equated to statistics codes,0,0.0,0,False,2.5512264820573067,-0.4903575546703421
20240630,번3동,11090620,178,subway/data/raw/2024/boundary/bnd_dong_11_2024_2Q.shp,boundary,번3동,번3동,11090620,20240630,강북구,11090620,16231,5043,0.31070174357710556,2024 Q2,2024-06-30,population_direct_65_plus,subway/data/raw/2024/population_direct_65_plus/201_DT_201004_O020003_2024Q2_20261006.csv,148,e48f83ca75f7f92a5a83e39834440c0f3149ace1113c3533102797e4d0338d76,DT_201004_O020003,https://stat.eseoul.go.kr/statHtml/statHtml.do?orgId=201&tblId=DT_201004_O020003&conn_path=I2,001009011,001009,번3동,002 계 (14210.MT0047 명),006 65세이상고령자 (14999671.ga028 명),명,official source code parents + exact complete Q2 boundary parent/name-set bijection; SGIS codes not equated to statistics codes,0,0.0,0,False,2.992484390211456,-0.4903575546703421
20240630,수유1동,11090630,391,subway/data/raw/2024/boundary/bnd_dong_11_2024_2Q.shp,boundary,수유1동,수유1동,11090630,20240630,강북구,11090630,20139,4830,0.23983315954118875,2024 Q2,2024-06-30,population_direct_65_plus,subway/data/raw/2024/population_direct_65_plus/201_DT_201004_O020003_2024Q2_20261006.csv,149,e48f83ca75f7f92a5a83e39834440c0f3149ace1113c3533102797e4d0338d76,DT_201004_O020003,https://stat.eseoul.go.kr/statHtml/statHtml.do?orgId=201&tblId=DT_201004_O020003&conn_path=I2,001009012,001009,수유1동,002 계 (14210.MT0047 명),006 65세이상고령자 (14999671.ga028 명),명,official source code parents + exact complete Q2 boundary parent/name-set bijection; SGIS codes not equated to statistics codes,1,0.4965489845573266,0,False,1.3183796275027613,-0.2045692398079827
20240630,수유2동,11090640,11,subway/data/raw/2024/boundary/bnd_dong_11_2024_2Q.shp,boundary,수유2동,수유2동,11090640,20240630,강북구,11090640,20560,5454,0.26527237354085603,2024 Q2,2024-06-30,population_direct_65_plus,subway/data/raw/2024/population_direct_65_plus/201_DT_201004_O020003_2024Q2_20261006.csv,150,e48f83ca75f7f92a5a83e39834440c0f3149ace1113c3533102797e4d0338d76,DT_201004_O020003,https://stat.eseoul.go.kr/statHtml/statHtml.do?orgId=201&tblId=DT_201004_O020003&conn_path=I2,001009013,001009,수유2동,002 계 (14210.MT0047 명),006 65세이상고령자 (14999671.ga028 명),명,official source code parents + exact complete Q2 boundary parent/name-set bijection; SGIS codes not equated to statistics codes,0,0.0,0,False,1.9193216372207034,-0.4903575546703421
20240630,수유3동,11090650,12,subway/data/raw/2024/boundary/bnd_dong_11_2024_2Q.shp,boundary,수유3동,수유3동,11090650,20240630,강북구,11090650,23878,5162,0.2161822598207555,2024 Q2,2024-06-30,population_direct_65_plus,subway/data/raw/2024/population_direct_65_plus/201_DT_201004_O020003_2024Q2_20261006.csv,151,e48f83ca75f7f92a5a83e39834440c0f3149ace1113c3533102797e4d0338d76,DT_201004_O020003,https://stat.eseoul.go.kr/statHtml/statHtml.do?orgId=201&tblId=DT_201004_O020003&conn_path=I2,001009014,001009,수유3동,002 계 (14210.MT0047 명),006 65세이상고령자 (14999671.ga028 명),명,official source code parents + exact complete Q2 boundary parent/name-set bijection; SGIS codes not equated to statistics codes,3,1.2563866320462351,0,False,0.7596823654796283,0.23275462470142977
20240630,삼양동,11090690,13,subway/data/raw/2024/boundary/bnd_dong_11_2024_2Q.shp,boundary,삼양동,삼양동,11090690,20240630,강북구,11090690,22456,5308,0.23637335233345208,2024 Q2,2024-06-30,population_direct_65_plus,subway/data/raw/2024/population_direct_65_plus/201_DT_201004_O020003_2024Q2_20261006.csv,141,e48f83ca75f7f92a5a83e39834440c0f3149ace1113c3533102797e4d0338d76,DT_201004_O020003,https://stat.eseoul.go.kr/statHtml/statHtml.do?orgId=201&tblId=DT_201004_O020003&conn_path=I2,001009018,001009,삼양동,002 계 (14210.MT0047 명),006 65세이상고령자 (14999671.ga028 명),명,official source code parents + exact complete Q2 boundary parent/name-set bijection; SGIS codes not equated to statistics codes,0,0.0,0,False,1.2366497636523652,-0.4903575546703421
20240630,미아동,11090700,14,subway/data/raw/2024/boundary/bnd_dong_11_2024_2Q.shp,boundary,미아동,미아동,11090700,20240630,강북구,11090700,21443,4994,0.23289651634566058,2024 Q2,2024-06-30,population_direct_65_plus,subway/data/raw/2024/population_direct_65_plus/201_DT_201004_O020003_2024Q2_20261006.csv,142,e48f83ca75f7f92a5a83e39834440c0f3149ace1113c3533102797e4d0338d76,DT_201004_O020003,https://stat.eseoul.go.kr/statHtml/statHtml.do?orgId=201&tblId=DT_201004_O020003&conn_path=I2,001009019,001009,미아동,002 계 (14210.MT0047 명),006 65세이상고령자 (14999671.ga028 명),명,official source code parents + exact complete Q2 boundary parent/name-set bijection; SGIS codes not equated to statistics codes,1,0.4663526558783752,1,True,1.1545176346490709,-0.2219487092190034
20240630,송중동,11090710,15,subway/data/raw/2024/boundary/bnd_dong_11_2024_2Q.shp,boundary,송중동,송중동,11090710,20240630,강북구,11090710,29019,6564,0.2261966297942727,2024 Q2,2024-06-30,population_direct_65_plus,subway/data/raw/2024/population_direct_65_plus/201_DT_201004_O020003_2024Q2_20261006.csv,143,e48f83ca75f7f92a5a83e39834440c0f3149ace1113c3533102797e4d0338d76,DT_201004_O020003,https://stat.eseoul.go.kr/statHtml/statHtml.do?orgId=201&tblId=DT_201004_O020003&conn_path=I2,001009020,001009,송중동,002 계 (14210.MT0047 명),006 65세이상고령자 (14999671.ga028 명),명,official source code parents + exact complete Q2 boundary parent/name-set bijection; SGIS codes not equated to statistics codes,1,0.34460181260553435,1,True,0.996248464496019,-0.29202229594285123
20240630,송천동,11090720,392,subway/data/raw/2024/boundary/bnd_dong_11_2024_2Q.shp,boundary,송천동,송천동,11090720,20240630,강북구,11090720,24954,6647,0.26637012102268176,2024 Q2,2024-06-30,population_direct_65_plus,subway/data/raw/2024/population_direct_65_plus/201_DT_201004_O020003_2024Q2_20261006.csv,144,e48f83ca75f7f92a5a83e39834440c0f3149ace1113c3533102797e4d0338d76,DT_201004_O020003,https://stat.eseoul.go.kr/statHtml/statHtml.do?orgId=201&tblId=DT_201004_O020003&conn_path=I2,001009021,001009,송천동,002 계 (14210.MT0047 명),006 65세이상고령자 (14999671.ga028 명),명,official source code parents + exact complete Q2 boundary parent/name-set bijection; SGIS codes not equated to statistics codes,4,1.6029494269455797,0,False,1.9452533573556017,0.4322185249983371
20240630,삼각산동,11090730,393,subway/data/raw/2024/boundary/bnd_dong_11_2024_2Q.shp,boundary,삼각산동,삼각산동,11090730,20240630,강북구,11090730,30487,5054,0.16577557647521896,2024 Q2,2024-06-30,population_direct_65_plus,subway/data/raw/2024/population_direct_65_plus/201_DT_201004_O020003_2024Q2_20261006.csv,145,e48f83ca75f7f92a5a83e39834440c0f3149ace1113c3533102797e4d0338d76,DT_201004_O020003,https://stat.eseoul.go.kr/statHtml/statHtml.do?orgId=201&tblId=DT_201004_O020003&conn_path=I2,001009022,001009,삼각산동,002 계 (14210.MT0047 명),006 65세이상고령자 (14999671.ga028 명),명,official source code parents + exact complete Q2 boundary parent/name-set bijection; SGIS codes not equated to statistics codes,0,0.0,0,False,-0.43105778841344516,-0.4903575546703421
20240630,우이동,11090740,394,subway/data/raw/2024/boundary/bnd_dong_11_2024_2Q.shp,boundary,우이동,우이동,11090740,20240630,강북구,11090740,20001,5263,0.2631368431578421,2024 Q2,2024-06-30,population_direct_65_plus,subway/data/raw/2024/population_direct_65_plus/201_DT_201004_O020003_2024Q2_20261006.csv,152,e48f83ca75f7f92a5a83e39834440c0f3149ace1113c3533102797e4d0338d76,DT_201004_O020003,https://stat.eseoul.go.kr/statHtml/statHtml.do?orgId=201&tblId=DT_201004_O020003&conn_path=I2,001009023,001009,우이동,002 계 (14210.MT0047 명),006 65세이상고령자 (14999671.ga028 명),명,official source code parents + exact complete Q2 boundary parent/name-set bijection; SGIS codes not equated to statistics codes,0,0.0,0,False,1.868874720102945,-0.4903575546703421
20240630,인수동,11090750,395,subway/data/raw/2024/boundary/bnd_dong_11_2024_2Q.shp,boundary,인수동,인수동,11090750,20240630,강북구,11090750,29100,7638,0.2624742268041237,2024 Q2,2024-06-30,population_direct_65_plus,subway/data/raw/2024/population_direct_65_plus/201_DT_201004_O020003_2024Q2_20261006.csv,153,e48f83ca75f7f92a5a83e39834440c0f3149ace1113c3533102797e4d0338d76,DT_201004_O020003,https://stat.eseoul.go.kr/statHtml/statHtml.do?orgId=201&tblId=DT_201004_O020003&conn_path=I2,001009024,001009,인수동,002 계 (14210.MT0047 명),006 65세이상고령자 (14999671.ga028 명),명,official source code parents + exact complete Q2 boundary parent/name-set bijection; SGIS codes not equated to statistics codes,0,0.0,0,False,1.8532219564884438,-0.4903575546703421
20240630,쌍문1동,11100510,396,subway/data/raw/2024/boundary/bnd_dong_11_2024_2Q.shp,boundary,쌍문1동,쌍문1동,11100510,20240630,도봉구,11100510,21060,5080,0.24121557454890788,2024 Q2,2024-06-30,population_direct_65_plus,subway/data/raw/2024/population_direct_65_plus/201_DT_201004_O020003_2024Q2_20261006.csv,162,e48f83ca75f7f92a5a83e39834440c0f3149ace1113c3533102797e4d0338d76,DT_201004_O020003,https://stat.eseoul.go.kr/statHtml/statHtml.do?orgId=201&tblId=DT_201004_O020003&conn_path=I2,001010001,001010,쌍문1동,002 계 (14210.MT0047 명),006 65세이상고령자 (14999671.ga028 명),명,official source code parents + exact complete Q2 boundary parent/name-set bijection; SGIS codes not equated to statistics codes,0,0.0,0,False,1.3510359530092744,-0.4903575546703421
20240630,쌍문2동,11100520,179,subway/data/raw/2024/boundary/bnd_dong_11_2024_2Q.shp,boundary,쌍문2동,쌍문2동,11100520,20240630,도봉구,11100520,17971,4364,0.24283567970619332,2024 Q2,2024-06-30,population_direct_65_plus,subway/data/raw/2024/population_direct_65_plus/201_DT_201004_O020003_2024Q2_20261006.csv,163,e48f83ca75f7f92a5a83e39834440c0f3149ace1113c3533102797e4d0338d76,DT_201004_O020003,https://stat.eseoul.go.kr/statHtml/statHtml.do?orgId=201&tblId=DT_201004_O020003&conn_path=I2,001010002,001010,쌍문2동,002 계 (14210.MT0047 명),006 65세이상고령자 (14999671.ga028 명),명,official source code parents + exact complete Q2 boundary parent/name-set bijection; SGIS codes not equated to statistics codes,1,0.5564520616548885,0,False,1.3893071531016299,-0.17009207845794122
20240630,쌍문3동,11100530,180,subway/data/raw/2024/boundary/bnd_dong_11_2024_2Q.shp,boundary,쌍문3동,쌍문3동,11100530,20240630,도봉구,11100530,16580,3788,0.2284680337756333,2024 Q2,2024-06-30,population_direct_65_plus,subway/data/raw/2024/population_direct_65_plus/201_DT_201004_O020003_2024Q2_20261006.csv,164,e48f83ca75f7f92a5a83e39834440c0f3149ace1113c3533102797e4d0338d76,DT_201004_O020003,https://stat.eseoul.go.kr/statHtml/statHtml.do?orgId=201&tblId=DT_201004_O020003&conn_path=I2,001010003,001010,쌍문3동,002 계 (14210.MT0047 명),006 65세이상고령자 (14999671.ga028 명),명,official source code parents + exact complete Q2 boundary parent/name-set bijection; SGIS codes not equated to statistics codes,1,0.6031363088057901,1,True,1.0499050780005879,-0.14322300261889123
20240630,쌍문4동,11100540,181,subway/data/raw/2024/boundary/bnd_dong_11_2024_2Q.shp,boundary,쌍문4동,쌍문4동,11100540,20240630,도봉구,11100540,18021,3664,0.20331835081294045,2024 Q2,2024-06-30,population_direct_65_plus,subway/data/raw/2024/population_direct_65_plus/201_DT_201004_O020003_2024Q2_20261006.csv,165,e48f83ca75f7f92a5a83e39834440c0f3149ace1113c3533102797e4d0338d76,DT_201004_O020003,https://stat.eseoul.go.kr/statHtml/statHtml.do?orgId=201&tblId=DT_201004_O020003&conn_path=I2,001010004,001010,쌍문4동,002 계 (14210.MT0047 명),006 65세이상고령자 (14999671.ga028 명),명,official source code parents + exact complete Q2 boundary parent/name-set bijection; SGIS codes not equated to statistics codes,0,0.0,0,False,0.45580256274333997,-0.4903575546703421
20240630,방학1동,11100550,183,subway/data/raw/2024/boundary/bnd_dong_11_2024_2Q.shp,boundary,방학1동,방학1동,11100550,20240630,도봉구,11100550,27702,6606,0.23846653671215073,2024 Q2,2024-06-30,population_direct_65_plus,subway/data/raw/2024/population_direct_65_plus/201_DT_201004_O020003_2024Q2_20261006.csv,166,e48f83ca75f7f92a5a83e39834440c0f3149ace1113c3533102797e4d0338d76,DT_201004_O020003,https://stat.eseoul.go.kr/statHtml/statHtml.do?orgId=201&tblId=DT_201004_O020003&conn_path=I2,001010005,001010,방학1동,002 계 (14210.MT0047 명),006 65세이상고령자 (14999671.ga028 명),명,official source code parents + exact complete Q2 boundary parent/name-set bijection; SGIS codes not equated to statistics codes,3,1.0829542993285683,0,False,1.2860963553301514,0.1329358038972403
20240630,방학2동,11100560,184,subway/data/raw/2024/boundary/bnd_dong_11_2024_2Q.shp,boundary,방학2동,방학2동,11100560,20240630,도봉구,11100560,18463,4885,0.2645832204950441,2024 Q2,2024-06-30,population_direct_65_plus,subway/data/raw/2024/population_direct_65_plus/201_DT_201004_O020003_2024Q2_20261006.csv,167,e48f83ca75f7f92a5a83e39834440c0f3149ace1113c3533102797e4d0338d76,DT_201004_O020003,https://stat.eseoul.go.kr/statHtml/statHtml.do?orgId=201&tblId=DT_201004_O020003&conn_path=I2,001010006,001010,방학2동,002 계 (14210.MT0047 명),006 65세이상고령자 (14999671.ga028 명),명,official source code parents + exact complete Q2 boundary parent/name-set bijection; SGIS codes not equated to statistics codes,1,0.541623788116774,0,False,1.9030420062400109,-0.17862647775905707
20240630,방학3동,11100570,68,subway/data/raw/2024/boundary/bnd_dong_11_2024_2Q.shp,boundary,방학3동,방학3동,11100570,20240630,도봉구,11100570,26030,5938,0.22812139838647713,2024 Q2,2024-06-30,population_direct_65_plus,subway/data/raw/2024/population_direct_65_plus/201_DT_201004_O020003_2024Q2_20261006.csv,168,e48f83ca75f7f92a5a83e39834440c0f3149ace1113c3533102797e4d0338d76,DT_201004_O020003,https://stat.eseoul.go.kr/statHtml/statHtml.do?orgId=201&tblId=DT_201004_O020003&conn_path=I2,001010007,001010,방학3동,002 계 (14210.MT0047 명),006 65세이상고령자 (14999671.ga028 명),명,official source code parents + exact complete Q2 boundary parent/name-set bijection; SGIS codes not equated to statistics codes,0,0.0,0,False,1.0417166266041888,-0.4903575546703421
20240630,창1동,11100590,69,subway/data/raw/2024/boundary/bnd_dong_11_2024_2Q.shp,boundary,창1동,창1동,11100590,20240630,도봉구,11100590,24140,5239,0.21702568351284177,2024 Q2,2024-06-30,population_direct_65_plus,subway/data/raw/2024/population_direct_65_plus/201_DT_201004_O020003_2024Q2_20261006.csv,155,e48f83ca75f7f92a5a83e39834440c0f3149ace1113c3533102797e4d0338d76,DT_201004_O020003,https://stat.eseoul.go.kr/statHtml/statHtml.do?orgId=201&tblId=DT_201004_O020003&conn_path=I2,001010009,001010,창1동,002 계 (14210.MT0047 명),006 65세이상고령자 (14999671.ga028 명),명,official source code parents + exact complete Q2 boundary parent/name-set bijection; SGIS codes not equated to statistics codes,3,1.2427506213753108,0,False,0.779606280132521,0.2249064312053484
20240630,창2동,11100600,185,subway/data/raw/2024/boundary/bnd_dong_11_2024_2Q.shp,boundary,창2동,창2동,11100600,20240630,도봉구,11100600,28181,5954,0.21127710159327207,2024 Q2,2024-06-30,population_direct_65_plus,subway/data/raw/2024/population_direct_65_plus/201_DT_201004_O020003_2024Q2_20261006.csv,156,e48f83ca75f7f92a5a83e39834440c0f3149ace1113c3533102797e4d0338d76,DT_201004_O020003,https://stat.eseoul.go.kr/statHtml/statHtml.do?orgId=201&tblId=DT_201004_O020003&conn_path=I2,001010010,001010,창2동,002 계 (14210.MT0047 명),006 65세이상고령자 (14999671.ga028 명),명,official source code parents + exact complete Q2 boundary parent/name-set bijection; SGIS codes not equated to statistics codes,1,0.35484901174550226,0,False,0.6438094598447707,-0.286124529830448
20240630,창3동,11100610,186,subway/data/raw/2024/boundary/bnd_dong_11_2024_2Q.shp,boundary,창3동,창3동,11100610,20240630,도봉구,11100610,13165,3220,0.2445879225218382,2024 Q2,2024-06-30,population_direct_65_plus,subway/data/raw/2024/population_direct_65_plus/201_DT_201004_O020003_2024Q2_20261006.csv,157,e48f83ca75f7f92a5a83e39834440c0f3149ace1113c3533102797e4d0338d76,DT_201004_O020003,https://stat.eseoul.go.kr/statHtml/statHtml.do?orgId=201&tblId=DT_201004_O020003&conn_path=I2,001010011,001010,창3동,002 계 (14210.MT0047 명),006 65세이상고령자 (14999671.ga028 명),명,official source code parents + exact complete Q2 boundary parent/name-set bijection; SGIS codes not equated to statistics codes,0,0.0,0,False,1.4306997967250228,-0.4903575546703421
20240630,창4동,11100620,70,subway/data/raw/2024/boundary/bnd_dong_11_2024_2Q.shp,boundary,창4동,창4동,11100620,20240630,도봉구,11100620,26517,4965,0.18723837538183052,2024 Q2,2024-06-30,population_direct_65_plus,subway/data/raw/2024/population_direct_65_plus/201_DT_201004_O020003_2024Q2_20261006.csv,158,e48f83ca75f7f92a5a83e39834440c0f3149ace1113c3533102797e4d0338d76,DT_201004_O020003,https://stat.eseoul.go.kr/statHtml/statHtml.do?orgId=201&tblId=DT_201004_O020003&conn_path=I2,001010012,001010,창4동,002 계 (14210.MT0047 명),006 65세이상고령자 (14999671.ga028 명),명,official source code parents + exact complete Q2 boundary parent/name-set bijection; SGIS codes not equated to statistics codes,1,0.3771165667307765,0,False,0.0759507028583329,-0.2733084588822418
20240630,창5동,11100630,187,subway/data/raw/2024/boundary/bnd_dong_11_2024_2Q.shp,boundary,창5동,창5동,11100630,20240630,도봉구,11100630,23960,5028,0.20984974958263772,2024 Q2,2024-06-30,population_direct_65_plus,subway/data/raw/2024/population_direct_65_plus/201_DT_201004_O020003_2024Q2_20261006.csv,159,e48f83ca75f7f92a5a83e39834440c0f3149ace1113c3533102797e4d0338d76,DT_201004_O020003,https://stat.eseoul.go.kr/statHtml/statHtml.do?orgId=201&tblId=DT_201004_O020003&conn_path=I2,001010013,001010,창5동,002 계 (14210.MT0047 명),006 65세이상고령자 (14999671.ga028 명),명,official source code parents + exact complete Q2 boundary parent/name-set bijection; SGIS codes not equated to statistics codes,1,0.41736227045075125,1,True,0.610091602608428,-0.2501450808384115
20240630,도봉1동,11100640,71,subway/data/raw/2024/boundary/bnd_dong_11_2024_2Q.shp,boundary,도봉1동,도봉1동,11100640,20240630,도봉구,11100640,19994,6316,0.31589476843052916,2024 Q2,2024-06-30,population_direct_65_plus,subway/data/raw/2024/population_direct_65_plus/201_DT_201004_O020003_2024Q2_20261006.csv,160,e48f83ca75f7f92a5a83e39834440c0f3149ace1113c3533102797e4d0338d76,DT_201004_O020003,https://stat.eseoul.go.kr/statHtml/statHtml.do?orgId=201&tblId=DT_201004_O020003&conn_path=I2,001010014,001010,도봉1동,002 계 (14210.MT0047 명),006 65세이상고령자 (14999671.ga028 명),명,official source code parents + exact complete Q2 boundary parent/name-set bijection; SGIS codes not equated to statistics codes,0,0.0,0,False,3.1151574724840616,-0.4903575546703421
20240630,도봉2동,11100650,413,subway/data/raw/2024/boundary/bnd_dong_11_2024_2Q.shp,boundary,도봉2동,도봉2동,11100650,20240630,도봉구,11100650,26276,7318,0.27850509971076265,2024 Q2,2024-06-30,population_direct_65_plus,subway/data/raw/2024/population_direct_65_plus/201_DT_201004_O020003_2024Q2_20261006.csv,161,e48f83ca75f7f92a5a83e39834440c0f3149ace1113c3533102797e4d0338d76,DT_201004_O020003,https://stat.eseoul.go.kr/statHtml/statHtml.do?orgId=201&tblId=DT_201004_O020003&conn_path=I2,001010015,001010,도봉2동,002 계 (14210.MT0047 명),006 65세이상고령자 (14999671.ga028 명),명,official source code parents + exact complete Q2 boundary parent/name-set bijection; SGIS codes not equated to statistics codes,0,0.0,1,True,2.2319138839267096,-0.4903575546703421
20240630,월계1동,11110510,193,subway/data/raw/2024/boundary/bnd_dong_11_2024_2Q.shp,boundary,월계1동,월계1동,11110510,20240630,노원구,11110510,21164,4501,0.21267246267246268,2024 Q2,2024-06-30,population_direct_65_plus,subway/data/raw/2024/population_direct_65_plus/201_DT_201004_O020003_2024Q2_20261006.csv,170,e48f83ca75f7f92a5a83e39834440c0f3149ace1113c3533102797e4d0338d76,DT_201004_O020003,https://stat.eseoul.go.kr/statHtml/statHtml.do?orgId=201&tblId=DT_201004_O020003&conn_path=I2,001011001,001011,월계1동,002 계 (14210.MT0047 명),006 65세이상고령자 (14999671.ga028 명),명,official source code parents + exact complete Q2 boundary parent/name-set bijection; SGIS codes not equated to statistics codes,2,0.945000945000945,0,False,0.6767716060503086,0.05353687672382306
20240630,월계2동,11110520,16,subway/data/raw/2024/boundary/bnd_dong_11_2024_2Q.shp,boundary,월계2동,월계2동,11110520,20240630,노원구,11110520,25547,6459,0.2528281207186754,2024 Q2,2024-06-30,population_direct_65_plus,subway/data/raw/2024/population_direct_65_plus/201_DT_201004_O020003_2024Q2_20261006.csv,171,e48f83ca75f7f92a5a83e39834440c0f3149ace1113c3533102797e4d0338d76,DT_201004_O020003,https://stat.eseoul.go.kr/statHtml/statHtml.do?orgId=201&tblId=DT_201004_O020003&conn_path=I2,001011002,001011,월계2동,002 계 (14210.MT0047 명),006 65세이상고령자 (14999671.ga028 명),명,official source code parents + exact complete Q2 boundary parent/name-set bijection; SGIS codes not equated to statistics codes,0,0.0,0,False,1.6253552316353257,-0.4903575546703421
20240630,월계3동,11110530,199,subway/data/raw/2024/boundary/bnd_dong_11_2024_2Q.shp,boundary,월계3동,월계3동,11110530,20240630,노원구,11110530,28665,6783,0.23663003663003662,2024 Q2,2024-06-30,population_direct_65_plus,subway/data/raw/2024/population_direct_65_plus/201_DT_201004_O020003_2024Q2_20261006.csv,172,e48f83ca75f7f92a5a83e39834440c0f3149ace1113c3533102797e4d0338d76,DT_201004_O020003,https://stat.eseoul.go.kr/statHtml/statHtml.do?orgId=201&tblId=DT_201004_O020003&conn_path=I2,001011003,001011,월계3동,002 계 (14210.MT0047 명),006 65세이상고령자 (14999671.ga028 명),명,official source code parents + exact complete Q2 boundary parent/name-set bijection; SGIS codes not equated to statistics codes,1,0.34885749171463454,0,False,1.242713330594904,-0.2895729437157614
20240630,공릉2동,11110560,72,subway/data/raw/2024/boundary/bnd_dong_11_2024_2Q.shp,boundary,공릉2동,공릉2동,11110560,20240630,노원구,11110560,42337,6444,0.15220728913243733,2024 Q2,2024-06-30,population_direct_65_plus,subway/data/raw/2024/population_direct_65_plus/201_DT_201004_O020003_2024Q2_20261006.csv,174,e48f83ca75f7f92a5a83e39834440c0f3149ace1113c3533102797e4d0338d76,DT_201004_O020003,https://stat.eseoul.go.kr/statHtml/statHtml.do?orgId=201&tblId=DT_201004_O020003&conn_path=I2,001011006,001011,공릉2동,002 계 (14210.MT0047 명),006 65세이상고령자 (14999671.ga028 명),명,official source code parents + exact complete Q2 boundary parent/name-set bijection; SGIS codes not equated to statistics codes,1,0.23620001417200084,0,False,-0.7515768840234095,-0.35441285209309153
20240630,하계1동,11110580,202,subway/data/raw/2024/boundary/bnd_dong_11_2024_2Q.shp,boundary,하계1동,하계1동,11110580,20240630,노원구,11110580,26751,5056,0.18900228028858734,2024 Q2,2024-06-30,population_direct_65_plus,subway/data/raw/2024/population_direct_65_plus/201_DT_201004_O020003_2024Q2_20261006.csv,175,e48f83ca75f7f92a5a83e39834440c0f3149ace1113c3533102797e4d0338d76,DT_201004_O020003,https://stat.eseoul.go.kr/statHtml/statHtml.do?orgId=201&tblId=DT_201004_O020003&conn_path=I2,001011008,001011,하계1동,002 계 (14210.MT0047 명),006 65세이상고령자 (14999671.ga028 명),명,official source code parents + exact complete Q2 boundary parent/name-set bijection; SGIS codes not equated to statistics codes,0,0.0,0,False,0.11761883614388353,-0.4903575546703421
20240630,하계2동,11110590,203,subway/data/raw/2024/boundary/bnd_dong_11_2024_2Q.shp,boundary,하계2동,하계2동,11110590,20240630,노원구,11110590,21142,3678,0.1739665121558982,2024 Q2,2024-06-30,population_direct_65_plus,subway/data/raw/2024/population_direct_65_plus/201_DT_201004_O020003_2024Q2_20261006.csv,176,e48f83ca75f7f92a5a83e39834440c0f3149ace1113c3533102797e4d0338d76,DT_201004_O020003,https://stat.eseoul.go.kr/statHtml/statHtml.do?orgId=201&tblId=DT_201004_O020003&conn_path=I2,001011009,001011,하계2동,002 계 (14210.MT0047 명),006 65세이상고령자 (14999671.ga028 명),명,official source code parents + exact complete Q2 boundary parent/name-set bijection; SGIS codes not equated to statistics codes,1,0.4729921483303377,1,True,-0.23756606537977898,-0.21812735539813247
20240630,중계본동,11110600,414,subway/data/raw/2024/boundary/bnd_dong_11_2024_2Q.shp,boundary,중계본동,중계본동,11110600,20240630,노원구,11110600,22879,2797,0.12225184667162026,2024 Q2,2024-06-30,population_direct_65_plus,subway/data/raw/2024/population_direct_65_plus/201_DT_201004_O020003_2024Q2_20261006.csv,177,e48f83ca75f7f92a5a83e39834440c0f3149ace1113c3533102797e4d0338d76,DT_201004_O020003,https://stat.eseoul.go.kr/statHtml/statHtml.do?orgId=201&tblId=DT_201004_O020003&conn_path=I2,001011010,001011,중계본동,002 계 (14210.MT0047 명),006 65세이상고령자 (14999671.ga028 명),명,official source code parents + exact complete Q2 boundary parent/name-set bijection; SGIS codes not equated to statistics codes,1,0.43708204029896414,0,False,-1.4592042421103781,-0.2387953853004808
20240630,중계1동,11110610,208,subway/data/raw/2024/boundary/bnd_dong_11_2024_2Q.shp,boundary,중계1동,중계1동,11110610,20240630,노원구,11110610,26356,2813,0.10673091516163302,2024 Q2,2024-06-30,population_direct_65_plus,subway/data/raw/2024/population_direct_65_plus/201_DT_201004_O020003_2024Q2_20261006.csv,178,e48f83ca75f7f92a5a83e39834440c0f3149ace1113c3533102797e4d0338d76,DT_201004_O020003,https://stat.eseoul.go.kr/statHtml/statHtml.do?orgId=201&tblId=DT_201004_O020003&conn_path=I2,001011011,001011,중계1동,002 계 (14210.MT0047 명),006 65세이상고령자 (14999671.ga028 명),명,official source code parents + exact complete Q2 boundary parent/name-set bijection; SGIS codes not equated to statistics codes,1,0.3794202458643193,0,False,-1.8258499951760292,-0.27198257845949614
20240630,중계4동,11110640,210,subway/data/raw/2024/boundary/bnd_dong_11_2024_2Q.shp,boundary,중계4동,중계4동,11110640,20240630,노원구,11110640,19232,4306,0.22389767054908485,2024 Q2,2024-06-30,population_direct_65_plus,subway/data/raw/2024/population_direct_65_plus/201_DT_201004_O020003_2024Q2_20261006.csv,179,e48f83ca75f7f92a5a83e39834440c0f3149ace1113c3533102797e4d0338d76,DT_201004_O020003,https://stat.eseoul.go.kr/statHtml/statHtml.do?orgId=201&tblId=DT_201004_O020003&conn_path=I2,001011014,001011,중계4동,002 계 (14210.MT0047 명),006 65세이상고령자 (14999671.ga028 명),명,official source code parents + exact complete Q2 boundary parent/name-set bijection; SGIS codes not equated to statistics codes,2,1.0399334442595674,0,False,0.9419409222472332,0.10817519002735503
20240630,상계1동,11110650,74,subway/data/raw/2024/boundary/bnd_dong_11_2024_2Q.shp,boundary,상계1동,상계1동,11110650,20240630,노원구,11110650,36829,8168,0.2217817480789595,2024 Q2,2024-06-30,population_direct_65_plus,subway/data/raw/2024/population_direct_65_plus/201_DT_201004_O020003_2024Q2_20261006.csv,181,e48f83ca75f7f92a5a83e39834440c0f3149ace1113c3533102797e4d0338d76,DT_201004_O020003,https://stat.eseoul.go.kr/statHtml/statHtml.do?orgId=201&tblId=DT_201004_O020003&conn_path=I2,001011015,001011,상계1동,002 계 (14210.MT0047 명),006 65세이상고령자 (14999671.ga028 명),명,official source code parents + exact complete Q2 boundary parent/name-set bijection; SGIS codes not equated to statistics codes,2,0.5430503136115561,1,True,0.8919571962712219,-0.1778054423125232
20240630,상계2동,11110660,218,subway/data/raw/2024/boundary/bnd_dong_11_2024_2Q.shp,boundary,상계2동,상계2동,11110660,20240630,노원구,11110660,19175,3852,0.20088657105606259,2024 Q2,2024-06-30,population_direct_65_plus,subway/data/raw/2024/population_direct_65_plus/201_DT_201004_O020003_2024Q2_20261006.csv,182,e48f83ca75f7f92a5a83e39834440c0f3149ace1113c3533102797e4d0338d76,DT_201004_O020003,https://stat.eseoul.go.kr/statHtml/statHtml.do?orgId=201&tblId=DT_201004_O020003&conn_path=I2,001011016,001011,상계2동,002 계 (14210.MT0047 명),006 65세이상고령자 (14999671.ga028 명),명,official source code parents + exact complete Q2 boundary parent/name-set bijection; SGIS codes not equated to statistics codes,1,0.5215123859191656,1,True,0.39835744614859364,-0.19020157693824008
20240630,상계5동,11110690,220,subway/data/raw/2024/boundary/bnd_dong_11_2024_2Q.shp,boundary,상계5동,상계5동,11110690,20240630,노원구,11110690,22937,5593,0.24384182761477088,2024 Q2,2024-06-30,population_direct_65_plus,subway/data/raw/2024/population_direct_65_plus/201_DT_201004_O020003_2024Q2_20261006.csv,184,e48f83ca75f7f92a5a83e39834440c0f3149ace1113c3533102797e4d0338d76,DT_201004_O020003,https://stat.eseoul.go.kr/statHtml/statHtml.do?orgId=201&tblId=DT_201004_O020003&conn_path=I2,001011019,001011,상계5동,002 계 (14210.MT0047 명),006 65세이상고령자 (14999671.ga028 명),명,official source code parents + exact complete Q2 boundary parent/name-set bijection; SGIS codes not equated to statistics codes,0,0.0,1,True,1.413075047277213,-0.4903575546703421
20240630,상계8동,11110720,206,subway/data/raw/2024/boundary/bnd_dong_11_2024_2Q.shp,boundary,상계8동,상계8동,11110720,20240630,노원구,11110720,21721,3294,0.15165047649739882,2024 Q2,2024-06-30,population_direct_65_plus,subway/data/raw/2024/population_direct_65_plus/201_DT_201004_O020003_2024Q2_20261006.csv,186,e48f83ca75f7f92a5a83e39834440c0f3149ace1113c3533102797e4d0338d76,DT_201004_O020003,https://stat.eseoul.go.kr/statHtml/statHtml.do?orgId=201&tblId=DT_201004_O020003&conn_path=I2,001011022,001011,상계8동,002 계 (14210.MT0047 명),006 65세이상고령자 (14999671.ga028 명),명,official source code parents + exact complete Q2 boundary parent/name-set bijection; SGIS codes not equated to statistics codes,0,0.0,1,True,-0.7647302819208746,-0.4903575546703421
20240630,상계9동,11110730,222,subway/data/raw/2024/boundary/bnd_dong_11_2024_2Q.shp,boundary,상계9동,상계9동,11110730,20240630,노원구,11110730,19560,3948,0.201840490797546,2024 Q2,2024-06-30,population_direct_65_plus,subway/data/raw/2024/population_direct_65_plus/201_DT_201004_O020003_2024Q2_20261006.csv,187,e48f83ca75f7f92a5a83e39834440c0f3149ace1113c3533102797e4d0338d76,DT_201004_O020003,https://stat.eseoul.go.kr/statHtml/statHtml.do?orgId=201&tblId=DT_201004_O020003&conn_path=I2,001011023,001011,상계9동,002 계 (14210.MT0047 명),006 65세이상고령자 (14999671.ga028 명),명,official source code parents + exact complete Q2 boundary parent/name-set bijection; SGIS codes not equated to statistics codes,2,1.0224948875255624,0,False,0.4208915718713525,0.09813844461524643
20240630,상계10동,11110740,226,subway/data/raw/2024/boundary/bnd_dong_11_2024_2Q.shp,boundary,상계10동,상계10동,11110740,20240630,노원구,11110740,18121,3122,0.17228629766569173,2024 Q2,2024-06-30,population_direct_65_plus,subway/data/raw/2024/population_direct_65_plus/201_DT_201004_O020003_2024Q2_20261006.csv,188,e48f83ca75f7f92a5a83e39834440c0f3149ace1113c3533102797e4d0338d76,DT_201004_O020003,https://stat.eseoul.go.kr/statHtml/statHtml.do?orgId=201&tblId=DT_201004_O020003&conn_path=I2,001011024,001011,상계10동,002 계 (14210.MT0047 명),006 65세이상고령자 (14999671.ga028 명),명,official source code parents + exact complete Q2 boundary parent/name-set bijection; SGIS codes not equated to statistics codes,0,0.0,0,False,-0.27725720805875836,-0.4903575546703421
20240630,상계3·4동,11110760,227,subway/data/raw/2024/boundary/bnd_dong_11_2024_2Q.shp,boundary,상계3·4동,상계3·4동,11110760,20240630,노원구,11110760,27444,6736,0.2454452703687509,2024 Q2,2024-06-30,population_direct_65_plus,subway/data/raw/2024/population_direct_65_plus/201_DT_201004_O020003_2024Q2_20261006.csv,183,e48f83ca75f7f92a5a83e39834440c0f3149ace1113c3533102797e4d0338d76,DT_201004_O020003,https://stat.eseoul.go.kr/statHtml/statHtml.do?orgId=201&tblId=DT_201004_O020003&conn_path=I2,001011027,001011,상계3.4동,002 계 (14210.MT0047 명),006 65세이상고령자 (14999671.ga028 명),명,official source code parents + exact complete Q2 boundary parent/name-set bijection; SGIS codes not equated to statistics codes,1,0.3643783704999271,1,True,1.4509526370115904,-0.2806399160967721
20240630,상계6·7동,11110770,228,subway/data/raw/2024/boundary/bnd_dong_11_2024_2Q.shp,boundary,상계6·7동,상계6·7동,11110770,20240630,노원구,11110770,31374,5618,0.17906546822209474,2024 Q2,2024-06-30,population_direct_65_plus,subway/data/raw/2024/population_direct_65_plus/201_DT_201004_O020003_2024Q2_20261006.csv,185,e48f83ca75f7f92a5a83e39834440c0f3149ace1113c3533102797e4d0338d76,DT_201004_O020003,https://stat.eseoul.go.kr/statHtml/statHtml.do?orgId=201&tblId=DT_201004_O020003&conn_path=I2,001011028,001011,상계6.7동,002 계 (14210.MT0047 명),006 65세이상고령자 (14999671.ga028 명),명,official source code parents + exact complete Q2 boundary parent/name-set bijection; SGIS codes not equated to statistics codes,4,1.2749410339771785,1,True,-0.1171151384791399,0.2434335937982058
20240630,중계2·3동,11110780,205,subway/data/raw/2024/boundary/bnd_dong_11_2024_2Q.shp,boundary,중계2·3동,중계2·3동,11110780,20240630,노원구,11110780,32221,8017,0.24881288600602092,2024 Q2,2024-06-30,population_direct_65_plus,subway/data/raw/2024/population_direct_65_plus/201_DT_201004_O020003_2024Q2_20261006.csv,180,e48f83ca75f7f92a5a83e39834440c0f3149ace1113c3533102797e4d0338d76,DT_201004_O020003,https://stat.eseoul.go.kr/statHtml/statHtml.do?orgId=201&tblId=DT_201004_O020003&conn_path=I2,001011025,001011,중계2.3동,002 계 (14210.MT0047 명),006 65세이상고령자 (14999671.ga028 명),명,official source code parents + exact complete Q2 boundary parent/name-set bijection; SGIS codes not equated to statistics codes,1,0.3103565997330933,1,True,1.5305046903511736,-0.31173209695602355
20240630,공릉1동,11110790,73,subway/data/raw/2024/boundary/bnd_dong_11_2024_2Q.shp,boundary,공릉1동,공릉1동,11110790,20240630,노원구,11110790,36590,7330,0.20032795845859525,2024 Q2,2024-06-30,population_direct_65_plus,subway/data/raw/2024/population_direct_65_plus/201_DT_201004_O020003_2024Q2_20261006.csv,173,e48f83ca75f7f92a5a83e39834440c0f3149ace1113c3533102797e4d0338d76,DT_201004_O020003,https://stat.eseoul.go.kr/statHtml/statHtml.do?orgId=201&tblId=DT_201004_O020003&conn_path=I2,001011005,001011,공릉1동,002 계 (14210.MT0047 명),006 65세이상고령자 (14999671.ga028 명),명,official source code parents + exact complete Q2 boundary parent/name-set bijection; SGIS codes not equated to statistics codes,2,0.5465974309920744,3,True,0.38516152834310746,-0.17576390214161533
20240630,녹번동,11120510,236,subway/data/raw/2024/boundary/bnd_dong_11_2024_2Q.shp,boundary,녹번동,녹번동,11120510,20240630,은평구,11120510,36263,7799,0.21506769985936078,2024 Q2,2024-06-30,population_direct_65_plus,subway/data/raw/2024/population_direct_65_plus/201_DT_201004_O020003_2024Q2_20261006.csv,190,e48f83ca75f7f92a5a83e39834440c0f3149ace1113c3533102797e4d0338d76,DT_201004_O020003,https://stat.eseoul.go.kr/statHtml/statHtml.do?orgId=201&tblId=DT_201004_O020003&conn_path=I2,001012001,001012,녹번동,002 계 (14210.MT0047 명),006 65세이상고령자 (14999671.ga028 명),명,official source code parents + exact complete Q2 boundary parent/name-set bijection; SGIS codes not equated to statistics codes,2,0.5515263491713317,2,True,0.7333534897855735,-0.17292706778216096
20240630,불광1동,11120520,106,subway/data/raw/2024/boundary/bnd_dong_11_2024_2Q.shp,boundary,불광1동,불광1동,11120520,20240630,은평구,11120520,37783,8520,0.2254982399491835,2024 Q2,2024-06-30,population_direct_65_plus,subway/data/raw/2024/population_direct_65_plus/201_DT_201004_O020003_2024Q2_20261006.csv,191,e48f83ca75f7f92a5a83e39834440c0f3149ace1113c3533102797e4d0338d76,DT_201004_O020003,https://stat.eseoul.go.kr/statHtml/statHtml.do?orgId=201&tblId=DT_201004_O020003&conn_path=I2,001012002,001012,불광1동,002 계 (14210.MT0047 명),006 65세이상고령자 (14999671.ga028 명),명,official source code parents + exact complete Q2 boundary parent/name-set bijection; SGIS codes not equated to statistics codes,5,1.3233464785750206,2,True,0.9797506357077552,0.27129330325690776
20240630,갈현1동,11120550,107,subway/data/raw/2024/boundary/bnd_dong_11_2024_2Q.shp,boundary,갈현1동,갈현1동,11120550,20240630,은평구,11120550,14453,3230,0.2234830139071473,2024 Q2,2024-06-30,population_direct_65_plus,subway/data/raw/2024/population_direct_65_plus/201_DT_201004_O020003_2024Q2_20261006.csv,193,e48f83ca75f7f92a5a83e39834440c0f3149ace1113c3533102797e4d0338d76,DT_201004_O020003,https://stat.eseoul.go.kr/statHtml/statHtml.do?orgId=201&tblId=DT_201004_O020003&conn_path=I2,001012005,001012,갈현1동,002 계 (14210.MT0047 명),006 65세이상고령자 (14999671.ga028 명),명,official source code parents + exact complete Q2 boundary parent/name-set bijection; SGIS codes not equated to statistics codes,1,0.6918978758735211,1,True,0.9321456276382056,-0.09213636370562499
20240630,갈현2동,11120560,108,subway/data/raw/2024/boundary/bnd_dong_11_2024_2Q.shp,boundary,갈현2동,갈현2동,11120560,20240630,은평구,11120560,27637,5662,0.20487028259217716,2024 Q2,2024-06-30,population_direct_65_plus,subway/data/raw/2024/population_direct_65_plus/201_DT_201004_O020003_2024Q2_20261006.csv,194,e48f83ca75f7f92a5a83e39834440c0f3149ace1113c3533102797e4d0338d76,DT_201004_O020003,https://stat.eseoul.go.kr/statHtml/statHtml.do?orgId=201&tblId=DT_201004_O020003&conn_path=I2,001012006,001012,갈현2동,002 계 (14210.MT0047 명),006 65세이상고령자 (14999671.ga028 명),명,official source code parents + exact complete Q2 boundary parent/name-set bijection; SGIS codes not equated to statistics codes,1,0.3618337735644245,0,False,0.4924633260189603,-0.28210445654055033
20240630,구산동,11120570,238,subway/data/raw/2024/boundary/bnd_dong_11_2024_2Q.shp,boundary,구산동,구산동,11120570,20240630,은평구,11120570,31439,6860,0.21820032443780019,2024 Q2,2024-06-30,population_direct_65_plus,subway/data/raw/2024/population_direct_65_plus/201_DT_201004_O020003_2024Q2_20261006.csv,195,e48f83ca75f7f92a5a83e39834440c0f3149ace1113c3533102797e4d0338d76,DT_201004_O020003,https://stat.eseoul.go.kr/statHtml/statHtml.do?orgId=201&tblId=DT_201004_O020003&conn_path=I2,001012007,001012,구산동,002 계 (14210.MT0047 명),006 65세이상고령자 (14999671.ga028 명),명,official source code parents + exact complete Q2 boundary parent/name-set bijection; SGIS codes not equated to statistics codes,0,0.0,1,True,0.807354428253398,-0.4903575546703421
20240630,대조동,11120580,239,subway/data/raw/2024/boundary/bnd_dong_11_2024_2Q.shp,boundary,대조동,대조동,11120580,20240630,은평구,11120580,27854,5509,0.19778128814532922,2024 Q2,2024-06-30,population_direct_65_plus,subway/data/raw/2024/population_direct_65_plus/201_DT_201004_O020003_2024Q2_20261006.csv,196,e48f83ca75f7f92a5a83e39834440c0f3149ace1113c3533102797e4d0338d76,DT_201004_O020003,https://stat.eseoul.go.kr/statHtml/statHtml.do?orgId=201&tblId=DT_201004_O020003&conn_path=I2,001012008,001012,대조동,002 계 (14210.MT0047 명),006 65세이상고령자 (14999671.ga028 명),명,official source code parents + exact complete Q2 boundary parent/name-set bijection; SGIS codes not equated to statistics codes,4,1.4360594528613484,1,True,0.32500239071554077,0.3361651527344192
20240630,응암1동,11120590,111,subway/data/raw/2024/boundary/bnd_dong_11_2024_2Q.shp,boundary,응암1동,응암1동,11120590,20240630,은평구,11120590,32784,5809,0.17719009272816008,2024 Q2,2024-06-30,population_direct_65_plus,subway/data/raw/2024/population_direct_65_plus/201_DT_201004_O020003_2024Q2_20261006.csv,197,e48f83ca75f7f92a5a83e39834440c0f3149ace1113c3533102797e4d0338d76,DT_201004_O020003,https://stat.eseoul.go.kr/statHtml/statHtml.do?orgId=201&tblId=DT_201004_O020003&conn_path=I2,001012009,001012,응암1동,002 계 (14210.MT0047 명),006 65세이상고령자 (14999671.ga028 명),명,official source code parents + exact complete Q2 boundary parent/name-set bijection; SGIS codes not equated to statistics codes,2,0.6100536847242557,0,False,-0.16141650401329555,-0.13924171322249831
20240630,응암2동,11120600,112,subway/data/raw/2024/boundary/bnd_dong_11_2024_2Q.shp,boundary,응암2동,응암2동,11120600,20240630,은평구,11120600,27486,4366,0.15884450265589756,2024 Q2,2024-06-30,population_direct_65_plus,subway/data/raw/2024/population_direct_65_plus/201_DT_201004_O020003_2024Q2_20261006.csv,198,e48f83ca75f7f92a5a83e39834440c0f3149ace1113c3533102797e4d0338d76,DT_201004_O020003,https://stat.eseoul.go.kr/statHtml/statHtml.do?orgId=201&tblId=DT_201004_O020003&conn_path=I2,001012010,001012,응암2동,002 계 (14210.MT0047 명),006 65세이상고령자 (14999671.ga028 명),명,official source code parents + exact complete Q2 boundary parent/name-set bijection; SGIS codes not equated to statistics codes,0,0.0,0,False,-0.5947882177632233,-0.4903575546703421
20240630,신사1동,11120650,240,subway/data/raw/2024/boundary/bnd_dong_11_2024_2Q.shp,boundary,신사1동,신사1동,11120650,20240630,은평구,11120650,26555,5651,0.21280361513839202,2024 Q2,2024-06-30,population_direct_65_plus,subway/data/raw/2024/population_direct_65_plus/201_DT_201004_O020003_2024Q2_20261006.csv,201,e48f83ca75f7f92a5a83e39834440c0f3149ace1113c3533102797e4d0338d76,DT_201004_O020003,https://stat.eseoul.go.kr/statHtml/statHtml.do?orgId=201&tblId=DT_201004_O020003&conn_path=I2,001012015,001012,신사1동,002 계 (14210.MT0047 명),006 65세이상고령자 (14999671.ga028 명),명,official source code parents + exact complete Q2 boundary parent/name-set bijection; SGIS codes not equated to statistics codes,0,0.0,1,True,0.679869776711402,-0.4903575546703421
20240630,신사2동,11120660,241,subway/data/raw/2024/boundary/bnd_dong_11_2024_2Q.shp,boundary,신사2동,신사2동,11120660,20240630,은평구,11120660,19029,4234,0.22250249619002574,2024 Q2,2024-06-30,population_direct_65_plus,subway/data/raw/2024/population_direct_65_plus/201_DT_201004_O020003_2024Q2_20261006.csv,202,e48f83ca75f7f92a5a83e39834440c0f3149ace1113c3533102797e4d0338d76,DT_201004_O020003,https://stat.eseoul.go.kr/statHtml/statHtml.do?orgId=201&tblId=DT_201004_O020003&conn_path=I2,001012016,001012,신사2동,002 계 (14210.MT0047 명),006 65세이상고령자 (14999671.ga028 명),명,official source code parents + exact complete Q2 boundary parent/name-set bijection; SGIS codes not equated to statistics codes,0,0.0,0,False,0.9089831868686601,-0.4903575546703421
20240630,증산동,11120670,242,subway/data/raw/2024/boundary/bnd_dong_11_2024_2Q.shp,boundary,증산동,증산동,11120670,20240630,은평구,11120670,17845,3721,0.20851779209862706,2024 Q2,2024-06-30,population_direct_65_plus,subway/data/raw/2024/population_direct_65_plus/201_DT_201004_O020003_2024Q2_20261006.csv,203,e48f83ca75f7f92a5a83e39834440c0f3149ace1113c3533102797e4d0338d76,DT_201004_O020003,https://stat.eseoul.go.kr/statHtml/statHtml.do?orgId=201&tblId=DT_201004_O020003&conn_path=I2,001012017,001012,증산동,002 계 (14210.MT0047 명),006 65세이상고령자 (14999671.ga028 명),명,official source code parents + exact complete Q2 boundary parent/name-set bijection; SGIS codes not equated to statistics codes,0,0.0,0,False,0.5786272182406292,-0.4903575546703421
20240630,수색동,11120680,120,subway/data/raw/2024/boundary/bnd_dong_11_2024_2Q.shp,boundary,수색동,수색동,11120680,20240630,은평구,11120680,21151,3285,0.15531180558838825,2024 Q2,2024-06-30,population_direct_65_plus,subway/data/raw/2024/population_direct_65_plus/201_DT_201004_O020003_2024Q2_20261006.csv,204,e48f83ca75f7f92a5a83e39834440c0f3149ace1113c3533102797e4d0338d76,DT_201004_O020003,https://stat.eseoul.go.kr/statHtml/statHtml.do?orgId=201&tblId=DT_201004_O020003&conn_path=I2,001012018,001012,수색동,002 계 (14210.MT0047 명),006 65세이상고령자 (14999671.ga028 명),명,official source code parents + exact complete Q2 boundary parent/name-set bijection; SGIS codes not equated to statistics codes,0,0.0,0,False,-0.6782399342943036,-0.4903575546703421
20240630,진관동,11120710,121,subway/data/raw/2024/boundary/bnd_dong_11_2024_2Q.shp,boundary,진관동,진관동,11120710,20240630,은평구,11120710,54044,9388,0.1737103101176819,2024 Q2,2024-06-30,population_direct_65_plus,subway/data/raw/2024/population_direct_65_plus/201_DT_201004_O020003_2024Q2_20261006.csv,205,e48f83ca75f7f92a5a83e39834440c0f3149ace1113c3533102797e4d0338d76,DT_201004_O020003,https://stat.eseoul.go.kr/statHtml/statHtml.do?orgId=201&tblId=DT_201004_O020003&conn_path=I2,001012021,001012,진관동,002 계 (14210.MT0047 명),006 65세이상고령자 (14999671.ga028 명),명,official source code parents + exact complete Q2 boundary parent/name-set bijection; SGIS codes not equated to statistics codes,3,0.555103249204352,1,True,-0.24361824009482919,-0.17086838623278816
20240630,불광2동,11120720,422,subway/data/raw/2024/boundary/bnd_dong_11_2024_2Q.shp,boundary,불광2동,불광2동,11120720,20240630,은평구,11120720,26904,6589,0.24490782039845377,2024 Q2,2024-06-30,population_direct_65_plus,subway/data/raw/2024/population_direct_65_plus/201_DT_201004_O020003_2024Q2_20261006.csv,192,e48f83ca75f7f92a5a83e39834440c0f3149ace1113c3533102797e4d0338d76,DT_201004_O020003,https://stat.eseoul.go.kr/statHtml/statHtml.do?orgId=201&tblId=DT_201004_O020003&conn_path=I2,001012003,001012,불광2동,002 계 (14210.MT0047 명),006 65세이상고령자 (14999671.ga028 명),명,official source code parents + exact complete Q2 boundary parent/name-set bijection; SGIS codes not equated to statistics codes,0,0.0,0,False,1.4382566368412455,-0.4903575546703421
20240630,응암3동,11120730,423,subway/data/raw/2024/boundary/bnd_dong_11_2024_2Q.shp,boundary,응암3동,응암3동,11120730,20240630,은평구,11120730,23759,6112,0.25724988425438783,2024 Q2,2024-06-30,population_direct_65_plus,subway/data/raw/2024/population_direct_65_plus/201_DT_201004_O020003_2024Q2_20261006.csv,199,e48f83ca75f7f92a5a83e39834440c0f3149ace1113c3533102797e4d0338d76,DT_201004_O020003,https://stat.eseoul.go.kr/statHtml/statHtml.do?orgId=201&tblId=DT_201004_O020003&conn_path=I2,001012011,001012,응암3동,002 계 (14210.MT0047 명),006 65세이상고령자 (14999671.ga028 명),명,official source code parents + exact complete Q2 boundary parent/name-set bijection; SGIS codes not equated to statistics codes,1,0.42089313523296434,0,False,1.7298090667924693,-0.2481128948356245
20240630,역촌동,11120740,243,subway/data/raw/2024/boundary/bnd_dong_11_2024_2Q.shp,boundary,역촌동,역촌동,11120740,20240630,은평구,11120740,43990,9442,0.214639690838827,2024 Q2,2024-06-30,population_direct_65_plus,subway/data/raw/2024/population_direct_65_plus/201_DT_201004_O020003_2024Q2_20261006.csv,200,e48f83ca75f7f92a5a83e39834440c0f3149ace1113c3533102797e4d0338d76,DT_201004_O020003,https://stat.eseoul.go.kr/statHtml/statHtml.do?orgId=201&tblId=DT_201004_O020003&conn_path=I2,001012022,001012,역촌동,002 계 (14210.MT0047 명),006 65세이상고령자 (14999671.ga028 명),명,official source code parents + exact complete Q2 boundary parent/name-set bijection; SGIS codes not equated to statistics codes,4,0.9092975676290066,0,False,0.7232427764207525,0.03298783046382983
20240630,천연동,11130520,244,subway/data/raw/2024/boundary/bnd_dong_11_2024_2Q.shp,boundary,천연동,천연동,11130520,20240630,서대문구,11130520,16731,3439,0.20554659016197477,2024 Q2,2024-06-30,population_direct_65_plus,subway/data/raw/2024/population_direct_65_plus/201_DT_201004_O020003_2024Q2_20261006.csv,207,e48f83ca75f7f92a5a83e39834440c0f3149ace1113c3533102797e4d0338d76,DT_201004_O020003,https://stat.eseoul.go.kr/statHtml/statHtml.do?orgId=201&tblId=DT_201004_O020003&conn_path=I2,001013002,001013,천연동,002 계 (14210.MT0047 명),006 65세이상고령자 (14999671.ga028 명),명,official source code parents + exact complete Q2 boundary parent/name-set bijection; SGIS codes not equated to statistics codes,1,0.597692905385213,0,False,0.5084395126333325,-0.14635594848941716
20240630,홍제1동,11130620,245,subway/data/raw/2024/boundary/bnd_dong_11_2024_2Q.shp,boundary,홍제1동,홍제1동,11130620,20240630,서대문구,11130620,24852,5172,0.2081120231772091,2024 Q2,2024-06-30,population_direct_65_plus,subway/data/raw/2024/population_direct_65_plus/201_DT_201004_O020003_2024Q2_20261006.csv,212,e48f83ca75f7f92a5a83e39834440c0f3149ace1113c3533102797e4d0338d76,DT_201004_O020003,https://stat.eseoul.go.kr/statHtml/statHtml.do?orgId=201&tblId=DT_201004_O020003&conn_path=I2,001013011,001013,홍제1동,002 계 (14210.MT0047 명),006 65세이상고령자 (14999671.ga028 명),명,official source code parents + exact complete Q2 boundary parent/name-set bijection; SGIS codes not equated to statistics codes,2,0.8047642040882022,1,True,0.5690418752689012,-0.02717625151461574
20240630,홍제3동,11130640,246,subway/data/raw/2024/boundary/bnd_dong_11_2024_2Q.shp,boundary,홍제3동,홍제3동,11130640,20240630,서대문구,11130640,17718,4156,0.2345637205102156,2024 Q2,2024-06-30,population_direct_65_plus,subway/data/raw/2024/population_direct_65_plus/201_DT_201004_O020003_2024Q2_20261006.csv,213,e48f83ca75f7f92a5a83e39834440c0f3149ace1113c3533102797e4d0338d76,DT_201004_O020003,https://stat.eseoul.go.kr/statHtml/statHtml.do?orgId=201&tblId=DT_201004_O020003&conn_path=I2,001013013,001013,홍제3동,002 계 (14210.MT0047 명),006 65세이상고령자 (14999671.ga028 명),명,official source code parents + exact complete Q2 boundary parent/name-set bijection; SGIS codes not equated to statistics codes,1,0.5643977875606727,1,True,1.1939014387741085,-0.16551892316492076
20240630,홍제2동,11130650,248,subway/data/raw/2024/boundary/bnd_dong_11_2024_2Q.shp,boundary,홍제2동,홍제2동,11130650,20240630,서대문구,11130650,13224,2959,0.2237598306110103,2024 Q2,2024-06-30,population_direct_65_plus,subway/data/raw/2024/population_direct_65_plus/201_DT_201004_O020003_2024Q2_20261006.csv,214,e48f83ca75f7f92a5a83e39834440c0f3149ace1113c3533102797e4d0338d76,DT_201004_O020003,https://stat.eseoul.go.kr/statHtml/statHtml.do?orgId=201&tblId=DT_201004_O020003&conn_path=I2,001013012,001013,홍제2동,002 계 (14210.MT0047 명),006 65세이상고령자 (14999671.ga028 명),명,official source code parents + exact complete Q2 boundary parent/name-set bijection; SGIS codes not equated to statistics codes,0,0.0,0,False,0.938684775677335,-0.4903575546703421
20240630,홍은1동,11130660,424,subway/data/raw/2024/boundary/bnd_dong_11_2024_2Q.shp,boundary,홍은1동,홍은1동,11130660,20240630,서대문구,11130660,22340,4951,0.22162041181736794,2024 Q2,2024-06-30,population_direct_65_plus,subway/data/raw/2024/population_direct_65_plus/201_DT_201004_O020003_2024Q2_20261006.csv,215,e48f83ca75f7f92a5a83e39834440c0f3149ace1113c3533102797e4d0338d76,DT_201004_O020003,https://stat.eseoul.go.kr/statHtml/statHtml.do?orgId=201&tblId=DT_201004_O020003&conn_path=I2,001013015,001013,홍은1동,002 계 (14210.MT0047 명),006 65세이상고령자 (14999671.ga028 명),명,official source code parents + exact complete Q2 boundary parent/name-set bijection; SGIS codes not equated to statistics codes,0,0.0,0,False,0.8881460039410468,-0.4903575546703421
20240630,홍은2동,11130680,75,subway/data/raw/2024/boundary/bnd_dong_11_2024_2Q.shp,boundary,홍은2동,홍은2동,11130680,20240630,서대문구,11130680,29247,5782,0.19769549013574042,2024 Q2,2024-06-30,population_direct_65_plus,subway/data/raw/2024/population_direct_65_plus/201_DT_201004_O020003_2024Q2_20261006.csv,216,e48f83ca75f7f92a5a83e39834440c0f3149ace1113c3533102797e4d0338d76,DT_201004_O020003,https://stat.eseoul.go.kr/statHtml/statHtml.do?orgId=201&tblId=DT_201004_O020003&conn_path=I2,001013016,001013,홍은2동,002 계 (14210.MT0047 명),006 65세이상고령자 (14999671.ga028 명),명,official source code parents + exact complete Q2 boundary parent/name-set bijection; SGIS codes not equated to statistics codes,0,0.0,0,False,0.32297561314636086,-0.4903575546703421
20240630,남가좌1동,11130690,76,subway/data/raw/2024/boundary/bnd_dong_11_2024_2Q.shp,boundary,남가좌1동,남가좌1동,11130690,20240630,서대문구,11130690,16929,2415,0.14265461633882687,2024 Q2,2024-06-30,population_direct_65_plus,subway/data/raw/2024/population_direct_65_plus/201_DT_201004_O020003_2024Q2_20261006.csv,217,e48f83ca75f7f92a5a83e39834440c0f3149ace1113c3533102797e4d0338d76,DT_201004_O020003,https://stat.eseoul.go.kr/statHtml/statHtml.do?orgId=201&tblId=DT_201004_O020003&conn_path=I2,001013018,001013,남가좌1동,002 계 (14210.MT0047 명),006 65세이상고령자 (14999671.ga028 명),명,official source code parents + exact complete Q2 boundary parent/name-set bijection; SGIS codes not equated to statistics codes,0,0.0,0,False,-0.9772364655987389,-0.4903575546703421
20240630,남가좌2동,11130700,77,subway/data/raw/2024/boundary/bnd_dong_11_2024_2Q.shp,boundary,남가좌2동,남가좌2동,11130700,20240630,서대문구,11130700,30374,5298,0.17442549548956343,2024 Q2,2024-06-30,population_direct_65_plus,subway/data/raw/2024/population_direct_65_plus/201_DT_201004_O020003_2024Q2_20261006.csv,218,e48f83ca75f7f92a5a83e39834440c0f3149ace1113c3533102797e4d0338d76,DT_201004_O020003,https://stat.eseoul.go.kr/statHtml/statHtml.do?orgId=201&tblId=DT_201004_O020003&conn_path=I2,001013019,001013,남가좌2동,002 계 (14210.MT0047 명),006 65세이상고령자 (14999671.ga028 명),명,official source code parents + exact complete Q2 boundary parent/name-set bijection; SGIS codes not equated to statistics codes,1,0.3292289458089155,0,False,-0.22672365621715973,-0.30087013539684976
20240630,북가좌1동,11130710,78,subway/data/raw/2024/boundary/bnd_dong_11_2024_2Q.shp,boundary,북가좌1동,북가좌1동,11130710,20240630,서대문구,11130710,17587,3289,0.18701313470176836,2024 Q2,2024-06-30,population_direct_65_plus,subway/data/raw/2024/population_direct_65_plus/201_DT_201004_O020003_2024Q2_20261006.csv,219,e48f83ca75f7f92a5a83e39834440c0f3149ace1113c3533102797e4d0338d76,DT_201004_O020003,https://stat.eseoul.go.kr/statHtml/statHtml.do?orgId=201&tblId=DT_201004_O020003&conn_path=I2,001013020,001013,북가좌1동,002 계 (14210.MT0047 명),006 65세이상고령자 (14999671.ga028 명),명,official source code parents + exact complete Q2 boundary parent/name-set bijection; SGIS codes not equated to statistics codes,1,0.5686018081537499,0,False,0.0706299179100023,-0.16309930294957925
20240630,북가좌2동,11130720,79,subway/data/raw/2024/boundary/bnd_dong_11_2024_2Q.shp,boundary,북가좌2동,북가좌2동,11130720,20240630,서대문구,11130720,30773,6952,0.22591232574009684,2024 Q2,2024-06-30,population_direct_65_plus,subway/data/raw/2024/population_direct_65_plus/201_DT_201004_O020003_2024Q2_20261006.csv,220,e48f83ca75f7f92a5a83e39834440c0f3149ace1113c3533102797e4d0338d76,DT_201004_O020003,https://stat.eseoul.go.kr/statHtml/statHtml.do?orgId=201&tblId=DT_201004_O020003&conn_path=I2,001013021,001013,북가좌2동,002 계 (14210.MT0047 명),006 65세이상고령자 (14999671.ga028 명),명,official source code parents + exact complete Q2 boundary parent/name-set bijection; SGIS codes not equated to statistics codes,0,0.0,0,False,0.9895324452947324,-0.4903575546703421
20240630,충현동,11130730,80,subway/data/raw/2024/boundary/bnd_dong_11_2024_2Q.shp,boundary,충현동,충현동,11130730,20240630,서대문구,11130730,20073,3670,0.18283266078812335,2024 Q2,2024-06-30,population_direct_65_plus,subway/data/raw/2024/population_direct_65_plus/201_DT_201004_O020003_2024Q2_20261006.csv,209,e48f83ca75f7f92a5a83e39834440c0f3149ace1113c3533102797e4d0338d76,DT_201004_O020003,https://stat.eseoul.go.kr/statHtml/statHtml.do?orgId=201&tblId=DT_201004_O020003&conn_path=I2,001013022,001013,충현동,002 계 (14210.MT0047 명),006 65세이상고령자 (14999671.ga028 명),명,official source code parents + exact complete Q2 boundary parent/name-set bijection; SGIS codes not equated to statistics codes,2,0.9963632740497185,3,True,-0.028124013531123204,0.08309841832951397
20240630,북아현동,11130740,81,subway/data/raw/2024/boundary/bnd_dong_11_2024_2Q.shp,boundary,북아현동,북아현동,11130740,20240630,서대문구,11130740,15817,2471,0.15622431560978695,2024 Q2,2024-06-30,population_direct_65_plus,subway/data/raw/2024/population_direct_65_plus/201_DT_201004_O020003_2024Q2_20261006.csv,208,e48f83ca75f7f92a5a83e39834440c0f3149ace1113c3533102797e4d0338d76,DT_201004_O020003,https://stat.eseoul.go.kr/statHtml/statHtml.do?orgId=201&tblId=DT_201004_O020003&conn_path=I2,001013023,001013,북아현동,002 계 (14210.MT0047 명),006 65세이상고령자 (14999671.ga028 명),명,official source code parents + exact complete Q2 boundary parent/name-set bijection; SGIS codes not equated to statistics codes,0,0.0,1,True,-0.6566840164835464,-0.4903575546703421
20240630,신촌동,11130750,82,subway/data/raw/2024/boundary/bnd_dong_11_2024_2Q.shp,boundary,신촌동,신촌동,11130750,20240630,서대문구,11130750,27212,2216,0.08143466117889167,2024 Q2,2024-06-30,population_direct_65_plus,subway/data/raw/2024/population_direct_65_plus/201_DT_201004_O020003_2024Q2_20261006.csv,210,e48f83ca75f7f92a5a83e39834440c0f3149ace1113c3533102797e4d0338d76,DT_201004_O020003,https://stat.eseoul.go.kr/statHtml/statHtml.do?orgId=201&tblId=DT_201004_O020003&conn_path=I2,001013024,001013,신촌동,002 계 (14210.MT0047 명),006 65세이상고령자 (14999671.ga028 명),명,official source code parents + exact complete Q2 boundary parent/name-set bijection; SGIS codes not equated to statistics codes,2,0.7349698662354843,1,True,-2.4234149084207113,-0.06734631896454644
20240630,연희동,11130760,83,subway/data/raw/2024/boundary/bnd_dong_11_2024_2Q.shp,boundary,연희동,연희동,11130760,20240630,서대문구,11130760,37133,6505,0.17518110575498883,2024 Q2,2024-06-30,population_direct_65_plus,subway/data/raw/2024/population_direct_65_plus/201_DT_201004_O020003_2024Q2_20261006.csv,211,e48f83ca75f7f92a5a83e39834440c0f3149ace1113c3533102797e4d0338d76,DT_201004_O020003,https://stat.eseoul.go.kr/statHtml/statHtml.do?orgId=201&tblId=DT_201004_O020003&conn_path=I2,001013025,001013,연희동,002 계 (14210.MT0047 명),006 65세이상고령자 (14999671.ga028 명),명,official source code parents + exact complete Q2 boundary parent/name-set bijection; SGIS codes not equated to statistics codes,0,0.0,0,False,-0.20887412865415472,-0.4903575546703421
20240630,용강동,11140590,249,subway/data/raw/2024/boundary/bnd_dong_11_2024_2Q.shp,boundary,용강동,용강동,11140590,20240630,마포구,11140590,21692,3221,0.14848792181449383,2024 Q2,2024-06-30,population_direct_65_plus,subway/data/raw/2024/population_direct_65_plus/201_DT_201004_O020003_2024Q2_20261006.csv,225,e48f83ca75f7f92a5a83e39834440c0f3149ace1113c3533102797e4d0338d76,DT_201004_O020003,https://stat.eseoul.go.kr/statHtml/statHtml.do?orgId=201&tblId=DT_201004_O020003&conn_path=I2,001014009,001014,용강동,002 계 (14210.MT0047 명),006 65세이상고령자 (14999671.ga028 명),명,official source code parents + exact complete Q2 boundary parent/name-set bijection; SGIS codes not equated to statistics codes,1,0.46099944680066385,1,True,-0.8394382491958332,-0.22502974381781324
20240630,대흥동,11140600,126,subway/data/raw/2024/boundary/bnd_dong_11_2024_2Q.shp,boundary,대흥동,대흥동,11140600,20240630,마포구,11140600,16125,2032,0.126015503875969,2024 Q2,2024-06-30,population_direct_65_plus,subway/data/raw/2024/population_direct_65_plus/201_DT_201004_O020003_2024Q2_20261006.csv,226,e48f83ca75f7f92a5a83e39834440c0f3149ace1113c3533102797e4d0338d76,DT_201004_O020003,https://stat.eseoul.go.kr/statHtml/statHtml.do?orgId=201&tblId=DT_201004_O020003&conn_path=I2,001014010,001014,대흥동,002 계 (14210.MT0047 명),006 65세이상고령자 (14999671.ga028 명),명,official source code parents + exact complete Q2 boundary parent/name-set bijection; SGIS codes not equated to statistics codes,2,1.2403100775193798,1,True,-1.3702966318241359,0.22350177841654853
20240630,염리동,11140610,127,subway/data/raw/2024/boundary/bnd_dong_11_2024_2Q.shp,boundary,염리동,염리동,11140610,20240630,마포구,11140610,17721,2215,0.1249929462219965,2024 Q2,2024-06-30,population_direct_65_plus,subway/data/raw/2024/population_direct_65_plus/201_DT_201004_O020003_2024Q2_20261006.csv,227,e48f83ca75f7f92a5a83e39834440c0f3149ace1113c3533102797e4d0338d76,DT_201004_O020003,https://stat.eseoul.go.kr/statHtml/statHtml.do?orgId=201&tblId=DT_201004_O020003&conn_path=I2,001014011,001014,염리동,002 계 (14210.MT0047 명),006 65세이상고령자 (14999671.ga028 명),명,official source code parents + exact complete Q2 boundary parent/name-set bijection; SGIS codes not equated to statistics codes,0,0.0,0,False,-1.394452167904721,-0.4903575546703421
20240630,신수동,11140630,251,subway/data/raw/2024/boundary/bnd_dong_11_2024_2Q.shp,boundary,신수동,신수동,11140630,20240630,마포구,11140630,22591,3600,0.15935549555132575,2024 Q2,2024-06-30,population_direct_65_plus,subway/data/raw/2024/population_direct_65_plus/201_DT_201004_O020003_2024Q2_20261006.csv,228,e48f83ca75f7f92a5a83e39834440c0f3149ace1113c3533102797e4d0338d76,DT_201004_O020003,https://stat.eseoul.go.kr/statHtml/statHtml.do?orgId=201&tblId=DT_201004_O020003&conn_path=I2,001014013,001014,신수동,002 계 (14210.MT0047 명),006 65세이상고령자 (14999671.ga028 명),명,official source code parents + exact complete Q2 boundary parent/name-set bijection; SGIS codes not equated to statistics codes,0,0.0,0,False,-0.5827172041881096,-0.4903575546703421
20240630,서교동,11140660,129,subway/data/raw/2024/boundary/bnd_dong_11_2024_2Q.shp,boundary,서교동,서교동,11140660,20240630,마포구,11140660,26100,3460,0.13256704980842912,2024 Q2,2024-06-30,population_direct_65_plus,subway/data/raw/2024/population_direct_65_plus/201_DT_201004_O020003_2024Q2_20261006.csv,230,e48f83ca75f7f92a5a83e39834440c0f3149ace1113c3533102797e4d0338d76,DT_201004_O020003,https://stat.eseoul.go.kr/statHtml/statHtml.do?orgId=201&tblId=DT_201004_O020003&conn_path=I2,001014016,001014,서교동,002 계 (14210.MT0047 명),006 65세이상고령자 (14999671.ga028 명),명,official source code parents + exact complete Q2 boundary parent/name-set bijection; SGIS codes not equated to statistics codes,5,1.9157088122605364,3,True,-1.2155316622986037,0.6122269037612778
20240630,합정동,11140680,252,subway/data/raw/2024/boundary/bnd_dong_11_2024_2Q.shp,boundary,합정동,합정동,11140680,20240630,마포구,11140680,16491,2720,0.16493845127645382,2024 Q2,2024-06-30,population_direct_65_plus,subway/data/raw/2024/population_direct_65_plus/201_DT_201004_O020003_2024Q2_20261006.csv,231,e48f83ca75f7f92a5a83e39834440c0f3149ace1113c3533102797e4d0338d76,DT_201004_O020003,https://stat.eseoul.go.kr/statHtml/statHtml.do?orgId=201&tblId=DT_201004_O020003&conn_path=I2,001014018,001014,합정동,002 계 (14210.MT0047 명),006 65세이상고령자 (14999671.ga028 명),명,official source code parents + exact complete Q2 boundary parent/name-set bijection; SGIS codes not equated to statistics codes,1,0.6063913649869626,1,True,-0.4508329158736738,-0.14134955800470292
20240630,망원1동,11140690,253,subway/data/raw/2024/boundary/bnd_dong_11_2024_2Q.shp,boundary,망원1동,망원1동,11140690,20240630,마포구,11140690,19267,3568,0.1851871074894898,2024 Q2,2024-06-30,population_direct_65_plus,subway/data/raw/2024/population_direct_65_plus/201_DT_201004_O020003_2024Q2_20261006.csv,232,e48f83ca75f7f92a5a83e39834440c0f3149ace1113c3533102797e4d0338d76,DT_201004_O020003,https://stat.eseoul.go.kr/statHtml/statHtml.do?orgId=201&tblId=DT_201004_O020003&conn_path=I2,001014019,001014,망원1동,002 계 (14210.MT0047 명),006 65세이상고령자 (14999671.ga028 명),명,official source code parents + exact complete Q2 boundary parent/name-set bijection; SGIS codes not equated to statistics codes,0,0.0,0,False,0.02749429026204576,-0.4903575546703421
20240630,망원2동,11140700,254,subway/data/raw/2024/boundary/bnd_dong_11_2024_2Q.shp,boundary,망원2동,망원2동,11140700,20240630,마포구,11140700,17899,3357,0.1875523772277781,2024 Q2,2024-06-30,population_direct_65_plus,subway/data/raw/2024/population_direct_65_plus/201_DT_201004_O020003_2024Q2_20261006.csv,233,e48f83ca75f7f92a5a83e39834440c0f3149ace1113c3533102797e4d0338d76,DT_201004_O020003,https://stat.eseoul.go.kr/statHtml/statHtml.do?orgId=201&tblId=DT_201004_O020003&conn_path=I2,001014020,001014,망원2동,002 계 (14210.MT0047 명),006 65세이상고령자 (14999671.ga028 명),명,official source code parents + exact complete Q2 boundary parent/name-set bijection; SGIS codes not equated to statistics codes,1,0.5586904296329404,0,False,0.08336826302199772,-0.16880378781112898
20240630,연남동,11140710,133,subway/data/raw/2024/boundary/bnd_dong_11_2024_2Q.shp,boundary,연남동,연남동,11140710,20240630,마포구,11140710,15106,2519,0.16675493181517279,2024 Q2,2024-06-30,population_direct_65_plus,subway/data/raw/2024/population_direct_65_plus/201_DT_201004_O020003_2024Q2_20261006.csv,234,e48f83ca75f7f92a5a83e39834440c0f3149ace1113c3533102797e4d0338d76,DT_201004_O020003,https://stat.eseoul.go.kr/statHtml/statHtml.do?orgId=201&tblId=DT_201004_O020003&conn_path=I2,001014021,001014,연남동,002 계 (14210.MT0047 명),006 65세이상고령자 (14999671.ga028 명),명,official source code parents + exact complete Q2 boundary parent/name-set bijection; SGIS codes not equated to statistics codes,0,0.0,0,False,-0.407922806089402,-0.4903575546703421
20240630,성산1동,11140720,134,subway/data/raw/2024/boundary/bnd_dong_11_2024_2Q.shp,boundary,성산1동,성산1동,11140720,20240630,마포구,11140720,18811,3201,0.17016639200467812,2024 Q2,2024-06-30,population_direct_65_plus,subway/data/raw/2024/population_direct_65_plus/201_DT_201004_O020003_2024Q2_20261006.csv,235,e48f83ca75f7f92a5a83e39834440c0f3149ace1113c3533102797e4d0338d76,DT_201004_O020003,https://stat.eseoul.go.kr/statHtml/statHtml.do?orgId=201&tblId=DT_201004_O020003&conn_path=I2,001014022,001014,성산1동,002 계 (14210.MT0047 명),006 65세이상고령자 (14999671.ga028 명),명,official source code parents + exact complete Q2 boundary parent/name-set bijection; SGIS codes not equated to statistics codes,0,0.0,0,False,-0.3273350276155506,-0.4903575546703421
20240630,성산2동,11140730,135,subway/data/raw/2024/boundary/bnd_dong_11_2024_2Q.shp,boundary,성산2동,성산2동,11140730,20240630,마포구,11140730,39085,6700,0.17142126135346042,2024 Q2,2024-06-30,population_direct_65_plus,subway/data/raw/2024/population_direct_65_plus/201_DT_201004_O020003_2024Q2_20261006.csv,236,e48f83ca75f7f92a5a83e39834440c0f3149ace1113c3533102797e4d0338d76,DT_201004_O020003,https://stat.eseoul.go.kr/statHtml/statHtml.do?orgId=201&tblId=DT_201004_O020003&conn_path=I2,001014023,001014,성산2동,002 계 (14210.MT0047 명),006 65세이상고령자 (14999671.ga028 명),명,official source code parents + exact complete Q2 boundary parent/name-set bijection; SGIS codes not equated to statistics codes,0,0.0,1,True,-0.2976916703797279,-0.4903575546703421
20240630,상암동,11140740,136,subway/data/raw/2024/boundary/bnd_dong_11_2024_2Q.shp,boundary,상암동,상암동,11140740,20240630,마포구,11140740,30367,4563,0.150261797345803,2024 Q2,2024-06-30,population_direct_65_plus,subway/data/raw/2024/population_direct_65_plus/201_DT_201004_O020003_2024Q2_20261006.csv,237,e48f83ca75f7f92a5a83e39834440c0f3149ace1113c3533102797e4d0338d76,DT_201004_O020003,https://stat.eseoul.go.kr/statHtml/statHtml.do?orgId=201&tblId=DT_201004_O020003&conn_path=I2,001014024,001014,상암동,002 계 (14210.MT0047 명),006 65세이상고령자 (14999671.ga028 명),명,official source code parents + exact complete Q2 boundary parent/name-set bijection; SGIS codes not equated to statistics codes,3,0.987914512464188,1,True,-0.7975345831946605,0.0782357413101356
20240630,도화동,11140750,137,subway/data/raw/2024/boundary/bnd_dong_11_2024_2Q.shp,boundary,도화동,도화동,11140750,20240630,마포구,11140750,20898,4032,0.1929371231696813,2024 Q2,2024-06-30,population_direct_65_plus,subway/data/raw/2024/population_direct_65_plus/201_DT_201004_O020003_2024Q2_20261006.csv,224,e48f83ca75f7f92a5a83e39834440c0f3149ace1113c3533102797e4d0338d76,DT_201004_O020003,https://stat.eseoul.go.kr/statHtml/statHtml.do?orgId=201&tblId=DT_201004_O020003&conn_path=I2,001014025,001014,도화동,002 계 (14210.MT0047 명),006 65세이상고령자 (14999671.ga028 명),명,official source code parents + exact complete Q2 boundary parent/name-set bijection; SGIS codes not equated to statistics codes,1,0.4785146904009953,0,False,0.21057030818700065,-0.21494886134978242
20240630,서강동,11140760,138,subway/data/raw/2024/boundary/bnd_dong_11_2024_2Q.shp,boundary,서강동,서강동,11140760,20240630,마포구,11140760,25369,3548,0.13985572943356064,2024 Q2,2024-06-30,population_direct_65_plus,subway/data/raw/2024/population_direct_65_plus/201_DT_201004_O020003_2024Q2_20261006.csv,229,e48f83ca75f7f92a5a83e39834440c0f3149ace1113c3533102797e4d0338d76,DT_201004_O020003,https://stat.eseoul.go.kr/statHtml/statHtml.do?orgId=201&tblId=DT_201004_O020003&conn_path=I2,001014026,001014,서강동,002 계 (14210.MT0047 명),006 65세이상고령자 (14999671.ga028 명),명,official source code parents + exact complete Q2 boundary parent/name-set bijection; SGIS codes not equated to statistics codes,1,0.3941818755173637,1,True,-1.0433536310837226,-0.26348653598560656
20240630,공덕동,11140770,139,subway/data/raw/2024/boundary/bnd_dong_11_2024_2Q.shp,boundary,공덕동,공덕동,11140770,20240630,마포구,11140770,36947,6450,0.17457439034292366,2024 Q2,2024-06-30,population_direct_65_plus,subway/data/raw/2024/population_direct_65_plus/201_DT_201004_O020003_2024Q2_20261006.csv,223,e48f83ca75f7f92a5a83e39834440c0f3149ace1113c3533102797e4d0338d76,DT_201004_O020003,https://stat.eseoul.go.kr/statHtml/statHtml.do?orgId=201&tblId=DT_201004_O020003&conn_path=I2,001014027,001014,공덕동,002 계 (14210.MT0047 명),006 65세이상고령자 (14999671.ga028 명),명,official source code parents + exact complete Q2 boundary parent/name-set bijection; SGIS codes not equated to statistics codes,3,0.8119739085717379,2,True,-0.22320636309575578,-0.02302671267940461
20240630,아현동,11140780,140,subway/data/raw/2024/boundary/bnd_dong_11_2024_2Q.shp,boundary,아현동,아현동,11140780,20240630,마포구,11140780,29511,3818,0.12937548710650265,2024 Q2,2024-06-30,population_direct_65_plus,subway/data/raw/2024/population_direct_65_plus/201_DT_201004_O020003_2024Q2_20261006.csv,222,e48f83ca75f7f92a5a83e39834440c0f3149ace1113c3533102797e4d0338d76,DT_201004_O020003,https://stat.eseoul.go.kr/statHtml/statHtml.do?orgId=201&tblId=DT_201004_O020003&conn_path=I2,001014028,001014,아현동,002 계 (14210.MT0047 명),006 65세이상고령자 (14999671.ga028 명),명,official source code parents + exact complete Q2 boundary parent/name-set bijection; SGIS codes not equated to statistics codes,1,0.33885669750262615,1,True,-1.2909248762658907,-0.295328891696771
20240630,목1동,11150510,141,subway/data/raw/2024/boundary/bnd_dong_11_2024_2Q.shp,boundary,목1동,목1동,11150510,20240630,양천구,11150510,30283,3771,0.12452531123072351,2024 Q2,2024-06-30,population_direct_65_plus,subway/data/raw/2024/population_direct_65_plus/201_DT_201004_O020003_2024Q2_20261006.csv,239,e48f83ca75f7f92a5a83e39834440c0f3149ace1113c3533102797e4d0338d76,DT_201004_O020003,https://stat.eseoul.go.kr/statHtml/statHtml.do?orgId=201&tblId=DT_201004_O020003&conn_path=I2,001015001,001015,목1동,002 계 (14210.MT0047 명),006 65세이상고령자 (14999671.ga028 명),명,official source code parents + exact complete Q2 boundary parent/name-set bijection; SGIS codes not equated to statistics codes,3,0.9906548228378957,1,True,-1.405498952269745,0.07981292444464537
20240630,목2동,11150520,142,subway/data/raw/2024/boundary/bnd_dong_11_2024_2Q.shp,boundary,목2동,목2동,11150520,20240630,양천구,11150520,28893,4799,0.16609559408853355,2024 Q2,2024-06-30,population_direct_65_plus,subway/data/raw/2024/population_direct_65_plus/201_DT_201004_O020003_2024Q2_20261006.csv,240,e48f83ca75f7f92a5a83e39834440c0f3149ace1113c3533102797e4d0338d76,DT_201004_O020003,https://stat.eseoul.go.kr/statHtml/statHtml.do?orgId=201&tblId=DT_201004_O020003&conn_path=I2,001015002,001015,목2동,002 계 (14210.MT0047 명),006 65세이상고령자 (14999671.ga028 명),명,official source code parents + exact complete Q2 boundary parent/name-set bijection; SGIS codes not equated to statistics codes,1,0.3461045928079466,0,False,-0.4234981197973892,-0.29115737216893844
20240630,목3동,11150530,143,subway/data/raw/2024/boundary/bnd_dong_11_2024_2Q.shp,boundary,목3동,목3동,11150530,20240630,양천구,11150530,21291,3913,0.18378657648771782,2024 Q2,2024-06-30,population_direct_65_plus,subway/data/raw/2024/population_direct_65_plus/201_DT_201004_O020003_2024Q2_20261006.csv,241,e48f83ca75f7f92a5a83e39834440c0f3149ace1113c3533102797e4d0338d76,DT_201004_O020003,https://stat.eseoul.go.kr/statHtml/statHtml.do?orgId=201&tblId=DT_201004_O020003&conn_path=I2,001015003,001015,목3동,002 계 (14210.MT0047 명),006 65세이상고령자 (14999671.ga028 명),명,official source code parents + exact complete Q2 boundary parent/name-set bijection; SGIS codes not equated to statistics codes,1,0.46968202526889297,0,False,-0.005589983288549986,-0.220032493705002
20240630,목4동,11150540,255,subway/data/raw/2024/boundary/bnd_dong_11_2024_2Q.shp,boundary,목4동,목4동,11150540,20240630,양천구,11150540,24398,3654,0.14976637429297485,2024 Q2,2024-06-30,population_direct_65_plus,subway/data/raw/2024/population_direct_65_plus/201_DT_201004_O020003_2024Q2_20261006.csv,242,e48f83ca75f7f92a5a83e39834440c0f3149ace1113c3533102797e4d0338d76,DT_201004_O020003,https://stat.eseoul.go.kr/statHtml/statHtml.do?orgId=201&tblId=DT_201004_O020003&conn_path=I2,001015004,001015,목4동,002 계 (14210.MT0047 명),006 65세이상고령자 (14999671.ga028 명),명,official source code parents + exact complete Q2 boundary parent/name-set bijection; SGIS codes not equated to statistics codes,0,0.0,0,False,-0.8092377956064529,-0.4903575546703421
20240630,신월1동,11150570,256,subway/data/raw/2024/boundary/bnd_dong_11_2024_2Q.shp,boundary,신월1동,신월1동,11150570,20240630,양천구,11150570,19463,4808,0.24703283152648614,2024 Q2,2024-06-30,population_direct_65_plus,subway/data/raw/2024/population_direct_65_plus/201_DT_201004_O020003_2024Q2_20261006.csv,244,e48f83ca75f7f92a5a83e39834440c0f3149ace1113c3533102797e4d0338d76,DT_201004_O020003,https://stat.eseoul.go.kr/statHtml/statHtml.do?orgId=201&tblId=DT_201004_O020003&conn_path=I2,001015007,001015,신월1동,002 계 (14210.MT0047 명),006 65세이상고령자 (14999671.ga028 명),명,official source code parents + exact complete Q2 boundary parent/name-set bijection; SGIS codes not equated to statistics codes,0,0.0,0,False,1.4884550611309846,-0.4903575546703421
20240630,신월2동,11150580,257,subway/data/raw/2024/boundary/bnd_dong_11_2024_2Q.shp,boundary,신월2동,신월2동,11150580,20240630,양천구,11150580,20884,4540,0.21739130434782608,2024 Q2,2024-06-30,population_direct_65_plus,subway/data/raw/2024/population_direct_65_plus/201_DT_201004_O020003_2024Q2_20261006.csv,245,e48f83ca75f7f92a5a83e39834440c0f3149ace1113c3533102797e4d0338d76,DT_201004_O020003,https://stat.eseoul.go.kr/statHtml/statHtml.do?orgId=201&tblId=DT_201004_O020003&conn_path=I2,001015008,001015,신월2동,002 계 (14210.MT0047 명),006 65세이상고령자 (14999671.ga028 명),명,official source code parents + exact complete Q2 boundary parent/name-set bijection; SGIS codes not equated to statistics codes,0,0.0,0,False,0.7882432183403248,-0.4903575546703421
20240630,신월3동,11150590,258,subway/data/raw/2024/boundary/bnd_dong_11_2024_2Q.shp,boundary,신월3동,신월3동,11150590,20240630,양천구,11150590,14337,3364,0.2346376508335077,2024 Q2,2024-06-30,population_direct_65_plus,subway/data/raw/2024/population_direct_65_plus/201_DT_201004_O020003_2024Q2_20261006.csv,246,e48f83ca75f7f92a5a83e39834440c0f3149ace1113c3533102797e4d0338d76,DT_201004_O020003,https://stat.eseoul.go.kr/statHtml/statHtml.do?orgId=201&tblId=DT_201004_O020003&conn_path=I2,001015009,001015,신월3동,002 계 (14210.MT0047 명),006 65세이상고령자 (14999671.ga028 명),명,official source code parents + exact complete Q2 boundary parent/name-set bijection; SGIS codes not equated to statistics codes,0,0.0,0,False,1.1956478699751212,-0.4903575546703421
20240630,신월4동,11150600,259,subway/data/raw/2024/boundary/bnd_dong_11_2024_2Q.shp,boundary,신월4동,신월4동,11150600,20240630,양천구,11150600,17421,3781,0.2170369094770679,2024 Q2,2024-06-30,population_direct_65_plus,subway/data/raw/2024/population_direct_65_plus/201_DT_201004_O020003_2024Q2_20261006.csv,247,e48f83ca75f7f92a5a83e39834440c0f3149ace1113c3533102797e4d0338d76,DT_201004_O020003,https://stat.eseoul.go.kr/statHtml/statHtml.do?orgId=201&tblId=DT_201004_O020003&conn_path=I2,001015010,001015,신월4동,002 계 (14210.MT0047 명),006 65세이상고령자 (14999671.ga028 명),명,official source code parents + exact complete Q2 boundary parent/name-set bijection; SGIS codes not equated to statistics codes,1,0.5740198610871936,0,False,0.7798714673157088,-0.1599809475287856
20240630,신월5동,11150610,260,subway/data/raw/2024/boundary/bnd_dong_11_2024_2Q.shp,boundary,신월5동,신월5동,11150610,20240630,양천구,11150610,14086,2821,0.20026977140423116,2024 Q2,2024-06-30,population_direct_65_plus,subway/data/raw/2024/population_direct_65_plus/201_DT_201004_O020003_2024Q2_20261006.csv,248,e48f83ca75f7f92a5a83e39834440c0f3149ace1113c3533102797e4d0338d76,DT_201004_O020003,https://stat.eseoul.go.kr/statHtml/statHtml.do?orgId=201&tblId=DT_201004_O020003&conn_path=I2,001015011,001015,신월5동,002 계 (14210.MT0047 명),006 65세이상고령자 (14999671.ga028 명),명,official source code parents + exact complete Q2 boundary parent/name-set bijection; SGIS codes not equated to statistics codes,0,0.0,0,False,0.3837869950973249,-0.4903575546703421
20240630,신월6동,11150620,261,subway/data/raw/2024/boundary/bnd_dong_11_2024_2Q.shp,boundary,신월6동,신월6동,11150620,20240630,양천구,11150620,13850,2221,0.16036101083032492,2024 Q2,2024-06-30,population_direct_65_plus,subway/data/raw/2024/population_direct_65_plus/201_DT_201004_O020003_2024Q2_20261006.csv,249,e48f83ca75f7f92a5a83e39834440c0f3149ace1113c3533102797e4d0338d76,DT_201004_O020003,https://stat.eseoul.go.kr/statHtml/statHtml.do?orgId=201&tblId=DT_201004_O020003&conn_path=I2,001015012,001015,신월6동,002 계 (14210.MT0047 명),006 65세이상고령자 (14999671.ga028 명),명,official source code parents + exact complete Q2 boundary parent/name-set bijection; SGIS codes not equated to statistics codes,0,0.0,0,False,-0.5589642544086172,-0.4903575546703421
20240630,신월7동,11150630,163,subway/data/raw/2024/boundary/bnd_dong_11_2024_2Q.shp,boundary,신월7동,신월7동,11150630,20240630,양천구,11150630,18618,4785,0.2570093457943925,2024 Q2,2024-06-30,population_direct_65_plus,subway/data/raw/2024/population_direct_65_plus/201_DT_201004_O020003_2024Q2_20261006.csv,250,e48f83ca75f7f92a5a83e39834440c0f3149ace1113c3533102797e4d0338d76,DT_201004_O020003,https://stat.eseoul.go.kr/statHtml/statHtml.do?orgId=201&tblId=DT_201004_O020003&conn_path=I2,001015013,001015,신월7동,002 계 (14210.MT0047 명),006 65세이상고령자 (14999671.ga028 명),명,official source code parents + exact complete Q2 boundary parent/name-set bijection; SGIS codes not equated to statistics codes,1,0.5371146202599635,0,False,1.724126907525837,-0.18122172520353277
20240630,신정1동,11150640,262,subway/data/raw/2024/boundary/bnd_dong_11_2024_2Q.shp,boundary,신정1동,신정1동,11150640,20240630,양천구,11150640,19698,3042,0.15443192202254036,2024 Q2,2024-06-30,population_direct_65_plus,subway/data/raw/2024/population_direct_65_plus/201_DT_201004_O020003_2024Q2_20261006.csv,251,e48f83ca75f7f92a5a83e39834440c0f3149ace1113c3533102797e4d0338d76,DT_201004_O020003,https://stat.eseoul.go.kr/statHtml/statHtml.do?orgId=201&tblId=DT_201004_O020003&conn_path=I2,001015014,001015,신정1동,002 계 (14210.MT0047 명),006 65세이상고령자 (14999671.ga028 명),명,official source code parents + exact complete Q2 boundary parent/name-set bijection; SGIS codes not equated to statistics codes,2,1.015331505736623,0,False,-0.6990251283016867,0.09401556676463158
20240630,신정2동,11150650,263,subway/data/raw/2024/boundary/bnd_dong_11_2024_2Q.shp,boundary,신정2동,신정2동,11150650,20240630,양천구,11150650,18723,2981,0.15921593761683492,2024 Q2,2024-06-30,population_direct_65_plus,subway/data/raw/2024/population_direct_65_plus/201_DT_201004_O020003_2024Q2_20261006.csv,252,e48f83ca75f7f92a5a83e39834440c0f3149ace1113c3533102797e4d0338d76,DT_201004_O020003,https://stat.eseoul.go.kr/statHtml/statHtml.do?orgId=201&tblId=DT_201004_O020003&conn_path=I2,001015015,001015,신정2동,002 계 (14210.MT0047 명),006 65세이상고령자 (14999671.ga028 명),명,official source code parents + exact complete Q2 boundary parent/name-set bijection; SGIS codes not equated to statistics codes,1,0.5341024408481547,0,False,-0.5860139344104388,-0.18295538231478709
20240630,신정3동,11150660,175,subway/data/raw/2024/boundary/bnd_dong_11_2024_2Q.shp,boundary,신정3동,신정3동,11150660,20240630,양천구,11150660,49412,8766,0.1774062980652473,2024 Q2,2024-06-30,population_direct_65_plus,subway/data/raw/2024/population_direct_65_plus/201_DT_201004_O020003_2024Q2_20261006.csv,253,e48f83ca75f7f92a5a83e39834440c0f3149ace1113c3533102797e4d0338d76,DT_201004_O020003,https://stat.eseoul.go.kr/statHtml/statHtml.do?orgId=201&tblId=DT_201004_O020003&conn_path=I2,001015016,001015,신정3동,002 계 (14210.MT0047 명),006 65세이상고령자 (14999671.ga028 명),명,official source code parents + exact complete Q2 boundary parent/name-set bijection; SGIS codes not equated to statistics codes,2,0.40475997733344127,1,True,-0.1563091579379555,-0.25739831913998285
20240630,신정6동,11150690,176,subway/data/raw/2024/boundary/bnd_dong_11_2024_2Q.shp,boundary,신정6동,신정6동,11150690,20240630,양천구,11150690,23927,3327,0.139047937476491,2024 Q2,2024-06-30,population_direct_65_plus,subway/data/raw/2024/population_direct_65_plus/201_DT_201004_O020003_2024Q2_20261006.csv,255,e48f83ca75f7f92a5a83e39834440c0f3149ace1113c3533102797e4d0338d76,DT_201004_O020003,https://stat.eseoul.go.kr/statHtml/statHtml.do?orgId=201&tblId=DT_201004_O020003&conn_path=I2,001015019,001015,신정6동,002 계 (14210.MT0047 명),006 65세이상고령자 (14999671.ga028 명),명,official source code parents + exact complete Q2 boundary parent/name-set bijection; SGIS codes not equated to statistics codes,1,0.41793789442888785,0,False,-1.062435829225606,-0.24981378098316628
20240630,신정7동,11150700,265,subway/data/raw/2024/boundary/bnd_dong_11_2024_2Q.shp,boundary,신정7동,신정7동,11150700,20240630,양천구,11150700,28337,5727,0.20210325722553552,2024 Q2,2024-06-30,population_direct_65_plus,subway/data/raw/2024/population_direct_65_plus/201_DT_201004_O020003_2024Q2_20261006.csv,256,e48f83ca75f7f92a5a83e39834440c0f3149ace1113c3533102797e4d0338d76,DT_201004_O020003,https://stat.eseoul.go.kr/statHtml/statHtml.do?orgId=201&tblId=DT_201004_O020003&conn_path=I2,001015020,001015,신정7동,002 계 (14210.MT0047 명),006 65세이상고령자 (14999671.ga028 명),명,official source code parents + exact complete Q2 boundary parent/name-set bijection; SGIS codes not equated to statistics codes,0,0.0,1,True,0.4270988149616651,-0.4903575546703421
20240630,목5동,11150710,266,subway/data/raw/2024/boundary/bnd_dong_11_2024_2Q.shp,boundary,목5동,목5동,11150710,20240630,양천구,11150710,40656,5441,0.1338301849665486,2024 Q2,2024-06-30,population_direct_65_plus,subway/data/raw/2024/population_direct_65_plus/201_DT_201004_O020003_2024Q2_20261006.csv,243,e48f83ca75f7f92a5a83e39834440c0f3149ace1113c3533102797e4d0338d76,DT_201004_O020003,https://stat.eseoul.go.kr/statHtml/statHtml.do?orgId=201&tblId=DT_201004_O020003&conn_path=I2,001015005,001015,목5동,002 계 (14210.MT0047 명),006 65세이상고령자 (14999671.ga028 명),명,official source code parents + exact complete Q2 boundary parent/name-set bijection; SGIS codes not equated to statistics codes,1,0.24596615505706412,0,False,-1.1856930446245024,-0.34879195862023743
20240630,신정4동,11150720,267,subway/data/raw/2024/boundary/bnd_dong_11_2024_2Q.shp,boundary,신정4동,신정4동,11150720,20240630,양천구,11150720,32318,6658,0.20601522371433875,2024 Q2,2024-06-30,population_direct_65_plus,subway/data/raw/2024/population_direct_65_plus/201_DT_201004_O020003_2024Q2_20261006.csv,254,e48f83ca75f7f92a5a83e39834440c0f3149ace1113c3533102797e4d0338d76,DT_201004_O020003,https://stat.eseoul.go.kr/statHtml/statHtml.do?orgId=201&tblId=DT_201004_O020003&conn_path=I2,001015017,001015,신정4동,002 계 (14210.MT0047 명),006 65세이상고령자 (14999671.ga028 명),명,official source code parents + exact complete Q2 boundary parent/name-set bijection; SGIS codes not equated to statistics codes,1,0.3094250881861501,2,True,0.519509885671688,-0.3122682275766774
20240630,염창동,11160510,268,subway/data/raw/2024/boundary/bnd_dong_11_2024_2Q.shp,boundary,염창동,염창동,11160510,20240630,강서구,11160510,41437,5083,0.12266814682530106,2024 Q2,2024-06-30,population_direct_65_plus,subway/data/raw/2024/population_direct_65_plus/201_DT_201004_O020003_2024Q2_20261006.csv,258,e48f83ca75f7f92a5a83e39834440c0f3149ace1113c3533102797e4d0338d76,DT_201004_O020003,https://stat.eseoul.go.kr/statHtml/statHtml.do?orgId=201&tblId=DT_201004_O020003&conn_path=I2,001016001,001016,염창동,002 계 (14210.MT0047 명),006 65세이상고령자 (14999671.ga028 명),명,official source code parents + exact complete Q2 boundary parent/name-set bijection; SGIS codes not equated to statistics codes,0,0.0,0,False,-1.449370123375338,-0.4903575546703421
20240630,등촌1동,11160520,286,subway/data/raw/2024/boundary/bnd_dong_11_2024_2Q.shp,boundary,등촌1동,등촌1동,11160520,20240630,강서구,11160520,25283,3341,0.1321441284657675,2024 Q2,2024-06-30,population_direct_65_plus,subway/data/raw/2024/population_direct_65_plus/201_DT_201004_O020003_2024Q2_20261006.csv,259,e48f83ca75f7f92a5a83e39834440c0f3149ace1113c3533102797e4d0338d76,DT_201004_O020003,https://stat.eseoul.go.kr/statHtml/statHtml.do?orgId=201&tblId=DT_201004_O020003&conn_path=I2,001016002,001016,등촌1동,002 계 (14210.MT0047 명),006 65세이상고령자 (14999671.ga028 명),명,official source code parents + exact complete Q2 boundary parent/name-set bijection; SGIS codes not equated to statistics codes,2,0.791045366451766,0,False,-1.2255221911575143,-0.03507211599510134
20240630,등촌2동,11160530,269,subway/data/raw/2024/boundary/bnd_dong_11_2024_2Q.shp,boundary,등촌2동,등촌2동,11160530,20240630,강서구,11160530,19332,3639,0.18823711980136562,2024 Q2,2024-06-30,population_direct_65_plus,subway/data/raw/2024/population_direct_65_plus/201_DT_201004_O020003_2024Q2_20261006.csv,260,e48f83ca75f7f92a5a83e39834440c0f3149ace1113c3533102797e4d0338d76,DT_201004_O020003,https://stat.eseoul.go.kr/statHtml/statHtml.do?orgId=201&tblId=DT_201004_O020003&conn_path=I2,001016003,001016,등촌2동,002 계 (14210.MT0047 명),006 65세이상고령자 (14999671.ga028 명),명,official source code parents + exact complete Q2 boundary parent/name-set bijection; SGIS codes not equated to statistics codes,1,0.5172770535899027,0,False,0.09954370689838896,-0.19263921859476504
20240630,등촌3동,11160540,270,subway/data/raw/2024/boundary/bnd_dong_11_2024_2Q.shp,boundary,등촌3동,등촌3동,11160540,20240630,강서구,11160540,29377,7703,0.2622119345065868,2024 Q2,2024-06-30,population_direct_65_plus,subway/data/raw/2024/population_direct_65_plus/201_DT_201004_O020003_2024Q2_20261006.csv,261,e48f83ca75f7f92a5a83e39834440c0f3149ace1113c3533102797e4d0338d76,DT_201004_O020003,https://stat.eseoul.go.kr/statHtml/statHtml.do?orgId=201&tblId=DT_201004_O020003&conn_path=I2,001016004,001016,등촌3동,002 계 (14210.MT0047 명),006 65세이상고령자 (14999671.ga028 명),명,official source code parents + exact complete Q2 boundary parent/name-set bijection; SGIS codes not equated to statistics codes,2,0.6808047111686013,0,False,1.8470259136225984,-0.09852102452682465
20240630,화곡본동,11160550,182,subway/data/raw/2024/boundary/bnd_dong_11_2024_2Q.shp,boundary,화곡본동,화곡본동,11160550,20240630,강서구,11160550,33103,5655,0.17083043832885236,2024 Q2,2024-06-30,population_direct_65_plus,subway/data/raw/2024/population_direct_65_plus/201_DT_201004_O020003_2024Q2_20261006.csv,266,e48f83ca75f7f92a5a83e39834440c0f3149ace1113c3533102797e4d0338d76,DT_201004_O020003,https://stat.eseoul.go.kr/statHtml/statHtml.do?orgId=201&tblId=DT_201004_O020003&conn_path=I2,001016005,001016,화곡본동,002 계 (14210.MT0047 명),006 65세이상고령자 (14999671.ga028 명),명,official source code parents + exact complete Q2 boundary parent/name-set bijection; SGIS codes not equated to statistics codes,1,0.3020874241005347,0,False,-0.3116484842891608,-0.31649141344407694
20240630,화곡2동,11160570,271,subway/data/raw/2024/boundary/bnd_dong_11_2024_2Q.shp,boundary,화곡2동,화곡2동,11160570,20240630,강서구,11160570,17267,3220,0.18648288643076388,2024 Q2,2024-06-30,population_direct_65_plus,subway/data/raw/2024/population_direct_65_plus/201_DT_201004_O020003_2024Q2_20261006.csv,263,e48f83ca75f7f92a5a83e39834440c0f3149ace1113c3533102797e4d0338d76,DT_201004_O020003,https://stat.eseoul.go.kr/statHtml/statHtml.do?orgId=201&tblId=DT_201004_O020003&conn_path=I2,001016007,001016,화곡2동,002 계 (14210.MT0047 명),006 65세이상고령자 (14999671.ga028 명),명,official source code parents + exact complete Q2 boundary parent/name-set bijection; SGIS codes not equated to statistics codes,0,0.0,0,False,0.058104041063686857,-0.4903575546703421
20240630,화곡3동,11160580,272,subway/data/raw/2024/boundary/bnd_dong_11_2024_2Q.shp,boundary,화곡3동,화곡3동,11160580,20240630,강서구,11160580,21107,4671,0.22130099019282704,2024 Q2,2024-06-30,population_direct_65_plus,subway/data/raw/2024/population_direct_65_plus/201_DT_201004_O020003_2024Q2_20261006.csv,264,e48f83ca75f7f92a5a83e39834440c0f3149ace1113c3533102797e4d0338d76,DT_201004_O020003,https://stat.eseoul.go.kr/statHtml/statHtml.do?orgId=201&tblId=DT_201004_O020003&conn_path=I2,001016008,001016,화곡3동,002 계 (14210.MT0047 명),006 65세이상고령자 (14999671.ga028 명),명,official source code parents + exact complete Q2 boundary parent/name-set bijection; SGIS codes not equated to statistics codes,2,0.947552944520775,0,False,0.8806004141676563,0.05500567771825458
20240630,화곡4동,11160590,274,subway/data/raw/2024/boundary/bnd_dong_11_2024_2Q.shp,boundary,화곡4동,화곡4동,11160590,20240630,강서구,11160590,19800,4350,0.2196969696969697,2024 Q2,2024-06-30,population_direct_65_plus,subway/data/raw/2024/population_direct_65_plus/201_DT_201004_O020003_2024Q2_20261006.csv,265,e48f83ca75f7f92a5a83e39834440c0f3149ace1113c3533102797e4d0338d76,DT_201004_O020003,https://stat.eseoul.go.kr/statHtml/statHtml.do?orgId=201&tblId=DT_201004_O020003&conn_path=I2,001016009,001016,화곡4동,002 계 (14210.MT0047 명),006 65세이상고령자 (14999671.ga028 명),명,official source code parents + exact complete Q2 boundary parent/name-set bijection; SGIS codes not equated to statistics codes,1,0.5050505050505051,0,False,0.8427091766309194,-0.19967619744746046
20240630,화곡6동,11160610,287,subway/data/raw/2024/boundary/bnd_dong_11_2024_2Q.shp,boundary,화곡6동,화곡6동,11160610,20240630,강서구,11160610,26155,4562,0.1744217166889696,2024 Q2,2024-06-30,population_direct_65_plus,subway/data/raw/2024/population_direct_65_plus/201_DT_201004_O020003_2024Q2_20261006.csv,267,e48f83ca75f7f92a5a83e39834440c0f3149ace1113c3533102797e4d0338d76,DT_201004_O020003,https://stat.eseoul.go.kr/statHtml/statHtml.do?orgId=201&tblId=DT_201004_O020003&conn_path=I2,001016011,001016,화곡6동,002 계 (14210.MT0047 명),006 65세이상고령자 (14999671.ga028 명),명,official source code parents + exact complete Q2 boundary parent/name-set bijection; SGIS codes not equated to statistics codes,0,0.0,0,False,-0.22681292155465033,-0.4903575546703421
20240630,화곡8동,11160630,223,subway/data/raw/2024/boundary/bnd_dong_11_2024_2Q.shp,boundary,화곡8동,화곡8동,11160630,20240630,강서구,11160630,23410,4877,0.2083297736010252,2024 Q2,2024-06-30,population_direct_65_plus,subway/data/raw/2024/population_direct_65_plus/201_DT_201004_O020003_2024Q2_20261006.csv,268,e48f83ca75f7f92a5a83e39834440c0f3149ace1113c3533102797e4d0338d76,DT_201004_O020003,https://stat.eseoul.go.kr/statHtml/statHtml.do?orgId=201&tblId=DT_201004_O020003&conn_path=I2,001016013,001016,화곡8동,002 계 (14210.MT0047 명),006 65세이상고령자 (14999671.ga028 명),명,official source code parents + exact complete Q2 boundary parent/name-set bijection; SGIS codes not equated to statistics codes,2,0.8543357539513029,1,True,0.5741857204091912,0.001354608765203054
20240630,가양2동,11160650,275,subway/data/raw/2024/boundary/bnd_dong_11_2024_2Q.shp,boundary,가양2동,가양2동,11160650,20240630,강서구,11160650,13406,4670,0.34835148440996566,2024 Q2,2024-06-30,population_direct_65_plus,subway/data/raw/2024/population_direct_65_plus/201_DT_201004_O020003_2024Q2_20261006.csv,270,e48f83ca75f7f92a5a83e39834440c0f3149ace1113c3533102797e4d0338d76,DT_201004_O020003,https://stat.eseoul.go.kr/statHtml/statHtml.do?orgId=201&tblId=DT_201004_O020003&conn_path=I2,001016015,001016,가양2동,002 계 (14210.MT0047 명),006 65세이상고령자 (14999671.ga028 명),명,official source code parents + exact complete Q2 boundary parent/name-set bijection; SGIS codes not equated to statistics codes,0,0.0,0,False,3.881871574963097,-0.4903575546703421
20240630,가양3동,11160660,276,subway/data/raw/2024/boundary/bnd_dong_11_2024_2Q.shp,boundary,가양3동,가양3동,11160660,20240630,강서구,11160660,14058,4062,0.28894579598804954,2024 Q2,2024-06-30,population_direct_65_plus,subway/data/raw/2024/population_direct_65_plus/201_DT_201004_O020003_2024Q2_20261006.csv,271,e48f83ca75f7f92a5a83e39834440c0f3149ace1113c3533102797e4d0338d76,DT_201004_O020003,https://stat.eseoul.go.kr/statHtml/statHtml.do?orgId=201&tblId=DT_201004_O020003&conn_path=I2,001016016,001016,가양3동,002 계 (14210.MT0047 명),006 65세이상고령자 (14999671.ga028 명),명,official source code parents + exact complete Q2 boundary parent/name-set bijection; SGIS codes not equated to statistics codes,0,0.0,0,False,2.4785509460548667,-0.4903575546703421
20240630,발산1동,11160670,277,subway/data/raw/2024/boundary/bnd_dong_11_2024_2Q.shp,boundary,발산1동,발산1동,11160670,20240630,강서구,11160670,35693,5626,0.157621942677836,2024 Q2,2024-06-30,population_direct_65_plus,subway/data/raw/2024/population_direct_65_plus/201_DT_201004_O020003_2024Q2_20261006.csv,272,e48f83ca75f7f92a5a83e39834440c0f3149ace1113c3533102797e4d0338d76,DT_201004_O020003,https://stat.eseoul.go.kr/statHtml/statHtml.do?orgId=201&tblId=DT_201004_O020003&conn_path=I2,001016017,001016,발산1동,002 계 (14210.MT0047 명),006 65세이상고령자 (14999671.ga028 명),명,official source code parents + exact complete Q2 boundary parent/name-set bijection; SGIS codes not equated to statistics codes,3,0.8405009385593815,0,False,-0.6236683415841341,-0.006608006606599385
20240630,공항동,11160690,278,subway/data/raw/2024/boundary/bnd_dong_11_2024_2Q.shp,boundary,공항동,공항동,11160690,20240630,강서구,11160690,29955,4697,0.156801869470873,2024 Q2,2024-06-30,population_direct_65_plus,subway/data/raw/2024/population_direct_65_plus/201_DT_201004_O020003_2024Q2_20261006.csv,274,e48f83ca75f7f92a5a83e39834440c0f3149ace1113c3533102797e4d0338d76,DT_201004_O020003,https://stat.eseoul.go.kr/statHtml/statHtml.do?orgId=201&tblId=DT_201004_O020003&conn_path=I2,001016019,001016,공항동,002 계 (14210.MT0047 명),006 65세이상고령자 (14999671.ga028 명),명,official source code parents + exact complete Q2 boundary parent/name-set bijection; SGIS codes not equated to statistics codes,3,1.0015022533800702,1,True,-0.6430406555681524,0.08605615319275815
20240630,방화1동,11160700,289,subway/data/raw/2024/boundary/bnd_dong_11_2024_2Q.shp,boundary,방화1동,방화1동,11160700,20240630,강서구,11160700,41862,7570,0.18083225837274855,2024 Q2,2024-06-30,population_direct_65_plus,subway/data/raw/2024/population_direct_65_plus/201_DT_201004_O020003_2024Q2_20261006.csv,275,e48f83ca75f7f92a5a83e39834440c0f3149ace1113c3533102797e4d0338d76,DT_201004_O020003,https://stat.eseoul.go.kr/statHtml/statHtml.do?orgId=201&tblId=DT_201004_O020003&conn_path=I2,001016020,001016,방화1동,002 계 (14210.MT0047 명),006 65세이상고령자 (14999671.ga028 명),명,official source code parents + exact complete Q2 boundary parent/name-set bijection; SGIS codes not equated to statistics codes,0,0.0,0,False,-0.07537884804588775,-0.4903575546703421
20240630,방화2동,11160710,86,subway/data/raw/2024/boundary/bnd_dong_11_2024_2Q.shp,boundary,방화2동,방화2동,11160710,20240630,강서구,11160710,22902,5412,0.23631123919308358,2024 Q2,2024-06-30,population_direct_65_plus,subway/data/raw/2024/population_direct_65_plus/201_DT_201004_O020003_2024Q2_20261006.csv,276,e48f83ca75f7f92a5a83e39834440c0f3149ace1113c3533102797e4d0338d76,DT_201004_O020003,https://stat.eseoul.go.kr/statHtml/statHtml.do?orgId=201&tblId=DT_201004_O020003&conn_path=I2,001016021,001016,방화2동,002 계 (14210.MT0047 명),006 65세이상고령자 (14999671.ga028 명),명,official source code parents + exact complete Q2 boundary parent/name-set bijection; SGIS codes not equated to statistics codes,2,0.8732861758798358,2,True,1.2351824857952969,0.012261506810144818
20240630,화곡1동,11160730,279,subway/data/raw/2024/boundary/bnd_dong_11_2024_2Q.shp,boundary,화곡1동,화곡1동,11160730,20240630,강서구,11160730,51286,9479,0.18482626837733496,2024 Q2,2024-06-30,population_direct_65_plus,subway/data/raw/2024/population_direct_65_plus/201_DT_201004_O020003_2024Q2_20261006.csv,262,e48f83ca75f7f92a5a83e39834440c0f3149ace1113c3533102797e4d0338d76,DT_201004_O020003,https://stat.eseoul.go.kr/statHtml/statHtml.do?orgId=201&tblId=DT_201004_O020003&conn_path=I2,001016006,001016,화곡1동,002 계 (14210.MT0047 명),006 65세이상고령자 (14999671.ga028 명),명,official source code parents + exact complete Q2 boundary parent/name-set bijection; SGIS codes not equated to statistics codes,3,0.584954958468198,1,True,0.018970309086919632,-0.15368726221159762
20240630,우장산동,11160740,280,subway/data/raw/2024/boundary/bnd_dong_11_2024_2Q.shp,boundary,우장산동,우장산동,11160740,20240630,강서구,11160740,43845,6805,0.15520583875014254,2024 Q2,2024-06-30,population_direct_65_plus,subway/data/raw/2024/population_direct_65_plus/201_DT_201004_O020003_2024Q2_20261006.csv,273,e48f83ca75f7f92a5a83e39834440c0f3149ace1113c3533102797e4d0338d76,DT_201004_O020003,https://stat.eseoul.go.kr/statHtml/statHtml.do?orgId=201&tblId=DT_201004_O020003&conn_path=I2,001016023,001016,우장산동,002 계 (14210.MT0047 명),006 65세이상고령자 (14999671.ga028 명),명,official source code parents + exact complete Q2 boundary parent/name-set bijection; SGIS codes not equated to statistics codes,0,0.0,1,True,-0.6807431533300672,-0.4903575546703421
20240630,가양1동,11160751,281,subway/data/raw/2024/boundary/bnd_dong_11_2024_2Q.shp,boundary,가양1동,가양1동,11160751,20240630,강서구,11160751,33905,3692,0.10889249373248783,2024 Q2,2024-06-30,population_direct_65_plus,subway/data/raw/2024/population_direct_65_plus/201_DT_201004_O020003_2024Q2_20261006.csv,269,e48f83ca75f7f92a5a83e39834440c0f3149ace1113c3533102797e4d0338d76,DT_201004_O020003,https://stat.eseoul.go.kr/statHtml/statHtml.do?orgId=201&tblId=DT_201004_O020003&conn_path=I2,001016014,001016,가양1동,002 계 (14210.MT0047 명),006 65세이상고령자 (14999671.ga028 명),명,official source code parents + exact complete Q2 boundary parent/name-set bijection; SGIS codes not equated to statistics codes,4,1.1797669960182864,0,False,-1.7747877504639986,0.18865626311618564
20240630,방화3동,11160761,282,subway/data/raw/2024/boundary/bnd_dong_11_2024_2Q.shp,boundary,방화3동,방화3동,11160761,20240630,강서구,11160761,21950,5909,0.26920273348519363,2024 Q2,2024-06-30,population_direct_65_plus,subway/data/raw/2024/population_direct_65_plus/201_DT_201004_O020003_2024Q2_20261006.csv,277,e48f83ca75f7f92a5a83e39834440c0f3149ace1113c3533102797e4d0338d76,DT_201004_O020003,https://stat.eseoul.go.kr/statHtml/statHtml.do?orgId=201&tblId=DT_201004_O020003&conn_path=I2,001016022,001016,방화3동,002 계 (14210.MT0047 명),006 65세이상고령자 (14999671.ga028 명),명,official source code parents + exact complete Q2 boundary parent/name-set bijection; SGIS codes not equated to statistics codes,2,0.9111617312072894,1,True,2.012167210354214,0.03406074810989082
20240630,신도림동,11170510,291,subway/data/raw/2024/boundary/bnd_dong_11_2024_2Q.shp,boundary,신도림동,신도림동,11170510,20240630,구로구,11170510,36352,5402,0.1486025528169014,2024 Q2,2024-06-30,population_direct_65_plus,subway/data/raw/2024/population_direct_65_plus/201_DT_201004_O020003_2024Q2_20261006.csv,279,e48f83ca75f7f92a5a83e39834440c0f3149ace1113c3533102797e4d0338d76,DT_201004_O020003,https://stat.eseoul.go.kr/statHtml/statHtml.do?orgId=201&tblId=DT_201004_O020003&conn_path=I2,001017001,001017,신도림동,002 계 (14210.MT0047 명),006 65세이상고령자 (14999671.ga028 명),명,official source code parents + exact complete Q2 boundary parent/name-set bijection; SGIS codes not equated to statistics codes,1,0.27508802816901406,2,True,-0.8367303595195369,-0.33203089113015016
20240630,구로1동,11170520,93,subway/data/raw/2024/boundary/bnd_dong_11_2024_2Q.shp,boundary,구로1동,구로1동,11170520,20240630,구로구,11170520,20687,3238,0.15652342050563156,2024 Q2,2024-06-30,population_direct_65_plus,subway/data/raw/2024/population_direct_65_plus/201_DT_201004_O020003_2024Q2_20261006.csv,280,e48f83ca75f7f92a5a83e39834440c0f3149ace1113c3533102797e4d0338d76,DT_201004_O020003,https://stat.eseoul.go.kr/statHtml/statHtml.do?orgId=201&tblId=DT_201004_O020003&conn_path=I2,001017002,001017,구로1동,002 계 (14210.MT0047 명),006 65세이상고령자 (14999671.ga028 명),명,official source code parents + exact complete Q2 boundary parent/name-set bijection; SGIS codes not equated to statistics codes,0,0.0,0,False,-0.6496183619697045,-0.4903575546703421
20240630,구로3동,11170540,94,subway/data/raw/2024/boundary/bnd_dong_11_2024_2Q.shp,boundary,구로3동,구로3동,11170540,20240630,구로구,11170540,24891,3923,0.15760716724920654,2024 Q2,2024-06-30,population_direct_65_plus,subway/data/raw/2024/population_direct_65_plus/201_DT_201004_O020003_2024Q2_20261006.csv,282,e48f83ca75f7f92a5a83e39834440c0f3149ace1113c3533102797e4d0338d76,DT_201004_O020003,https://stat.eseoul.go.kr/statHtml/statHtml.do?orgId=201&tblId=DT_201004_O020003&conn_path=I2,001017004,001017,구로3동,002 계 (14210.MT0047 명),006 65세이상고령자 (14999671.ga028 명),명,official source code parents + exact complete Q2 boundary parent/name-set bijection; SGIS codes not equated to statistics codes,3,1.205254911413764,2,True,-0.624017376572996,0.2033258095592657
20240630,구로4동,11170550,95,subway/data/raw/2024/boundary/bnd_dong_11_2024_2Q.shp,boundary,구로4동,구로4동,11170550,20240630,구로구,11170550,22269,5185,0.23283488257218554,2024 Q2,2024-06-30,population_direct_65_plus,subway/data/raw/2024/population_direct_65_plus/201_DT_201004_O020003_2024Q2_20261006.csv,283,e48f83ca75f7f92a5a83e39834440c0f3149ace1113c3533102797e4d0338d76,DT_201004_O020003,https://stat.eseoul.go.kr/statHtml/statHtml.do?orgId=201&tblId=DT_201004_O020003&conn_path=I2,001017005,001017,구로4동,002 계 (14210.MT0047 명),006 65세이상고령자 (14999671.ga028 명),명,official source code parents + exact complete Q2 boundary parent/name-set bijection; SGIS codes not equated to statistics codes,1,0.44905473977277827,1,True,1.153061680715153,-0.23190450904579427
20240630,구로5동,11170560,96,subway/data/raw/2024/boundary/bnd_dong_11_2024_2Q.shp,boundary,구로5동,구로5동,11170560,20240630,구로구,11170560,31736,5459,0.17201285606251576,2024 Q2,2024-06-30,population_direct_65_plus,subway/data/raw/2024/population_direct_65_plus/201_DT_201004_O020003_2024Q2_20261006.csv,284,e48f83ca75f7f92a5a83e39834440c0f3149ace1113c3533102797e4d0338d76,DT_201004_O020003,https://stat.eseoul.go.kr/statHtml/statHtml.do?orgId=201&tblId=DT_201004_O020003&conn_path=I2,001017006,001017,구로5동,002 계 (14210.MT0047 명),006 65세이상고령자 (14999671.ga028 명),명,official source code parents + exact complete Q2 boundary parent/name-set bijection; SGIS codes not equated to statistics codes,1,0.31509957146458284,0,False,-0.28371662722773155,-0.3090022839048689
20240630,고척1동,11170610,97,subway/data/raw/2024/boundary/bnd_dong_11_2024_2Q.shp,boundary,고척1동,고척1동,11170610,20240630,구로구,11170610,26938,4991,0.1852773034375232,2024 Q2,2024-06-30,population_direct_65_plus,subway/data/raw/2024/population_direct_65_plus/201_DT_201004_O020003_2024Q2_20261006.csv,286,e48f83ca75f7f92a5a83e39834440c0f3149ace1113c3533102797e4d0338d76,DT_201004_O020003,https://stat.eseoul.go.kr/statHtml/statHtml.do?orgId=201&tblId=DT_201004_O020003&conn_path=I2,001017011,001017,고척1동,002 계 (14210.MT0047 명),006 65세이상고령자 (14999671.ga028 명),명,official source code parents + exact complete Q2 boundary parent/name-set bijection; SGIS codes not equated to statistics codes,0,0.0,0,False,0.029624958854255756,-0.4903575546703421
20240630,고척2동,11170620,98,subway/data/raw/2024/boundary/bnd_dong_11_2024_2Q.shp,boundary,고척2동,고척2동,11170620,20240630,구로구,11170620,26083,5929,0.2273128091093816,2024 Q2,2024-06-30,population_direct_65_plus,subway/data/raw/2024/population_direct_65_plus/201_DT_201004_O020003_2024Q2_20261006.csv,287,e48f83ca75f7f92a5a83e39834440c0f3149ace1113c3533102797e4d0338d76,DT_201004_O020003,https://stat.eseoul.go.kr/statHtml/statHtml.do?orgId=201&tblId=DT_201004_O020003&conn_path=I2,001017012,001017,고척2동,002 계 (14210.MT0047 명),006 65세이상고령자 (14999671.ga028 명),명,official source code parents + exact complete Q2 boundary parent/name-set bijection; SGIS codes not equated to statistics codes,0,0.0,0,False,1.0226155936390775,-0.4903575546703421
20240630,개봉2동,11170640,99,subway/data/raw/2024/boundary/bnd_dong_11_2024_2Q.shp,boundary,개봉2동,개봉2동,11170640,20240630,구로구,11170640,29951,7263,0.24249607692564523,2024 Q2,2024-06-30,population_direct_65_plus,subway/data/raw/2024/population_direct_65_plus/201_DT_201004_O020003_2024Q2_20261006.csv,289,e48f83ca75f7f92a5a83e39834440c0f3149ace1113c3533102797e4d0338d76,DT_201004_O020003,https://stat.eseoul.go.kr/statHtml/statHtml.do?orgId=201&tblId=DT_201004_O020003&conn_path=I2,001017014,001017,개봉2동,002 계 (14210.MT0047 명),006 65세이상고령자 (14999671.ga028 명),명,official source code parents + exact complete Q2 boundary parent/name-set bijection; SGIS codes not equated to statistics codes,0,0.0,0,False,1.3812848306567995,-0.4903575546703421
20240630,개봉3동,11170650,100,subway/data/raw/2024/boundary/bnd_dong_11_2024_2Q.shp,boundary,개봉3동,개봉3동,11170650,20240630,구로구,11170650,19821,4836,0.24398365370062056,2024 Q2,2024-06-30,population_direct_65_plus,subway/data/raw/2024/population_direct_65_plus/201_DT_201004_O020003_2024Q2_20261006.csv,290,e48f83ca75f7f92a5a83e39834440c0f3149ace1113c3533102797e4d0338d76,DT_201004_O020003,https://stat.eseoul.go.kr/statHtml/statHtml.do?orgId=201&tblId=DT_201004_O020003&conn_path=I2,001017015,001017,개봉3동,002 계 (14210.MT0047 명),006 65세이상고령자 (14999671.ga028 명),명,official source code parents + exact complete Q2 boundary parent/name-set bijection; SGIS codes not equated to statistics codes,1,0.5045154129458654,0,False,1.4164253572774372,-0.19998416921990794
20240630,오류1동,11170670,101,subway/data/raw/2024/boundary/bnd_dong_11_2024_2Q.shp,boundary,오류1동,오류1동,11170670,20240630,구로구,11170670,23284,4501,0.19330870984366946,2024 Q2,2024-06-30,population_direct_65_plus,subway/data/raw/2024/population_direct_65_plus/201_DT_201004_O020003_2024Q2_20261006.csv,291,e48f83ca75f7f92a5a83e39834440c0f3149ace1113c3533102797e4d0338d76,DT_201004_O020003,https://stat.eseoul.go.kr/statHtml/statHtml.do?orgId=201&tblId=DT_201004_O020003&conn_path=I2,001017017,001017,오류1동,002 계 (14210.MT0047 명),006 65세이상고령자 (14999671.ga028 명),명,official source code parents + exact complete Q2 boundary parent/name-set bijection; SGIS codes not equated to statistics codes,2,0.8589589417625838,0,False,0.21934817540623805,0.004015480290408299
20240630,수궁동,11170690,102,subway/data/raw/2024/boundary/bnd_dong_11_2024_2Q.shp,boundary,수궁동,수궁동,11170690,20240630,구로구,11170690,22970,5198,0.226295167609926,2024 Q2,2024-06-30,population_direct_65_plus,subway/data/raw/2024/population_direct_65_plus/201_DT_201004_O020003_2024Q2_20261006.csv,293,e48f83ca75f7f92a5a83e39834440c0f3149ace1113c3533102797e4d0338d76,DT_201004_O020003,https://stat.eseoul.go.kr/statHtml/statHtml.do?orgId=201&tblId=DT_201004_O020003&conn_path=I2,001017019,001017,수궁동,002 계 (14210.MT0047 명),006 65세이상고령자 (14999671.ga028 명),명,official source code parents + exact complete Q2 boundary parent/name-set bijection; SGIS codes not equated to statistics codes,0,0.0,1,True,0.998576190225779,-0.4903575546703421
20240630,가리봉동,11170700,103,subway/data/raw/2024/boundary/bnd_dong_11_2024_2Q.shp,boundary,가리봉동,가리봉동,11170700,20240630,구로구,11170700,12342,2323,0.188219089288608,2024 Q2,2024-06-30,population_direct_65_plus,subway/data/raw/2024/population_direct_65_plus/201_DT_201004_O020003_2024Q2_20261006.csv,285,e48f83ca75f7f92a5a83e39834440c0f3149ace1113c3533102797e4d0338d76,DT_201004_O020003,https://stat.eseoul.go.kr/statHtml/statHtml.do?orgId=201&tblId=DT_201004_O020003&conn_path=I2,001017020,001017,가리봉동,002 계 (14210.MT0047 명),006 65세이상고령자 (14999671.ga028 명),명,official source code parents + exact complete Q2 boundary parent/name-set bijection; SGIS codes not equated to statistics codes,0,0.0,0,False,0.0991177781502386,-0.4903575546703421
20240630,구로2동,11170710,415,subway/data/raw/2024/boundary/bnd_dong_11_2024_2Q.shp,boundary,구로2동,구로2동,11170710,20240630,구로구,11170710,28719,6506,0.22653992130645217,2024 Q2,2024-06-30,population_direct_65_plus,subway/data/raw/2024/population_direct_65_plus/201_DT_201004_O020003_2024Q2_20261006.csv,281,e48f83ca75f7f92a5a83e39834440c0f3149ace1113c3533102797e4d0338d76,DT_201004_O020003,https://stat.eseoul.go.kr/statHtml/statHtml.do?orgId=201&tblId=DT_201004_O020003&conn_path=I2,001017003,001017,구로2동,002 계 (14210.MT0047 명),006 65세이상고령자 (14999671.ga028 명),명,official source code parents + exact complete Q2 boundary parent/name-set bijection; SGIS codes not equated to statistics codes,3,1.044604617152408,0,False,1.0043579246094854,0.11086367932245601
20240630,개봉1동,11170720,416,subway/data/raw/2024/boundary/bnd_dong_11_2024_2Q.shp,boundary,개봉1동,개봉1동,11170720,20240630,구로구,11170720,33560,7279,0.21689511323003577,2024 Q2,2024-06-30,population_direct_65_plus,subway/data/raw/2024/population_direct_65_plus/201_DT_201004_O020003_2024Q2_20261006.csv,288,e48f83ca75f7f92a5a83e39834440c0f3149ace1113c3533102797e4d0338d76,DT_201004_O020003,https://stat.eseoul.go.kr/statHtml/statHtml.do?orgId=201&tblId=DT_201004_O020003&conn_path=I2,001017013,001017,개봉1동,002 계 (14210.MT0047 명),006 65세이상고령자 (14999671.ga028 명),명,official source code parents + exact complete Q2 boundary parent/name-set bijection; SGIS codes not equated to statistics codes,1,0.29797377830750893,0,False,0.7765218621878509,-0.31885901852573373
20240630,오류2동,11170730,417,subway/data/raw/2024/boundary/bnd_dong_11_2024_2Q.shp,boundary,오류2동,오류2동,11170730,20240630,구로구,11170730,37076,7918,0.213561333477182,2024 Q2,2024-06-30,population_direct_65_plus,subway/data/raw/2024/population_direct_65_plus/201_DT_201004_O020003_2024Q2_20261006.csv,292,e48f83ca75f7f92a5a83e39834440c0f3149ace1113c3533102797e4d0338d76,DT_201004_O020003,https://stat.eseoul.go.kr/statHtml/statHtml.do?orgId=201&tblId=DT_201004_O020003&conn_path=I2,001017018,001017,오류2동,002 계 (14210.MT0047 명),006 65세이상고령자 (14999671.ga028 명),명,official source code parents + exact complete Q2 boundary parent/name-set bijection; SGIS codes not equated to statistics codes,0,0.0,1,True,0.6977691025835988,-0.4903575546703421
20240630,항동,11170740,418,subway/data/raw/2024/boundary/bnd_dong_11_2024_2Q.shp,boundary,항동,항동,11170740,20240630,구로구,11170740,16420,2022,0.12314250913520097,2024 Q2,2024-06-30,population_direct_65_plus,subway/data/raw/2024/population_direct_65_plus/201_DT_201004_O020003_2024Q2_20261006.csv,294,e48f83ca75f7f92a5a83e39834440c0f3149ace1113c3533102797e4d0338d76,DT_201004_O020003,https://stat.eseoul.go.kr/statHtml/statHtml.do?orgId=201&tblId=DT_201004_O020003&conn_path=I2,001017021,001017,항동,002 계 (14210.MT0047 명),006 65세이상고령자 (14999671.ga028 명),명,official source code parents + exact complete Q2 boundary parent/name-set bijection; SGIS codes not equated to statistics codes,0,0.0,0,False,-1.4381644218214522,-0.4903575546703421
20240630,가산동,11180510,419,subway/data/raw/2024/boundary/bnd_dong_11_2024_2Q.shp,boundary,가산동,가산동,11180510,20240630,금천구,11180510,27425,3154,0.1150045578851413,2024 Q2,2024-06-30,population_direct_65_plus,subway/data/raw/2024/population_direct_65_plus/201_DT_201004_O020003_2024Q2_20261006.csv,296,e48f83ca75f7f92a5a83e39834440c0f3149ace1113c3533102797e4d0338d76,DT_201004_O020003,https://stat.eseoul.go.kr/statHtml/statHtml.do?orgId=201&tblId=DT_201004_O020003&conn_path=I2,001018001,001018,가산동,002 계 (14210.MT0047 명),006 65세이상고령자 (14999671.ga028 명),명,official source code parents + exact complete Q2 boundary parent/name-set bijection; SGIS codes not equated to statistics codes,3,1.0938924339106655,1,True,-1.6304045114429893,0.13923123727274514
20240630,독산1동,11180520,420,subway/data/raw/2024/boundary/bnd_dong_11_2024_2Q.shp,boundary,독산1동,독산1동,11180520,20240630,금천구,11180520,48707,6837,0.14036996735582155,2024 Q2,2024-06-30,population_direct_65_plus,subway/data/raw/2024/population_direct_65_plus/201_DT_201004_O020003_2024Q2_20261006.csv,297,e48f83ca75f7f92a5a83e39834440c0f3149ace1113c3533102797e4d0338d76,DT_201004_O020003,https://stat.eseoul.go.kr/statHtml/statHtml.do?orgId=201&tblId=DT_201004_O020003&conn_path=I2,001018002,001018,독산1동,002 계 (14210.MT0047 명),006 65세이상고령자 (14999671.ga028 명),명,official source code parents + exact complete Q2 boundary parent/name-set bijection; SGIS codes not equated to statistics codes,1,0.20530929845812718,0,False,-1.0312059613294333,-0.3721919753282956
20240630,독산2동,11180530,421,subway/data/raw/2024/boundary/bnd_dong_11_2024_2Q.shp,boundary,독산2동,독산2동,11180530,20240630,금천구,11180530,18915,4038,0.2134813639968279,2024 Q2,2024-06-30,population_direct_65_plus,subway/data/raw/2024/population_direct_65_plus/201_DT_201004_O020003_2024Q2_20261006.csv,298,e48f83ca75f7f92a5a83e39834440c0f3149ace1113c3533102797e4d0338d76,DT_201004_O020003,https://stat.eseoul.go.kr/statHtml/statHtml.do?orgId=201&tblId=DT_201004_O020003&conn_path=I2,001018003,001018,독산2동,002 계 (14210.MT0047 명),006 65세이상고령자 (14999671.ga028 명),명,official source code parents + exact complete Q2 boundary parent/name-set bijection; SGIS codes not equated to statistics codes,0,0.0,0,False,0.6958800104032853,-0.4903575546703421
20240630,독산3동,11180540,283,subway/data/raw/2024/boundary/bnd_dong_11_2024_2Q.shp,boundary,독산3동,독산3동,11180540,20240630,금천구,11180540,26534,5435,0.20483153689605788,2024 Q2,2024-06-30,population_direct_65_plus,subway/data/raw/2024/population_direct_65_plus/201_DT_201004_O020003_2024Q2_20261006.csv,299,e48f83ca75f7f92a5a83e39834440c0f3149ace1113c3533102797e4d0338d76,DT_201004_O020003,https://stat.eseoul.go.kr/statHtml/statHtml.do?orgId=201&tblId=DT_201004_O020003&conn_path=I2,001018004,001018,독산3동,002 계 (14210.MT0047 명),006 65세이상고령자 (14999671.ga028 명),명,official source code parents + exact complete Q2 boundary parent/name-set bijection; SGIS codes not equated to statistics codes,1,0.37687495289063083,0,False,0.491548049450504,-0.27344751950741697
20240630,독산4동,11180550,188,subway/data/raw/2024/boundary/bnd_dong_11_2024_2Q.shp,boundary,독산4동,독산4동,11180550,20240630,금천구,11180550,15996,3345,0.20911477869467368,2024 Q2,2024-06-30,population_direct_65_plus,subway/data/raw/2024/population_direct_65_plus/201_DT_201004_O020003_2024Q2_20261006.csv,300,e48f83ca75f7f92a5a83e39834440c0f3149ace1113c3533102797e4d0338d76,DT_201004_O020003,https://stat.eseoul.go.kr/statHtml/statHtml.do?orgId=201&tblId=DT_201004_O020003&conn_path=I2,001018005,001018,독산4동,002 계 (14210.MT0047 명),006 65세이상고령자 (14999671.ga028 명),명,official source code parents + exact complete Q2 boundary parent/name-set bijection; SGIS codes not equated to statistics codes,0,0.0,0,False,0.592729632128402,-0.4903575546703421
20240630,시흥1동,11180570,189,subway/data/raw/2024/boundary/bnd_dong_11_2024_2Q.shp,boundary,시흥1동,시흥1동,11180570,20240630,금천구,11180570,33504,7057,0.21063156638013372,2024 Q2,2024-06-30,population_direct_65_plus,subway/data/raw/2024/population_direct_65_plus/201_DT_201004_O020003_2024Q2_20261006.csv,301,e48f83ca75f7f92a5a83e39834440c0f3149ace1113c3533102797e4d0338d76,DT_201004_O020003,https://stat.eseoul.go.kr/statHtml/statHtml.do?orgId=201&tblId=DT_201004_O020003&conn_path=I2,001018007,001018,시흥1동,002 계 (14210.MT0047 명),006 65세이상고령자 (14999671.ga028 명),명,official source code parents + exact complete Q2 boundary parent/name-set bijection; SGIS codes not equated to statistics codes,2,0.5969436485195797,0,False,0.6285601982782723,-0.14678718259458665
20240630,시흥2동,11180580,284,subway/data/raw/2024/boundary/bnd_dong_11_2024_2Q.shp,boundary,시흥2동,시흥2동,11180580,20240630,금천구,11180580,20460,4647,0.22712609970674486,2024 Q2,2024-06-30,population_direct_65_plus,subway/data/raw/2024/population_direct_65_plus/201_DT_201004_O020003_2024Q2_20261006.csv,302,e48f83ca75f7f92a5a83e39834440c0f3149ace1113c3533102797e4d0338d76,DT_201004_O020003,https://stat.eseoul.go.kr/statHtml/statHtml.do?orgId=201&tblId=DT_201004_O020003&conn_path=I2,001018008,001018,시흥2동,002 계 (14210.MT0047 명),006 65세이상고령자 (14999671.ga028 명),명,official source code parents + exact complete Q2 boundary parent/name-set bijection; SGIS codes not equated to statistics codes,0,0.0,0,False,1.0182050201184007,-0.4903575546703421
20240630,시흥3동,11180590,190,subway/data/raw/2024/boundary/bnd_dong_11_2024_2Q.shp,boundary,시흥3동,시흥3동,11180590,20240630,금천구,11180590,10358,2632,0.2541031087082448,2024 Q2,2024-06-30,population_direct_65_plus,subway/data/raw/2024/population_direct_65_plus/201_DT_201004_O020003_2024Q2_20261006.csv,303,e48f83ca75f7f92a5a83e39834440c0f3149ace1113c3533102797e4d0338d76,DT_201004_O020003,https://stat.eseoul.go.kr/statHtml/statHtml.do?orgId=201&tblId=DT_201004_O020003&conn_path=I2,001018009,001018,시흥3동,002 계 (14210.MT0047 명),006 65세이상고령자 (14999671.ga028 명),명,official source code parents + exact complete Q2 boundary parent/name-set bijection; SGIS codes not equated to statistics codes,0,0.0,0,False,1.6554738447665378,-0.4903575546703421
20240630,시흥4동,11180600,191,subway/data/raw/2024/boundary/bnd_dong_11_2024_2Q.shp,boundary,시흥4동,시흥4동,11180600,20240630,금천구,11180600,19741,4784,0.24233828073552505,2024 Q2,2024-06-30,population_direct_65_plus,subway/data/raw/2024/population_direct_65_plus/201_DT_201004_O020003_2024Q2_20261006.csv,304,e48f83ca75f7f92a5a83e39834440c0f3149ace1113c3533102797e4d0338d76,DT_201004_O020003,https://stat.eseoul.go.kr/statHtml/statHtml.do?orgId=201&tblId=DT_201004_O020003&conn_path=I2,001018010,001018,시흥4동,002 계 (14210.MT0047 명),006 65세이상고령자 (14999671.ga028 명),명,official source code parents + exact complete Q2 boundary parent/name-set bijection; SGIS codes not equated to statistics codes,0,0.0,0,False,1.3775572642462217,-0.4903575546703421
20240630,시흥5동,11180610,192,subway/data/raw/2024/boundary/bnd_dong_11_2024_2Q.shp,boundary,시흥5동,시흥5동,11180610,20240630,금천구,11180610,18513,4835,0.2611678280127478,2024 Q2,2024-06-30,population_direct_65_plus,subway/data/raw/2024/population_direct_65_plus/201_DT_201004_O020003_2024Q2_20261006.csv,305,e48f83ca75f7f92a5a83e39834440c0f3149ace1113c3533102797e4d0338d76,DT_201004_O020003,https://stat.eseoul.go.kr/statHtml/statHtml.do?orgId=201&tblId=DT_201004_O020003&conn_path=I2,001018011,001018,시흥5동,002 계 (14210.MT0047 명),006 65세이상고령자 (14999671.ga028 명),명,official source code parents + exact complete Q2 boundary parent/name-set bijection; SGIS codes not equated to statistics codes,0,0.0,0,False,1.8223613365340383,-0.4903575546703421
20240630,여의동,11190540,285,subway/data/raw/2024/boundary/bnd_dong_11_2024_2Q.shp,boundary,여의동,여의동,11190540,20240630,영등포구,11190540,34054,6748,0.19815587008868268,2024 Q2,2024-06-30,population_direct_65_plus,subway/data/raw/2024/population_direct_65_plus/201_DT_201004_O020003_2024Q2_20261006.csv,309,e48f83ca75f7f92a5a83e39834440c0f3149ace1113c3533102797e4d0338d76,DT_201004_O020003,https://stat.eseoul.go.kr/statHtml/statHtml.do?orgId=201&tblId=DT_201004_O020003&conn_path=I2,001019004,001019,여의동,002 계 (14210.MT0047 명),006 65세이상고령자 (14999671.ga028 명),명,official source code parents + exact complete Q2 boundary parent/name-set bijection; SGIS codes not equated to statistics codes,5,1.4682562988195218,2,True,0.3338510141771708,0.35469601803962664
20240630,당산1동,11190550,288,subway/data/raw/2024/boundary/bnd_dong_11_2024_2Q.shp,boundary,당산1동,당산1동,11190550,20240630,영등포구,11190550,21601,3698,0.17119577797324198,2024 Q2,2024-06-30,population_direct_65_plus,subway/data/raw/2024/population_direct_65_plus/201_DT_201004_O020003_2024Q2_20261006.csv,310,e48f83ca75f7f92a5a83e39834440c0f3149ace1113c3533102797e4d0338d76,DT_201004_O020003,https://stat.eseoul.go.kr/statHtml/statHtml.do?orgId=201&tblId=DT_201004_O020003&conn_path=I2,001019005,001019,당산1동,002 계 (14210.MT0047 명),006 65세이상고령자 (14999671.ga028 명),명,official source code parents + exact complete Q2 boundary parent/name-set bijection; SGIS codes not equated to statistics codes,2,0.9258830609693995,2,True,-0.30301818855235046,0.04253359601833487
20240630,당산2동,11190560,194,subway/data/raw/2024/boundary/bnd_dong_11_2024_2Q.shp,boundary,당산2동,당산2동,11190560,20240630,영등포구,11190560,37009,5142,0.13893917695695643,2024 Q2,2024-06-30,population_direct_65_plus,subway/data/raw/2024/population_direct_65_plus/201_DT_201004_O020003_2024Q2_20261006.csv,311,e48f83ca75f7f92a5a83e39834440c0f3149ace1113c3533102797e4d0338d76,DT_201004_O020003,https://stat.eseoul.go.kr/statHtml/statHtml.do?orgId=201&tblId=DT_201004_O020003&conn_path=I2,001019006,001019,당산2동,002 계 (14210.MT0047 명),006 65세이상고령자 (14999671.ga028 명),명,official source code parents + exact complete Q2 boundary parent/name-set bijection; SGIS codes not equated to statistics codes,3,0.8106136345213326,1,True,-1.0650050424563262,-0.023809617167595023
20240630,양평1동,11190610,195,subway/data/raw/2024/boundary/bnd_dong_11_2024_2Q.shp,boundary,양평1동,양평1동,11190610,20240630,영등포구,11190610,18477,2568,0.13898360123396655,2024 Q2,2024-06-30,population_direct_65_plus,subway/data/raw/2024/population_direct_65_plus/201_DT_201004_O020003_2024Q2_20261006.csv,314,e48f83ca75f7f92a5a83e39834440c0f3149ace1113c3533102797e4d0338d76,DT_201004_O020003,https://stat.eseoul.go.kr/statHtml/statHtml.do?orgId=201&tblId=DT_201004_O020003&conn_path=I2,001019011,001019,양평1동,002 계 (14210.MT0047 명),006 65세이상고령자 (14999671.ga028 명),명,official source code parents + exact complete Q2 boundary parent/name-set bijection; SGIS codes not equated to statistics codes,0,0.0,1,True,-1.063955622678377,-0.4903575546703421
20240630,양평2동,11190620,196,subway/data/raw/2024/boundary/bnd_dong_11_2024_2Q.shp,boundary,양평2동,양평2동,11190620,20240630,영등포구,11190620,23043,2919,0.12667621403463092,2024 Q2,2024-06-30,population_direct_65_plus,subway/data/raw/2024/population_direct_65_plus/201_DT_201004_O020003_2024Q2_20261006.csv,315,e48f83ca75f7f92a5a83e39834440c0f3149ace1113c3533102797e4d0338d76,DT_201004_O020003,https://stat.eseoul.go.kr/statHtml/statHtml.do?orgId=201&tblId=DT_201004_O020003&conn_path=I2,001019012,001019,양평2동,002 계 (14210.MT0047 명),006 65세이상고령자 (14999671.ga028 명),명,official source code parents + exact complete Q2 boundary parent/name-set bijection; SGIS codes not equated to statistics codes,0,0.0,0,False,-1.354688897615345,-0.4903575546703421
20240630,신길1동,11190630,197,subway/data/raw/2024/boundary/bnd_dong_11_2024_2Q.shp,boundary,신길1동,신길1동,11190630,20240630,영등포구,11190630,20552,3909,0.19020046710782407,2024 Q2,2024-06-30,population_direct_65_plus,subway/data/raw/2024/population_direct_65_plus/201_DT_201004_O020003_2024Q2_20261006.csv,316,e48f83ca75f7f92a5a83e39834440c0f3149ace1113c3533102797e4d0338d76,DT_201004_O020003,https://stat.eseoul.go.kr/statHtml/statHtml.do?orgId=201&tblId=DT_201004_O020003&conn_path=I2,001019013,001019,신길1동,002 계 (14210.MT0047 명),006 65세이상고령자 (14999671.ga028 명),명,official source code parents + exact complete Q2 boundary parent/name-set bijection; SGIS codes not equated to statistics codes,1,0.48657065005838845,0,False,0.14592320101848552,-0.21031226112163368
20240630,신길3동,11190650,198,subway/data/raw/2024/boundary/bnd_dong_11_2024_2Q.shp,boundary,신길3동,신길3동,11190650,20240630,영등포구,11190650,16872,3506,0.20779990516832622,2024 Q2,2024-06-30,population_direct_65_plus,subway/data/raw/2024/population_direct_65_plus/201_DT_201004_O020003_2024Q2_20261006.csv,317,e48f83ca75f7f92a5a83e39834440c0f3149ace1113c3533102797e4d0338d76,DT_201004_O020003,https://stat.eseoul.go.kr/statHtml/statHtml.do?orgId=201&tblId=DT_201004_O020003&conn_path=I2,001019015,001019,신길3동,002 계 (14210.MT0047 명),006 65세이상고령자 (14999671.ga028 명),명,official source code parents + exact complete Q2 boundary parent/name-set bijection; SGIS codes not equated to statistics codes,0,0.0,0,False,0.5616688163556154,-0.4903575546703421
20240630,신길4동,11190660,425,subway/data/raw/2024/boundary/bnd_dong_11_2024_2Q.shp,boundary,신길4동,신길4동,11190660,20240630,영등포구,11190660,12759,2665,0.2088721686652559,2024 Q2,2024-06-30,population_direct_65_plus,subway/data/raw/2024/population_direct_65_plus/201_DT_201004_O020003_2024Q2_20261006.csv,318,e48f83ca75f7f92a5a83e39834440c0f3149ace1113c3533102797e4d0338d76,DT_201004_O020003,https://stat.eseoul.go.kr/statHtml/statHtml.do?orgId=201&tblId=DT_201004_O020003&conn_path=I2,001019016,001019,신길4동,002 계 (14210.MT0047 명),006 65세이상고령자 (14999671.ga028 명),명,official source code parents + exact complete Q2 boundary parent/name-set bijection; SGIS codes not equated to statistics codes,1,0.7837604827964574,0,False,0.586998536872945,-0.03926492413401044
20240630,신길5동,11190670,290,subway/data/raw/2024/boundary/bnd_dong_11_2024_2Q.shp,boundary,신길5동,신길5동,11190670,20240630,영등포구,11190670,10735,2298,0.21406613879832323,2024 Q2,2024-06-30,population_direct_65_plus,subway/data/raw/2024/population_direct_65_plus/201_DT_201004_O020003_2024Q2_20261006.csv,319,e48f83ca75f7f92a5a83e39834440c0f3149ace1113c3533102797e4d0338d76,DT_201004_O020003,https://stat.eseoul.go.kr/statHtml/statHtml.do?orgId=201&tblId=DT_201004_O020003&conn_path=I2,001019017,001019,신길5동,002 계 (14210.MT0047 명),006 65세이상고령자 (14999671.ga028 명),명,official source code parents + exact complete Q2 boundary parent/name-set bijection; SGIS codes not equated to statistics codes,0,0.0,0,False,0.7096939491691452,-0.4903575546703421
20240630,신길6동,11190680,200,subway/data/raw/2024/boundary/bnd_dong_11_2024_2Q.shp,boundary,신길6동,신길6동,11190680,20240630,영등포구,11190680,18194,3601,0.19792239199736178,2024 Q2,2024-06-30,population_direct_65_plus,subway/data/raw/2024/population_direct_65_plus/201_DT_201004_O020003_2024Q2_20261006.csv,320,e48f83ca75f7f92a5a83e39834440c0f3149ace1113c3533102797e4d0338d76,DT_201004_O020003,https://stat.eseoul.go.kr/statHtml/statHtml.do?orgId=201&tblId=DT_201004_O020003&conn_path=I2,001019018,001019,신길6동,002 계 (14210.MT0047 명),006 65세이상고령자 (14999671.ga028 명),명,official source code parents + exact complete Q2 boundary parent/name-set bijection; SGIS codes not equated to statistics codes,0,0.0,2,True,0.32833563962883255,-0.4903575546703421
20240630,신길7동,11190690,201,subway/data/raw/2024/boundary/bnd_dong_11_2024_2Q.shp,boundary,신길7동,신길7동,11190690,20240630,영등포구,11190690,19920,2863,0.14372489959839357,2024 Q2,2024-06-30,population_direct_65_plus,subway/data/raw/2024/population_direct_65_plus/201_DT_201004_O020003_2024Q2_20261006.csv,321,e48f83ca75f7f92a5a83e39834440c0f3149ace1113c3533102797e4d0338d76,DT_201004_O020003,https://stat.eseoul.go.kr/statHtml/statHtml.do?orgId=201&tblId=DT_201004_O020003&conn_path=I2,001019019,001019,신길7동,002 계 (14210.MT0047 명),006 65세이상고령자 (14999671.ga028 명),명,official source code parents + exact complete Q2 boundary parent/name-set bijection; SGIS codes not equated to statistics codes,0,0.0,0,False,-0.9519535235636627,-0.4903575546703421
20240630,대림1동,11190700,294,subway/data/raw/2024/boundary/bnd_dong_11_2024_2Q.shp,boundary,대림1동,대림1동,11190700,20240630,영등포구,11190700,16065,3505,0.21817615935262993,2024 Q2,2024-06-30,population_direct_65_plus,subway/data/raw/2024/population_direct_65_plus/201_DT_201004_O020003_2024Q2_20261006.csv,322,e48f83ca75f7f92a5a83e39834440c0f3149ace1113c3533102797e4d0338d76,DT_201004_O020003,https://stat.eseoul.go.kr/statHtml/statHtml.do?orgId=201&tblId=DT_201004_O020003&conn_path=I2,001019020,001019,대림1동,002 계 (14210.MT0047 명),006 65세이상고령자 (14999671.ga028 명),명,official source code parents + exact complete Q2 boundary parent/name-set bijection; SGIS codes not equated to statistics codes,0,0.0,0,False,0.8067835845611594,-0.4903575546703421
20240630,대림2동,11190710,297,subway/data/raw/2024/boundary/bnd_dong_11_2024_2Q.shp,boundary,대림2동,대림2동,11190710,20240630,영등포구,11190710,17467,3402,0.19476727543367492,2024 Q2,2024-06-30,population_direct_65_plus,subway/data/raw/2024/population_direct_65_plus/201_DT_201004_O020003_2024Q2_20261006.csv,323,e48f83ca75f7f92a5a83e39834440c0f3149ace1113c3533102797e4d0338d76,DT_201004_O020003,https://stat.eseoul.go.kr/statHtml/statHtml.do?orgId=201&tblId=DT_201004_O020003&conn_path=I2,001019021,001019,대림2동,002 계 (14210.MT0047 명),006 65세이상고령자 (14999671.ga028 명),명,official source code parents + exact complete Q2 boundary parent/name-set bijection; SGIS codes not equated to statistics codes,1,0.572508158241255,1,True,0.2538033805464117,-0.16085100672203634
20240630,대림3동,11190720,298,subway/data/raw/2024/boundary/bnd_dong_11_2024_2Q.shp,boundary,대림3동,대림3동,11190720,20240630,영등포구,11190720,24876,5264,0.21160958353433026,2024 Q2,2024-06-30,population_direct_65_plus,subway/data/raw/2024/population_direct_65_plus/201_DT_201004_O020003_2024Q2_20261006.csv,324,e48f83ca75f7f92a5a83e39834440c0f3149ace1113c3533102797e4d0338d76,DT_201004_O020003,https://stat.eseoul.go.kr/statHtml/statHtml.do?orgId=201&tblId=DT_201004_O020003&conn_path=I2,001019022,001019,대림3동,002 계 (14210.MT0047 명),006 65세이상고령자 (14999671.ga028 명),명,official source code parents + exact complete Q2 boundary parent/name-set bijection; SGIS codes not equated to statistics codes,1,0.40199388969287664,0,False,0.6516635690895394,-0.2589903383569052
20240630,영등포본동,11190730,299,subway/data/raw/2024/boundary/bnd_dong_11_2024_2Q.shp,boundary,영등포본동,영등포본동,11190730,20240630,영등포구,11190730,22464,4695,0.20900106837606838,2024 Q2,2024-06-30,population_direct_65_plus,subway/data/raw/2024/population_direct_65_plus/201_DT_201004_O020003_2024Q2_20261006.csv,307,e48f83ca75f7f92a5a83e39834440c0f3149ace1113c3533102797e4d0338d76,DT_201004_O020003,https://stat.eseoul.go.kr/statHtml/statHtml.do?orgId=201&tblId=DT_201004_O020003&conn_path=I2,001019023,001019,영등포본동,002 계 (14210.MT0047 명),006 65세이상고령자 (14999671.ga028 명),명,official source code parents + exact complete Q2 boundary parent/name-set bijection; SGIS codes not equated to statistics codes,0,0.0,0,False,0.5900434914563973,-0.4903575546703421
20240630,영등포동,11190740,300,subway/data/raw/2024/boundary/bnd_dong_11_2024_2Q.shp,boundary,영등포동,영등포동,11190740,20240630,영등포구,11190740,31883,3669,0.1150770002822821,2024 Q2,2024-06-30,population_direct_65_plus,subway/data/raw/2024/population_direct_65_plus/201_DT_201004_O020003_2024Q2_20261006.csv,308,e48f83ca75f7f92a5a83e39834440c0f3149ace1113c3533102797e4d0338d76,DT_201004_O020003,https://stat.eseoul.go.kr/statHtml/statHtml.do?orgId=201&tblId=DT_201004_O020003&conn_path=I2,001019024,001019,영등포동,002 계 (14210.MT0047 명),006 65세이상고령자 (14999671.ga028 명),명,official source code parents + exact complete Q2 boundary parent/name-set bijection; SGIS codes not equated to statistics codes,1,0.3136467710064925,2,True,-1.628693229021797,-0.3098384418825537
20240630,도림동,11190750,301,subway/data/raw/2024/boundary/bnd_dong_11_2024_2Q.shp,boundary,도림동,도림동,11190750,20240630,영등포구,11190750,19553,3705,0.18948498951567536,2024 Q2,2024-06-30,population_direct_65_plus,subway/data/raw/2024/population_direct_65_plus/201_DT_201004_O020003_2024Q2_20261006.csv,312,e48f83ca75f7f92a5a83e39834440c0f3149ace1113c3533102797e4d0338d76,DT_201004_O020003,https://stat.eseoul.go.kr/statHtml/statHtml.do?orgId=201&tblId=DT_201004_O020003&conn_path=I2,001019025,001019,도림동,002 계 (14210.MT0047 명),006 65세이상고령자 (14999671.ga028 명),명,official source code parents + exact complete Q2 boundary parent/name-set bijection; SGIS codes not equated to statistics codes,0,0.0,0,False,0.1290217141195733,-0.4903575546703421
20240630,문래동,11190760,302,subway/data/raw/2024/boundary/bnd_dong_11_2024_2Q.shp,boundary,문래동,문래동,11190760,20240630,영등포구,11190760,32247,5073,0.15731695971718299,2024 Q2,2024-06-30,population_direct_65_plus,subway/data/raw/2024/population_direct_65_plus/201_DT_201004_O020003_2024Q2_20261006.csv,313,e48f83ca75f7f92a5a83e39834440c0f3149ace1113c3533102797e4d0338d76,DT_201004_O020003,https://stat.eseoul.go.kr/statHtml/statHtml.do?orgId=201&tblId=DT_201004_O020003&conn_path=I2,001019026,001019,문래동,002 계 (14210.MT0047 명),006 65세이상고령자 (14999671.ga028 명),명,official source code parents + exact complete Q2 boundary parent/name-set bijection; SGIS codes not equated to statistics codes,0,0.0,1,True,-0.6308728516490656,-0.4903575546703421
20240630,노량진2동,11200520,303,subway/data/raw/2024/boundary/bnd_dong_11_2024_2Q.shp,boundary,노량진2동,노량진2동,11200520,20240630,동작구,11200520,9653,1976,0.20470320107738527,2024 Q2,2024-06-30,population_direct_65_plus,subway/data/raw/2024/population_direct_65_plus/201_DT_201004_O020003_2024Q2_20261006.csv,327,e48f83ca75f7f92a5a83e39834440c0f3149ace1113c3533102797e4d0338d76,DT_201004_O020003,https://stat.eseoul.go.kr/statHtml/statHtml.do?orgId=201&tblId=DT_201004_O020003&conn_path=I2,001020002,001020,노량진2동,002 계 (14210.MT0047 명),006 65세이상고령자 (14999671.ga028 명),명,official source code parents + exact complete Q2 boundary parent/name-set bijection; SGIS codes not equated to statistics codes,0,0.0,0,False,0.48851641550171443,-0.4903575546703421
20240630,상도1동,11200530,304,subway/data/raw/2024/boundary/bnd_dong_11_2024_2Q.shp,boundary,상도1동,상도1동,11200530,20240630,동작구,11200530,46523,7842,0.16856178664316573,2024 Q2,2024-06-30,population_direct_65_plus,subway/data/raw/2024/population_direct_65_plus/201_DT_201004_O020003_2024Q2_20261006.csv,328,e48f83ca75f7f92a5a83e39834440c0f3149ace1113c3533102797e4d0338d76,DT_201004_O020003,https://stat.eseoul.go.kr/statHtml/statHtml.do?orgId=201&tblId=DT_201004_O020003&conn_path=I2,001020003,001020,상도1동,002 계 (14210.MT0047 명),006 65세이상고령자 (14999671.ga028 명),명,official source code parents + exact complete Q2 boundary parent/name-set bijection; SGIS codes not equated to statistics codes,0,0.0,2,True,-0.36524008123725643,-0.4903575546703421
20240630,상도2동,11200540,295,subway/data/raw/2024/boundary/bnd_dong_11_2024_2Q.shp,boundary,상도2동,상도2동,11200540,20240630,동작구,11200540,27764,4668,0.16813139317101283,2024 Q2,2024-06-30,population_direct_65_plus,subway/data/raw/2024/population_direct_65_plus/201_DT_201004_O020003_2024Q2_20261006.csv,329,e48f83ca75f7f92a5a83e39834440c0f3149ace1113c3533102797e4d0338d76,DT_201004_O020003,https://stat.eseoul.go.kr/statHtml/statHtml.do?orgId=201&tblId=DT_201004_O020003&conn_path=I2,001020004,001020,상도2동,002 계 (14210.MT0047 명),006 65세이상고령자 (14999671.ga028 명),명,official source code parents + exact complete Q2 boundary parent/name-set bijection; SGIS codes not equated to statistics codes,1,0.36017864860971044,1,True,-0.37540712170196694,-0.28305706219760557
20240630,상도3동,11200550,296,subway/data/raw/2024/boundary/bnd_dong_11_2024_2Q.shp,boundary,상도3동,상도3동,11200550,20240630,동작구,11200550,24249,4987,0.20565796527691863,2024 Q2,2024-06-30,population_direct_65_plus,subway/data/raw/2024/population_direct_65_plus/201_DT_201004_O020003_2024Q2_20261006.csv,330,e48f83ca75f7f92a5a83e39834440c0f3149ace1113c3533102797e4d0338d76,DT_201004_O020003,https://stat.eseoul.go.kr/statHtml/statHtml.do?orgId=201&tblId=DT_201004_O020003&conn_path=I2,001020005,001020,상도3동,002 계 (14210.MT0047 명),006 65세이상고령자 (14999671.ga028 명),명,official source code parents + exact complete Q2 boundary parent/name-set bijection; SGIS codes not equated to statistics codes,0,0.0,0,False,0.5110704895734143,-0.4903575546703421
20240630,상도4동,11200560,104,subway/data/raw/2024/boundary/bnd_dong_11_2024_2Q.shp,boundary,상도4동,상도4동,11200560,20240630,동작구,11200560,28748,5786,0.20126617503826352,2024 Q2,2024-06-30,population_direct_65_plus,subway/data/raw/2024/population_direct_65_plus/201_DT_201004_O020003_2024Q2_20261006.csv,331,e48f83ca75f7f92a5a83e39834440c0f3149ace1113c3533102797e4d0338d76,DT_201004_O020003,https://stat.eseoul.go.kr/statHtml/statHtml.do?orgId=201&tblId=DT_201004_O020003&conn_path=I2,001020006,001020,상도4동,002 계 (14210.MT0047 명),006 65세이상고령자 (14999671.ga028 명),명,official source code parents + exact complete Q2 boundary parent/name-set bijection; SGIS codes not equated to statistics codes,0,0.0,0,False,0.40732470354749556,-0.4903575546703421
20240630,사당1동,11200630,305,subway/data/raw/2024/boundary/bnd_dong_11_2024_2Q.shp,boundary,사당1동,사당1동,11200630,20240630,동작구,11200630,22948,4112,0.179187728778107,2024 Q2,2024-06-30,population_direct_65_plus,subway/data/raw/2024/population_direct_65_plus/201_DT_201004_O020003_2024Q2_20261006.csv,333,e48f83ca75f7f92a5a83e39834440c0f3149ace1113c3533102797e4d0338d76,DT_201004_O020003,https://stat.eseoul.go.kr/statHtml/statHtml.do?orgId=201&tblId=DT_201004_O020003&conn_path=I2,001020013,001020,사당1동,002 계 (14210.MT0047 명),006 65세이상고령자 (14999671.ga028 명),명,official source code parents + exact complete Q2 boundary parent/name-set bijection; SGIS codes not equated to statistics codes,2,0.8715356458079135,2,True,-0.1142270184200763,0.011253990824956464
20240630,사당3동,11200650,207,subway/data/raw/2024/boundary/bnd_dong_11_2024_2Q.shp,boundary,사당3동,사당3동,11200650,20240630,동작구,11200650,23971,4984,0.20791790079679612,2024 Q2,2024-06-30,population_direct_65_plus,subway/data/raw/2024/population_direct_65_plus/201_DT_201004_O020003_2024Q2_20261006.csv,335,e48f83ca75f7f92a5a83e39834440c0f3149ace1113c3533102797e4d0338d76,DT_201004_O020003,https://stat.eseoul.go.kr/statHtml/statHtml.do?orgId=201&tblId=DT_201004_O020003&conn_path=I2,001020015,001020,사당3동,002 계 (14210.MT0047 명),006 65세이상고령자 (14999671.ga028 명),명,official source code parents + exact complete Q2 boundary parent/name-set bijection; SGIS codes not equated to statistics codes,0,0.0,1,True,0.5644561874635261,-0.4903575546703421
20240630,사당4동,11200660,307,subway/data/raw/2024/boundary/bnd_dong_11_2024_2Q.shp,boundary,사당4동,사당4동,11200660,20240630,동작구,11200660,13949,2999,0.21499749085955983,2024 Q2,2024-06-30,population_direct_65_plus,subway/data/raw/2024/population_direct_65_plus/201_DT_201004_O020003_2024Q2_20261006.csv,336,e48f83ca75f7f92a5a83e39834440c0f3149ace1113c3533102797e4d0338d76,DT_201004_O020003,https://stat.eseoul.go.kr/statHtml/statHtml.do?orgId=201&tblId=DT_201004_O020003&conn_path=I2,001020016,001020,사당4동,002 계 (14210.MT0047 명),006 65세이상고령자 (14999671.ga028 명),명,official source code parents + exact complete Q2 boundary parent/name-set bijection; SGIS codes not equated to statistics codes,0,0.0,0,False,0.7316949661597562,-0.4903575546703421
20240630,사당5동,11200670,209,subway/data/raw/2024/boundary/bnd_dong_11_2024_2Q.shp,boundary,사당5동,사당5동,11200670,20240630,동작구,11200670,14194,2568,0.18092151613357757,2024 Q2,2024-06-30,population_direct_65_plus,subway/data/raw/2024/population_direct_65_plus/201_DT_201004_O020003_2024Q2_20261006.csv,337,e48f83ca75f7f92a5a83e39834440c0f3149ace1113c3533102797e4d0338d76,DT_201004_O020003,https://stat.eseoul.go.kr/statHtml/statHtml.do?orgId=201&tblId=DT_201004_O020003&conn_path=I2,001020017,001020,사당5동,002 계 (14210.MT0047 명),006 65세이상고령자 (14999671.ga028 명),명,official source code parents + exact complete Q2 boundary parent/name-set bijection; SGIS codes not equated to statistics codes,0,0.0,0,False,-0.07327034193495932,-0.4903575546703421
20240630,대방동,11200680,426,subway/data/raw/2024/boundary/bnd_dong_11_2024_2Q.shp,boundary,대방동,대방동,11200680,20240630,동작구,11200680,35926,5977,0.16636976006235038,2024 Q2,2024-06-30,population_direct_65_plus,subway/data/raw/2024/population_direct_65_plus/201_DT_201004_O020003_2024Q2_20261006.csv,338,e48f83ca75f7f92a5a83e39834440c0f3149ace1113c3533102797e4d0338d76,DT_201004_O020003,https://stat.eseoul.go.kr/statHtml/statHtml.do?orgId=201&tblId=DT_201004_O020003&conn_path=I2,001020018,001020,대방동,002 계 (14210.MT0047 명),006 65세이상고령자 (14999671.ga028 명),명,official source code parents + exact complete Q2 boundary parent/name-set bijection; SGIS codes not equated to statistics codes,2,0.5566998830930245,1,True,-0.4170215890640138,-0.1699494450554083
20240630,신대방1동,11200690,311,subway/data/raw/2024/boundary/bnd_dong_11_2024_2Q.shp,boundary,신대방1동,신대방1동,11200690,20240630,동작구,11200690,25046,4475,0.17867124490936676,2024 Q2,2024-06-30,population_direct_65_plus,subway/data/raw/2024/population_direct_65_plus/201_DT_201004_O020003_2024Q2_20261006.csv,339,e48f83ca75f7f92a5a83e39834440c0f3149ace1113c3533102797e4d0338d76,DT_201004_O020003,https://stat.eseoul.go.kr/statHtml/statHtml.do?orgId=201&tblId=DT_201004_O020003&conn_path=I2,001020019,001020,신대방1동,002 계 (14210.MT0047 명),006 65세이상고령자 (14999671.ga028 명),명,official source code parents + exact complete Q2 boundary parent/name-set bijection; SGIS codes not equated to statistics codes,1,0.3992653517527749,0,False,-0.12642774341384883,-0.26056074587799777
20240630,신대방2동,11200700,211,subway/data/raw/2024/boundary/bnd_dong_11_2024_2Q.shp,boundary,신대방2동,신대방2동,11200700,20240630,동작구,11200700,22213,3627,0.16328276234637373,2024 Q2,2024-06-30,population_direct_65_plus,subway/data/raw/2024/population_direct_65_plus/201_DT_201004_O020003_2024Q2_20261006.csv,340,e48f83ca75f7f92a5a83e39834440c0f3149ace1113c3533102797e4d0338d76,DT_201004_O020003,https://stat.eseoul.go.kr/statHtml/statHtml.do?orgId=201&tblId=DT_201004_O020003&conn_path=I2,001020020,001020,신대방2동,002 계 (14210.MT0047 명),006 65세이상고령자 (14999671.ga028 명),명,official source code parents + exact complete Q2 boundary parent/name-set bijection; SGIS codes not equated to statistics codes,1,0.4501868275334264,0,False,-0.4899446994815749,-0.23125293696840823
20240630,흑석동,11200710,212,subway/data/raw/2024/boundary/bnd_dong_11_2024_2Q.shp,boundary,흑석동,흑석동,11200710,20240630,동작구,11200710,32491,5365,0.1651226493490505,2024 Q2,2024-06-30,population_direct_65_plus,subway/data/raw/2024/population_direct_65_plus/201_DT_201004_O020003_2024Q2_20261006.csv,332,e48f83ca75f7f92a5a83e39834440c0f3149ace1113c3533102797e4d0338d76,DT_201004_O020003,https://stat.eseoul.go.kr/statHtml/statHtml.do?orgId=201&tblId=DT_201004_O020003&conn_path=I2,001020021,001020,흑석동,002 계 (14210.MT0047 명),006 65세이상고령자 (14999671.ga028 명),명,official source code parents + exact complete Q2 boundary parent/name-set bijection; SGIS codes not equated to statistics codes,0,0.0,0,False,-0.4464816666592183,-0.4903575546703421
20240630,노량진1동,11200720,213,subway/data/raw/2024/boundary/bnd_dong_11_2024_2Q.shp,boundary,노량진1동,노량진1동,11200720,20240630,동작구,11200720,33440,6288,0.18803827751196173,2024 Q2,2024-06-30,population_direct_65_plus,subway/data/raw/2024/population_direct_65_plus/201_DT_201004_O020003_2024Q2_20261006.csv,326,e48f83ca75f7f92a5a83e39834440c0f3149ace1113c3533102797e4d0338d76,DT_201004_O020003,https://stat.eseoul.go.kr/statHtml/statHtml.do?orgId=201&tblId=DT_201004_O020003&conn_path=I2,001020001,001020,노량진1동,002 계 (14210.MT0047 명),006 65세이상고령자 (14999671.ga028 명),명,official source code parents + exact complete Q2 boundary parent/name-set bijection; SGIS codes not equated to statistics codes,2,0.5980861244019139,0,False,0.09484652226788678,-0.14612963164324544
20240630,사당2동,11200730,214,subway/data/raw/2024/boundary/bnd_dong_11_2024_2Q.shp,boundary,사당2동,사당2동,11200730,20240630,동작구,11200730,28426,6169,0.21701962991627383,2024 Q2,2024-06-30,population_direct_65_plus,subway/data/raw/2024/population_direct_65_plus/201_DT_201004_O020003_2024Q2_20261006.csv,334,e48f83ca75f7f92a5a83e39834440c0f3149ace1113c3533102797e4d0338d76,DT_201004_O020003,https://stat.eseoul.go.kr/statHtml/statHtml.do?orgId=201&tblId=DT_201004_O020003&conn_path=I2,001020014,001020,사당2동,002 계 (14210.MT0047 명),006 65세이상고령자 (14999671.ga028 명),명,official source code parents + exact complete Q2 boundary parent/name-set bijection; SGIS codes not equated to statistics codes,2,0.7035812284528248,1,True,0.77946327805362,-0.08541202079198743
20240630,보라매동,11210520,215,subway/data/raw/2024/boundary/bnd_dong_11_2024_2Q.shp,boundary,보라매동,보라매동,11210520,20240630,관악구,11210520,24024,4963,0.2065850815850816,2024 Q2,2024-06-30,population_direct_65_plus,subway/data/raw/2024/population_direct_65_plus/201_DT_201004_O020003_2024Q2_20261006.csv,342,e48f83ca75f7f92a5a83e39834440c0f3149ace1113c3533102797e4d0338d76,DT_201004_O020003,https://stat.eseoul.go.kr/statHtml/statHtml.do?orgId=201&tblId=DT_201004_O020003&conn_path=I2,001021028,001021,보라매동,002 계 (14210.MT0047 명),006 65세이상고령자 (14999671.ga028 명),명,official source code parents + exact complete Q2 boundary parent/name-set bijection; SGIS codes not equated to statistics codes,0,0.0,0,False,0.5329714467915508,-0.4903575546703421
20240630,청림동,11210540,312,subway/data/raw/2024/boundary/bnd_dong_11_2024_2Q.shp,boundary,청림동,청림동,11210540,20240630,관악구,11210540,14746,2990,0.20276685202766853,2024 Q2,2024-06-30,population_direct_65_plus,subway/data/raw/2024/population_direct_65_plus/201_DT_201004_O020003_2024Q2_20261006.csv,343,e48f83ca75f7f92a5a83e39834440c0f3149ace1113c3533102797e4d0338d76,DT_201004_O020003,https://stat.eseoul.go.kr/statHtml/statHtml.do?orgId=201&tblId=DT_201004_O020003&conn_path=I2,001021029,001021,청림동,002 계 (14210.MT0047 명),006 65세이상고령자 (14999671.ga028 명),명,official source code parents + exact complete Q2 boundary parent/name-set bijection; SGIS codes not equated to statistics codes,0,0.0,0,False,0.44277469213449794,-0.4903575546703421
20240630,행운동,11210570,216,subway/data/raw/2024/boundary/bnd_dong_11_2024_2Q.shp,boundary,행운동,행운동,11210570,20240630,관악구,11210570,29479,4714,0.15991044472336238,2024 Q2,2024-06-30,population_direct_65_plus,subway/data/raw/2024/population_direct_65_plus/201_DT_201004_O020003_2024Q2_20261006.csv,345,e48f83ca75f7f92a5a83e39834440c0f3149ace1113c3533102797e4d0338d76,DT_201004_O020003,https://stat.eseoul.go.kr/statHtml/statHtml.do?orgId=201&tblId=DT_201004_O020003&conn_path=I2,001021030,001021,행운동,002 계 (14210.MT0047 명),006 65세이상고령자 (14999671.ga028 명),명,official source code parents + exact complete Q2 boundary parent/name-set bijection; SGIS codes not equated to statistics codes,1,0.33922453271820613,0,False,-0.5696078262513792,-0.2951171844741667
20240630,낙성대동,11210580,217,subway/data/raw/2024/boundary/bnd_dong_11_2024_2Q.shp,boundary,낙성대동,낙성대동,11210580,20240630,관악구,11210580,17994,2143,0.11909525397354674,2024 Q2,2024-06-30,population_direct_65_plus,subway/data/raw/2024/population_direct_65_plus/201_DT_201004_O020003_2024Q2_20261006.csv,346,e48f83ca75f7f92a5a83e39834440c0f3149ace1113c3533102797e4d0338d76,DT_201004_O020003,https://stat.eseoul.go.kr/statHtml/statHtml.do?orgId=201&tblId=DT_201004_O020003&conn_path=I2,001021031,001021,낙성대동,002 계 (14210.MT0047 명),006 65세이상고령자 (14999671.ga028 명),명,official source code parents + exact complete Q2 boundary parent/name-set bijection; SGIS codes not equated to statistics codes,0,0.0,0,False,-1.5337713714197228,-0.4903575546703421
20240630,중앙동,11210610,313,subway/data/raw/2024/boundary/bnd_dong_11_2024_2Q.shp,boundary,중앙동,중앙동,11210610,20240630,관악구,11210610,15675,2543,0.1622328548644338,2024 Q2,2024-06-30,population_direct_65_plus,subway/data/raw/2024/population_direct_65_plus/201_DT_201004_O020003_2024Q2_20261006.csv,349,e48f83ca75f7f92a5a83e39834440c0f3149ace1113c3533102797e4d0338d76,DT_201004_O020003,https://stat.eseoul.go.kr/statHtml/statHtml.do?orgId=201&tblId=DT_201004_O020003&conn_path=I2,001021032,001021,중앙동,002 계 (14210.MT0047 명),006 65세이상고령자 (14999671.ga028 명),명,official source code parents + exact complete Q2 boundary parent/name-set bijection; SGIS codes not equated to statistics codes,0,0.0,0,False,-0.5147463113640462,-0.4903575546703421
20240630,인헌동,11210620,219,subway/data/raw/2024/boundary/bnd_dong_11_2024_2Q.shp,boundary,인헌동,인헌동,11210620,20240630,관악구,11210620,25614,4366,0.1704536581556961,2024 Q2,2024-06-30,population_direct_65_plus,subway/data/raw/2024/population_direct_65_plus/201_DT_201004_O020003_2024Q2_20261006.csv,350,e48f83ca75f7f92a5a83e39834440c0f3149ace1113c3533102797e4d0338d76,DT_201004_O020003,https://stat.eseoul.go.kr/statHtml/statHtml.do?orgId=201&tblId=DT_201004_O020003&conn_path=I2,001021033,001021,인헌동,002 계 (14210.MT0047 명),006 65세이상고령자 (14999671.ga028 명),명,official source code parents + exact complete Q2 boundary parent/name-set bijection; SGIS codes not equated to statistics codes,1,0.39041149371437495,1,True,-0.3205490357952474,-0.2656565757910942
20240630,남현동,11210630,314,subway/data/raw/2024/boundary/bnd_dong_11_2024_2Q.shp,boundary,남현동,남현동,11210630,20240630,관악구,11210630,17855,3127,0.17513301596191544,2024 Q2,2024-06-30,population_direct_65_plus,subway/data/raw/2024/population_direct_65_plus/201_DT_201004_O020003_2024Q2_20261006.csv,351,e48f83ca75f7f92a5a83e39834440c0f3149ace1113c3533102797e4d0338d76,DT_201004_O020003,https://stat.eseoul.go.kr/statHtml/statHtml.do?orgId=201&tblId=DT_201004_O020003&conn_path=I2,001021013,001021,남현동,002 계 (14210.MT0047 명),006 65세이상고령자 (14999671.ga028 명),명,official source code parents + exact complete Q2 boundary parent/name-set bijection; SGIS codes not equated to statistics codes,0,0.0,0,False,-0.2100101376871704,-0.4903575546703421
20240630,서원동,11210640,221,subway/data/raw/2024/boundary/bnd_dong_11_2024_2Q.shp,boundary,서원동,서원동,11210640,20240630,관악구,11210640,23905,3585,0.14996862581049988,2024 Q2,2024-06-30,population_direct_65_plus,subway/data/raw/2024/population_direct_65_plus/201_DT_201004_O020003_2024Q2_20261006.csv,352,e48f83ca75f7f92a5a83e39834440c0f3149ace1113c3533102797e4d0338d76,DT_201004_O020003,https://stat.eseoul.go.kr/statHtml/statHtml.do?orgId=201&tblId=DT_201004_O020003&conn_path=I2,001021034,001021,서원동,002 계 (14210.MT0047 명),006 65세이상고령자 (14999671.ga028 명),명,official source code parents + exact complete Q2 boundary parent/name-set bijection; SGIS codes not equated to statistics codes,1,0.4183225266680611,0,False,-0.8044600759248782,-0.24959240624896348
20240630,신원동,11210650,315,subway/data/raw/2024/boundary/bnd_dong_11_2024_2Q.shp,boundary,신원동,신원동,11210650,20240630,관악구,11210650,18458,3517,0.19054068696500162,2024 Q2,2024-06-30,population_direct_65_plus,subway/data/raw/2024/population_direct_65_plus/201_DT_201004_O020003_2024Q2_20261006.csv,353,e48f83ca75f7f92a5a83e39834440c0f3149ace1113c3533102797e4d0338d76,DT_201004_O020003,https://stat.eseoul.go.kr/statHtml/statHtml.do?orgId=201&tblId=DT_201004_O020003&conn_path=I2,001021035,001021,신원동,002 계 (14210.MT0047 명),006 65세이상고령자 (14999671.ga028 명),명,official source code parents + exact complete Q2 boundary parent/name-set bijection; SGIS codes not equated to statistics codes,1,0.5417705060136526,0,False,0.15396010045731662,-0.17854203440741784
20240630,서림동,11210660,224,subway/data/raw/2024/boundary/bnd_dong_11_2024_2Q.shp,boundary,서림동,서림동,11210660,20240630,관악구,11210660,24759,3899,0.1574780887757987,2024 Q2,2024-06-30,population_direct_65_plus,subway/data/raw/2024/population_direct_65_plus/201_DT_201004_O020003_2024Q2_20261006.csv,354,e48f83ca75f7f92a5a83e39834440c0f3149ace1113c3533102797e4d0338d76,DT_201004_O020003,https://stat.eseoul.go.kr/statHtml/statHtml.do?orgId=201&tblId=DT_201004_O020003&conn_path=I2,001021036,001021,서림동,002 계 (14210.MT0047 명),006 65세이상고령자 (14999671.ga028 명),명,official source code parents + exact complete Q2 boundary parent/name-set bijection; SGIS codes not equated to statistics codes,0,0.0,0,False,-0.6270665540052095,-0.4903575546703421
20240630,신사동,11210680,321,subway/data/raw/2024/boundary/bnd_dong_11_2024_2Q.shp,boundary,신사동,신사동,11210680,20240630,관악구,11210680,24410,3929,0.16095862351495288,2024 Q2,2024-06-30,population_direct_65_plus,subway/data/raw/2024/population_direct_65_plus/201_DT_201004_O020003_2024Q2_20261006.csv,355,e48f83ca75f7f92a5a83e39834440c0f3149ace1113c3533102797e4d0338d76,DT_201004_O020003,https://stat.eseoul.go.kr/statHtml/statHtml.do?orgId=201&tblId=DT_201004_O020003&conn_path=I2,001021037,001021,신사동,002 계 (14210.MT0047 명),006 65세이상고령자 (14999671.ga028 명),명,official source code parents + exact complete Q2 boundary parent/name-set bijection; SGIS codes not equated to statistics codes,0,0.0,1,True,-0.5448470506405306,-0.4903575546703421
20240630,신림동,11210690,322,subway/data/raw/2024/boundary/bnd_dong_11_2024_2Q.shp,boundary,신림동,신림동,11210690,20240630,관악구,11210690,23981,2115,0.08819482089987907,2024 Q2,2024-06-30,population_direct_65_plus,subway/data/raw/2024/population_direct_65_plus/201_DT_201004_O020003_2024Q2_20261006.csv,356,e48f83ca75f7f92a5a83e39834440c0f3149ace1113c3533102797e4d0338d76,DT_201004_O020003,https://stat.eseoul.go.kr/statHtml/statHtml.do?orgId=201&tblId=DT_201004_O020003&conn_path=I2,001021038,001021,신림동,002 계 (14210.MT0047 명),006 65세이상고령자 (14999671.ga028 명),명,official source code parents + exact complete Q2 boundary parent/name-set bijection; SGIS codes not equated to statistics codes,2,0.8339935782494474,1,True,-2.2637219254221965,-0.010353311893722662
20240630,난향동,11210710,323,subway/data/raw/2024/boundary/bnd_dong_11_2024_2Q.shp,boundary,난향동,난향동,11210710,20240630,관악구,11210710,14811,3031,0.20464519613800553,2024 Q2,2024-06-30,population_direct_65_plus,subway/data/raw/2024/population_direct_65_plus/201_DT_201004_O020003_2024Q2_20261006.csv,357,e48f83ca75f7f92a5a83e39834440c0f3149ace1113c3533102797e4d0338d76,DT_201004_O020003,https://stat.eseoul.go.kr/statHtml/statHtml.do?orgId=201&tblId=DT_201004_O020003&conn_path=I2,001021039,001021,난향동,002 계 (14210.MT0047 명),006 65세이상고령자 (14999671.ga028 명),명,official source code parents + exact complete Q2 boundary parent/name-set bijection; SGIS codes not equated to statistics codes,0,0.0,0,False,0.48714618429705203,-0.4903575546703421
20240630,조원동,11210720,324,subway/data/raw/2024/boundary/bnd_dong_11_2024_2Q.shp,boundary,조원동,조원동,11210720,20240630,관악구,11210720,21113,3341,0.1582437360867712,2024 Q2,2024-06-30,population_direct_65_plus,subway/data/raw/2024/population_direct_65_plus/201_DT_201004_O020003_2024Q2_20261006.csv,358,e48f83ca75f7f92a5a83e39834440c0f3149ace1113c3533102797e4d0338d76,DT_201004_O020003,https://stat.eseoul.go.kr/statHtml/statHtml.do?orgId=201&tblId=DT_201004_O020003&conn_path=I2,001021040,001021,조원동,002 계 (14210.MT0047 명),006 65세이상고령자 (14999671.ga028 명),명,official source code parents + exact complete Q2 boundary parent/name-set bijection; SGIS codes not equated to statistics codes,1,0.4736418320466063,0,False,-0.6089799246857277,-0.21775343052819957
20240630,대학동,11210730,229,subway/data/raw/2024/boundary/bnd_dong_11_2024_2Q.shp,boundary,대학동,대학동,11210730,20240630,관악구,11210730,27453,3372,0.12282810621789968,2024 Q2,2024-06-30,population_direct_65_plus,subway/data/raw/2024/population_direct_65_plus/201_DT_201004_O020003_2024Q2_20261006.csv,359,e48f83ca75f7f92a5a83e39834440c0f3149ace1113c3533102797e4d0338d76,DT_201004_O020003,https://stat.eseoul.go.kr/statHtml/statHtml.do?orgId=201&tblId=DT_201004_O020003&conn_path=I2,001021041,001021,대학동,002 계 (14210.MT0047 명),006 65세이상고령자 (14999671.ga028 명),명,official source code parents + exact complete Q2 boundary parent/name-set bijection; SGIS codes not equated to statistics codes,2,0.7285178304739008,0,False,-1.4455914563590246,-0.07105978225836121
20240630,은천동,11210780,230,subway/data/raw/2024/boundary/bnd_dong_11_2024_2Q.shp,boundary,은천동,은천동,11210780,20240630,관악구,11210780,32727,6422,0.1962294130228863,2024 Q2,2024-06-30,population_direct_65_plus,subway/data/raw/2024/population_direct_65_plus/201_DT_201004_O020003_2024Q2_20261006.csv,348,e48f83ca75f7f92a5a83e39834440c0f3149ace1113c3533102797e4d0338d76,DT_201004_O020003,https://stat.eseoul.go.kr/statHtml/statHtml.do?orgId=201&tblId=DT_201004_O020003&conn_path=I2,001021042,001021,은천동,002 계 (14210.MT0047 명),006 65세이상고령자 (14999671.ga028 명),명,official source code parents + exact complete Q2 boundary parent/name-set bijection; SGIS codes not equated to statistics codes,0,0.0,0,False,0.2883429658243344,-0.4903575546703421
20240630,성현동,11210790,231,subway/data/raw/2024/boundary/bnd_dong_11_2024_2Q.shp,boundary,성현동,성현동,11210790,20240630,관악구,11210790,28297,5890,0.20814927377460507,2024 Q2,2024-06-30,population_direct_65_plus,subway/data/raw/2024/population_direct_65_plus/201_DT_201004_O020003_2024Q2_20261006.csv,344,e48f83ca75f7f92a5a83e39834440c0f3149ace1113c3533102797e4d0338d76,DT_201004_O020003,https://stat.eseoul.go.kr/statHtml/statHtml.do?orgId=201&tblId=DT_201004_O020003&conn_path=I2,001021043,001021,성현동,002 계 (14210.MT0047 명),006 65세이상고령자 (14999671.ga028 명),명,official source code parents + exact complete Q2 boundary parent/name-set bijection; SGIS codes not equated to statistics codes,0,0.0,0,False,0.5699218336222776,-0.4903575546703421
20240630,청룡동,11210800,232,subway/data/raw/2024/boundary/bnd_dong_11_2024_2Q.shp,boundary,청룡동,청룡동,11210800,20240630,관악구,11210800,37038,5051,0.13637345429018846,2024 Q2,2024-06-30,population_direct_65_plus,subway/data/raw/2024/population_direct_65_plus/201_DT_201004_O020003_2024Q2_20261006.csv,347,e48f83ca75f7f92a5a83e39834440c0f3149ace1113c3533102797e4d0338d76,DT_201004_O020003,https://stat.eseoul.go.kr/statHtml/statHtml.do?orgId=201&tblId=DT_201004_O020003&conn_path=I2,001021044,001021,청룡동,002 계 (14210.MT0047 명),006 65세이상고령자 (14999671.ga028 명),명,official source code parents + exact complete Q2 boundary parent/name-set bijection; SGIS codes not equated to statistics codes,3,0.8099789405475457,2,True,-1.125614247432808,-0.024174914704923712
20240630,난곡동,11210810,233,subway/data/raw/2024/boundary/bnd_dong_11_2024_2Q.shp,boundary,난곡동,난곡동,11210810,20240630,관악구,11210810,25597,5932,0.23174590772356135,2024 Q2,2024-06-30,population_direct_65_plus,subway/data/raw/2024/population_direct_65_plus/201_DT_201004_O020003_2024Q2_20261006.csv,362,e48f83ca75f7f92a5a83e39834440c0f3149ace1113c3533102797e4d0338d76,DT_201004_O020003,https://stat.eseoul.go.kr/statHtml/statHtml.do?orgId=201&tblId=DT_201004_O020003&conn_path=I2,001021045,001021,난곡동,002 계 (14210.MT0047 명),006 65세이상고령자 (14999671.ga028 명),명,official source code parents + exact complete Q2 boundary parent/name-set bijection; SGIS codes not equated to statistics codes,1,0.39067078173223424,0,False,1.127337193548487,-0.2655073428090671
20240630,삼성동,11210820,234,subway/data/raw/2024/boundary/bnd_dong_11_2024_2Q.shp,boundary,삼성동,삼성동,11210820,20240630,관악구,11210820,19885,5835,0.2934372642695499,2024 Q2,2024-06-30,population_direct_65_plus,subway/data/raw/2024/population_direct_65_plus/201_DT_201004_O020003_2024Q2_20261006.csv,360,e48f83ca75f7f92a5a83e39834440c0f3149ace1113c3533102797e4d0338d76,DT_201004_O020003,https://stat.eseoul.go.kr/statHtml/statHtml.do?orgId=201&tblId=DT_201004_O020003&conn_path=I2,001021046,001021,삼성동,002 계 (14210.MT0047 명),006 65세이상고령자 (14999671.ga028 명),명,official source code parents + exact complete Q2 boundary parent/name-set bijection; SGIS codes not equated to statistics codes,0,0.0,0,False,2.5846513930146084,-0.4903575546703421
20240630,미성동,11210830,235,subway/data/raw/2024/boundary/bnd_dong_11_2024_2Q.shp,boundary,미성동,미성동,11210830,20240630,관악구,11210830,29811,6502,0.21810741001643688,2024 Q2,2024-06-30,population_direct_65_plus,subway/data/raw/2024/population_direct_65_plus/201_DT_201004_O020003_2024Q2_20261006.csv,361,e48f83ca75f7f92a5a83e39834440c0f3149ace1113c3533102797e4d0338d76,DT_201004_O020003,https://stat.eseoul.go.kr/statHtml/statHtml.do?orgId=201&tblId=DT_201004_O020003&conn_path=I2,001021047,001021,미성동,002 계 (14210.MT0047 명),006 65세이상고령자 (14999671.ga028 명),명,official source code parents + exact complete Q2 boundary parent/name-set bijection; SGIS codes not equated to statistics codes,0,0.0,0,False,0.8051595420785903,-0.4903575546703421
20240630,서초1동,11220510,325,subway/data/raw/2024/boundary/bnd_dong_11_2024_2Q.shp,boundary,서초1동,서초1동,11220510,20240630,서초구,11220510,20470,3344,0.16336101612115292,2024 Q2,2024-06-30,population_direct_65_plus,subway/data/raw/2024/population_direct_65_plus/201_DT_201004_O020003_2024Q2_20261006.csv,364,e48f83ca75f7f92a5a83e39834440c0f3149ace1113c3533102797e4d0338d76,DT_201004_O020003,https://stat.eseoul.go.kr/statHtml/statHtml.do?orgId=201&tblId=DT_201004_O020003&conn_path=I2,001022001,001022,서초1동,002 계 (14210.MT0047 명),006 65세이상고령자 (14999671.ga028 명),명,official source code parents + exact complete Q2 boundary parent/name-set bijection; SGIS codes not equated to statistics codes,1,0.48851978505129456,2,True,-0.4880961368379164,-0.2091904382554395
20240630,서초2동,11220520,326,subway/data/raw/2024/boundary/bnd_dong_11_2024_2Q.shp,boundary,서초2동,서초2동,11220520,20240630,서초구,11220520,25186,3252,0.12911935202096403,2024 Q2,2024-06-30,population_direct_65_plus,subway/data/raw/2024/population_direct_65_plus/201_DT_201004_O020003_2024Q2_20261006.csv,365,e48f83ca75f7f92a5a83e39834440c0f3149ace1113c3533102797e4d0338d76,DT_201004_O020003,https://stat.eseoul.go.kr/statHtml/statHtml.do?orgId=201&tblId=DT_201004_O020003&conn_path=I2,001022002,001022,서초2동,002 계 (14210.MT0047 명),006 65세이상고령자 (14999671.ga028 명),명,official source code parents + exact complete Q2 boundary parent/name-set bijection; SGIS codes not equated to statistics codes,3,1.191137933772731,0,False,-1.296975469380319,0.1952007959625162
20240630,서초3동,11220530,237,subway/data/raw/2024/boundary/bnd_dong_11_2024_2Q.shp,boundary,서초3동,서초3동,11220530,20240630,서초구,11220530,32434,5346,0.16482703336005428,2024 Q2,2024-06-30,population_direct_65_plus,subway/data/raw/2024/population_direct_65_plus/201_DT_201004_O020003_2024Q2_20261006.csv,366,e48f83ca75f7f92a5a83e39834440c0f3149ace1113c3533102797e4d0338d76,DT_201004_O020003,https://stat.eseoul.go.kr/statHtml/statHtml.do?orgId=201&tblId=DT_201004_O020003&conn_path=I2,001022003,001022,서초3동,002 계 (14210.MT0047 명),006 65세이상고령자 (14999671.ga028 명),명,official source code parents + exact complete Q2 boundary parent/name-set bijection; SGIS codes not equated to statistics codes,5,1.5415921563791084,2,True,-0.45346490389817024,0.39690440392450527
20240630,서초4동,11220540,327,subway/data/raw/2024/boundary/bnd_dong_11_2024_2Q.shp,boundary,서초4동,서초4동,11220540,20240630,서초구,11220540,30495,4593,0.15061485489424495,2024 Q2,2024-06-30,population_direct_65_plus,subway/data/raw/2024/population_direct_65_plus/201_DT_201004_O020003_2024Q2_20261006.csv,367,e48f83ca75f7f92a5a83e39834440c0f3149ace1113c3533102797e4d0338d76,DT_201004_O020003,https://stat.eseoul.go.kr/statHtml/statHtml.do?orgId=201&tblId=DT_201004_O020003&conn_path=I2,001022004,001022,서초4동,002 계 (14210.MT0047 명),006 65세이상고령자 (14999671.ga028 명),명,official source code parents + exact complete Q2 boundary parent/name-set bijection; SGIS codes not equated to statistics codes,0,0.0,1,True,-0.789194423286042,-0.4903575546703421
20240630,잠원동,11220550,328,subway/data/raw/2024/boundary/bnd_dong_11_2024_2Q.shp,boundary,잠원동,잠원동,11220550,20240630,서초구,11220550,26941,3693,0.13707731710033036,2024 Q2,2024-06-30,population_direct_65_plus,subway/data/raw/2024/population_direct_65_plus/201_DT_201004_O020003_2024Q2_20261006.csv,368,e48f83ca75f7f92a5a83e39834440c0f3149ace1113c3533102797e4d0338d76,DT_201004_O020003,https://stat.eseoul.go.kr/statHtml/statHtml.do?orgId=201&tblId=DT_201004_O020003&conn_path=I2,001022005,001022,잠원동,002 계 (14210.MT0047 명),006 65세이상고령자 (14999671.ga028 명),명,official source code parents + exact complete Q2 boundary parent/name-set bijection; SGIS codes not equated to statistics codes,2,0.7423629412419731,1,True,-1.1089871326289495,-0.06309124139221174
20240630,반포본동,11220560,329,subway/data/raw/2024/boundary/bnd_dong_11_2024_2Q.shp,boundary,반포본동,반포본동,11220560,20240630,서초구,11220560,235,37,0.1574468085106383,2024 Q2,2024-06-30,population_direct_65_plus,subway/data/raw/2024/population_direct_65_plus/201_DT_201004_O020003_2024Q2_20261006.csv,369,e48f83ca75f7f92a5a83e39834440c0f3149ace1113c3533102797e4d0338d76,DT_201004_O020003,https://stat.eseoul.go.kr/statHtml/statHtml.do?orgId=201&tblId=DT_201004_O020003&conn_path=I2,001022006,001022,반포본동,002 계 (14210.MT0047 명),006 65세이상고령자 (14999671.ga028 명),명,official source code parents + exact complete Q2 boundary parent/name-set bijection; SGIS codes not equated to statistics codes,0,0.0,0,False,-0.6278054772050474,-0.4903575546703421
20240630,반포1동,11220570,225,subway/data/raw/2024/boundary/bnd_dong_11_2024_2Q.shp,boundary,반포1동,반포1동,11220570,20240630,서초구,11220570,34191,4428,0.12950776520136878,2024 Q2,2024-06-30,population_direct_65_plus,subway/data/raw/2024/population_direct_65_plus/201_DT_201004_O020003_2024Q2_20261006.csv,370,e48f83ca75f7f92a5a83e39834440c0f3149ace1113c3533102797e4d0338d76,DT_201004_O020003,https://stat.eseoul.go.kr/statHtml/statHtml.do?orgId=201&tblId=DT_201004_O020003&conn_path=I2,001022007,001022,반포1동,002 계 (14210.MT0047 명),006 65세이상고령자 (14999671.ga028 명),명,official source code parents + exact complete Q2 boundary parent/name-set bijection; SGIS codes not equated to statistics codes,2,0.5849492556520722,1,True,-1.2878001152504146,-0.15369054446221386
20240630,반포2동,11220580,331,subway/data/raw/2024/boundary/bnd_dong_11_2024_2Q.shp,boundary,반포2동,반포2동,11220580,20240630,서초구,11220580,24641,3571,0.14492106651515765,2024 Q2,2024-06-30,population_direct_65_plus,subway/data/raw/2024/population_direct_65_plus/201_DT_201004_O020003_2024Q2_20261006.csv,371,e48f83ca75f7f92a5a83e39834440c0f3149ace1113c3533102797e4d0338d76,DT_201004_O020003,https://stat.eseoul.go.kr/statHtml/statHtml.do?orgId=201&tblId=DT_201004_O020003&conn_path=I2,001022008,001022,반포2동,002 계 (14210.MT0047 명),006 65세이상고령자 (14999671.ga028 명),명,official source code parents + exact complete Q2 boundary parent/name-set bijection; SGIS codes not equated to statistics codes,1,0.4058276855647093,0,False,-0.9236968741668802,-0.2567838006419724
20240630,반포3동,11220590,332,subway/data/raw/2024/boundary/bnd_dong_11_2024_2Q.shp,boundary,반포3동,반포3동,11220590,20240630,서초구,11220590,23885,3517,0.1472472262926523,2024 Q2,2024-06-30,population_direct_65_plus,subway/data/raw/2024/population_direct_65_plus/201_DT_201004_O020003_2024Q2_20261006.csv,372,e48f83ca75f7f92a5a83e39834440c0f3149ace1113c3533102797e4d0338d76,DT_201004_O020003,https://stat.eseoul.go.kr/statHtml/statHtml.do?orgId=201&tblId=DT_201004_O020003&conn_path=I2,001022009,001022,반포3동,002 계 (14210.MT0047 명),006 65세이상고령자 (14999671.ga028 명),명,official source code parents + exact complete Q2 boundary parent/name-set bijection; SGIS codes not equated to statistics codes,2,0.8373456144023446,0,False,-0.8687467828774655,-0.008424050545321733
20240630,반포4동,11220600,247,subway/data/raw/2024/boundary/bnd_dong_11_2024_2Q.shp,boundary,반포4동,반포4동,11220600,20240630,서초구,11220600,19325,3245,0.16791720569210866,2024 Q2,2024-06-30,population_direct_65_plus,subway/data/raw/2024/population_direct_65_plus/201_DT_201004_O020003_2024Q2_20261006.csv,373,e48f83ca75f7f92a5a83e39834440c0f3149ace1113c3533102797e4d0338d76,DT_201004_O020003,https://stat.eseoul.go.kr/statHtml/statHtml.do?orgId=201&tblId=DT_201004_O020003&conn_path=I2,001022010,001022,반포4동,002 계 (14210.MT0047 명),006 65세이상고령자 (14999671.ga028 명),명,official source code parents + exact complete Q2 boundary parent/name-set bijection; SGIS codes not equated to statistics codes,1,0.517464424320828,2,True,-0.38046680059105425,-0.19253137754159405
20240630,방배본동,11220610,334,subway/data/raw/2024/boundary/bnd_dong_11_2024_2Q.shp,boundary,방배본동,방배본동,11220610,20240630,서초구,11220610,20167,3361,0.16665840234045717,2024 Q2,2024-06-30,population_direct_65_plus,subway/data/raw/2024/population_direct_65_plus/201_DT_201004_O020003_2024Q2_20261006.csv,374,e48f83ca75f7f92a5a83e39834440c0f3149ace1113c3533102797e4d0338d76,DT_201004_O020003,https://stat.eseoul.go.kr/statHtml/statHtml.do?orgId=201&tblId=DT_201004_O020003&conn_path=I2,001022011,001022,방배본동,002 계 (14210.MT0047 명),006 65세이상고령자 (14999671.ga028 명),명,official source code parents + exact complete Q2 boundary parent/name-set bijection; SGIS codes not equated to statistics codes,1,0.49585957256904845,0,False,-0.41020308945560097,-0.20496603024861076
20240630,방배1동,11220620,335,subway/data/raw/2024/boundary/bnd_dong_11_2024_2Q.shp,boundary,방배1동,방배1동,11220620,20240630,서초구,11220620,16583,3232,0.19489838991738528,2024 Q2,2024-06-30,population_direct_65_plus,subway/data/raw/2024/population_direct_65_plus/201_DT_201004_O020003_2024Q2_20261006.csv,375,e48f83ca75f7f92a5a83e39834440c0f3149ace1113c3533102797e4d0338d76,DT_201004_O020003,https://stat.eseoul.go.kr/statHtml/statHtml.do?orgId=201&tblId=DT_201004_O020003&conn_path=I2,001022012,001022,방배1동,002 계 (14210.MT0047 명),006 65세이상고령자 (14999671.ga028 명),명,official source code parents + exact complete Q2 boundary parent/name-set bijection; SGIS codes not equated to statistics codes,1,0.6030271965265633,2,True,0.25690065396630074,-0.14328580209161354
20240630,방배2동,11220630,250,subway/data/raw/2024/boundary/bnd_dong_11_2024_2Q.shp,boundary,방배2동,방배2동,11220630,20240630,서초구,11220630,18110,3764,0.20784097183876313,2024 Q2,2024-06-30,population_direct_65_plus,subway/data/raw/2024/population_direct_65_plus/201_DT_201004_O020003_2024Q2_20261006.csv,376,e48f83ca75f7f92a5a83e39834440c0f3149ace1113c3533102797e4d0338d76,DT_201004_O020003,https://stat.eseoul.go.kr/statHtml/statHtml.do?orgId=201&tblId=DT_201004_O020003&conn_path=I2,001022013,001022,방배2동,002 계 (14210.MT0047 명),006 65세이상고령자 (14999671.ga028 명),명,official source code parents + exact complete Q2 boundary parent/name-set bijection; SGIS codes not equated to statistics codes,2,1.1043622308117063,2,True,0.562638920520984,0.1452571193233692
20240630,방배3동,11220640,336,subway/data/raw/2024/boundary/bnd_dong_11_2024_2Q.shp,boundary,방배3동,방배3동,11220640,20240630,서초구,11220640,15985,3162,0.19781044729433844,2024 Q2,2024-06-30,population_direct_65_plus,subway/data/raw/2024/population_direct_65_plus/201_DT_201004_O020003_2024Q2_20261006.csv,377,e48f83ca75f7f92a5a83e39834440c0f3149ace1113c3533102797e4d0338d76,DT_201004_O020003,https://stat.eseoul.go.kr/statHtml/statHtml.do?orgId=201&tblId=DT_201004_O020003&conn_path=I2,001022014,001022,방배3동,002 계 (14210.MT0047 명),006 65세이상고령자 (14999671.ga028 명),명,official source code parents + exact complete Q2 boundary parent/name-set bijection; SGIS codes not equated to statistics codes,0,0.0,0,False,0.3256912075008194,-0.4903575546703421
20240630,방배4동,11220650,87,subway/data/raw/2024/boundary/bnd_dong_11_2024_2Q.shp,boundary,방배4동,방배4동,11220650,20240630,서초구,11220650,22960,3824,0.16655052264808362,2024 Q2,2024-06-30,population_direct_65_plus,subway/data/raw/2024/population_direct_65_plus/201_DT_201004_O020003_2024Q2_20261006.csv,378,e48f83ca75f7f92a5a83e39834440c0f3149ace1113c3533102797e4d0338d76,DT_201004_O020003,https://stat.eseoul.go.kr/statHtml/statHtml.do?orgId=201&tblId=DT_201004_O020003&conn_path=I2,001022015,001022,방배4동,002 계 (14210.MT0047 명),006 65세이상고령자 (14999671.ga028 명),명,official source code parents + exact complete Q2 boundary parent/name-set bijection; SGIS codes not equated to statistics codes,0,0.0,1,True,-0.41275149520208215,-0.4903575546703421
20240630,양재1동,11220660,88,subway/data/raw/2024/boundary/bnd_dong_11_2024_2Q.shp,boundary,양재1동,양재1동,11220660,20240630,서초구,11220660,41849,7908,0.18896508877153576,2024 Q2,2024-06-30,population_direct_65_plus,subway/data/raw/2024/population_direct_65_plus/201_DT_201004_O020003_2024Q2_20261006.csv,379,e48f83ca75f7f92a5a83e39834440c0f3149ace1113c3533102797e4d0338d76,DT_201004_O020003,https://stat.eseoul.go.kr/statHtml/statHtml.do?orgId=201&tblId=DT_201004_O020003&conn_path=I2,001022016,001022,양재1동,002 계 (14210.MT0047 명),006 65세이상고령자 (14999671.ga028 명),명,official source code parents + exact complete Q2 boundary parent/name-set bijection; SGIS codes not equated to statistics codes,0,0.0,0,False,0.1167402734256434,-0.4903575546703421
20240630,양재2동,11220670,89,subway/data/raw/2024/boundary/bnd_dong_11_2024_2Q.shp,boundary,양재2동,양재2동,11220670,20240630,서초구,11220670,21450,3321,0.15482517482517483,2024 Q2,2024-06-30,population_direct_65_plus,subway/data/raw/2024/population_direct_65_plus/201_DT_201004_O020003_2024Q2_20261006.csv,380,e48f83ca75f7f92a5a83e39834440c0f3149ace1113c3533102797e4d0338d76,DT_201004_O020003,https://stat.eseoul.go.kr/statHtml/statHtml.do?orgId=201&tblId=DT_201004_O020003&conn_path=I2,001022017,001022,양재2동,002 계 (14210.MT0047 명),006 65세이상고령자 (14999671.ga028 명),명,official source code parents + exact complete Q2 boundary parent/name-set bijection; SGIS codes not equated to statistics codes,2,0.9324009324009324,0,False,-0.6897354494010155,0.046284950971900836
20240630,내곡동,11220680,90,subway/data/raw/2024/boundary/bnd_dong_11_2024_2Q.shp,boundary,내곡동,내곡동,11220680,20240630,서초구,11220680,17052,3593,0.2107084212995543,2024 Q2,2024-06-30,population_direct_65_plus,subway/data/raw/2024/population_direct_65_plus/201_DT_201004_O020003_2024Q2_20261006.csv,381,e48f83ca75f7f92a5a83e39834440c0f3149ace1113c3533102797e4d0338d76,DT_201004_O020003,https://stat.eseoul.go.kr/statHtml/statHtml.do?orgId=201&tblId=DT_201004_O020003&conn_path=I2,001022018,001022,내곡동,002 계 (14210.MT0047 명),006 65세이상고령자 (14999671.ga028 명),명,official source code parents + exact complete Q2 boundary parent/name-set bijection; SGIS codes not equated to statistics codes,0,0.0,0,False,0.630375716231536,-0.4903575546703421
20240630,신사동,11230510,337,subway/data/raw/2024/boundary/bnd_dong_11_2024_2Q.shp,boundary,신사동,신사동,11230510,20240630,강남구,11230510,15592,3189,0.20452796305797846,2024 Q2,2024-06-30,population_direct_65_plus,subway/data/raw/2024/population_direct_65_plus/201_DT_201004_O020003_2024Q2_20261006.csv,383,e48f83ca75f7f92a5a83e39834440c0f3149ace1113c3533102797e4d0338d76,DT_201004_O020003,https://stat.eseoul.go.kr/statHtml/statHtml.do?orgId=201&tblId=DT_201004_O020003&conn_path=I2,001023001,001023,신사동,002 계 (14210.MT0047 명),006 65세이상고령자 (14999671.ga028 명),명,official source code parents + exact complete Q2 boundary parent/name-set bijection; SGIS codes not equated to statistics codes,1,0.6413545407901488,1,True,0.4843768266149393,-0.12122653408202402
20240630,개포3동,11230511,338,subway/data/raw/2024/boundary/bnd_dong_11_2024_2Q.shp,boundary,개포3동,개포3동,11230511,20240630,강남구,11230511,16788,3726,0.22194424588992137,2024 Q2,2024-06-30,population_direct_65_plus,subway/data/raw/2024/population_direct_65_plus/201_DT_201004_O020003_2024Q2_20261006.csv,399,e48f83ca75f7f92a5a83e39834440c0f3149ace1113c3533102797e4d0338d76,DT_201004_O020003,https://stat.eseoul.go.kr/statHtml/statHtml.do?orgId=201&tblId=DT_201004_O020003&conn_path=I2,001023020,001023,개포3동,002 계 (14210.MT0047 명),006 65세이상고령자 (14999671.ga028 명),명,official source code parents + exact complete Q2 boundary parent/name-set bijection; SGIS codes not equated to statistics codes,0,0.0,1,True,0.8957958274921184,-0.4903575546703421
20240630,논현1동,11230520,339,subway/data/raw/2024/boundary/bnd_dong_11_2024_2Q.shp,boundary,논현1동,논현1동,11230520,20240630,강남구,11230520,21536,3094,0.14366641901931648,2024 Q2,2024-06-30,population_direct_65_plus,subway/data/raw/2024/population_direct_65_plus/201_DT_201004_O020003_2024Q2_20261006.csv,384,e48f83ca75f7f92a5a83e39834440c0f3149ace1113c3533102797e4d0338d76,DT_201004_O020003,https://stat.eseoul.go.kr/statHtml/statHtml.do?orgId=201&tblId=DT_201004_O020003&conn_path=I2,001023002,001023,논현1동,002 계 (14210.MT0047 명),006 65세이상고령자 (14999671.ga028 명),명,official source code parents + exact complete Q2 boundary parent/name-set bijection; SGIS codes not equated to statistics codes,1,0.4643387815750371,1,True,-0.9533349906451738,-0.2231077927362292
20240630,논현2동,11230530,341,subway/data/raw/2024/boundary/bnd_dong_11_2024_2Q.shp,boundary,논현2동,논현2동,11230530,20240630,강남구,11230530,20654,3267,0.15817759271811754,2024 Q2,2024-06-30,population_direct_65_plus,subway/data/raw/2024/population_direct_65_plus/201_DT_201004_O020003_2024Q2_20261006.csv,385,e48f83ca75f7f92a5a83e39834440c0f3149ace1113c3533102797e4d0338d76,DT_201004_O020003,https://stat.eseoul.go.kr/statHtml/statHtml.do?orgId=201&tblId=DT_201004_O020003&conn_path=I2,001023003,001023,논현2동,002 계 (14210.MT0047 명),006 65세이상고령자 (14999671.ga028 명),명,official source code parents + exact complete Q2 boundary parent/name-set bijection; SGIS codes not equated to statistics codes,1,0.4841677156967173,2,True,-0.6105424072722085,-0.21169526780033845
20240630,삼성1동,11230580,342,subway/data/raw/2024/boundary/bnd_dong_11_2024_2Q.shp,boundary,삼성1동,삼성1동,11230580,20240630,강남구,11230580,12311,2308,0.1874746161968971,2024 Q2,2024-06-30,population_direct_65_plus,subway/data/raw/2024/population_direct_65_plus/201_DT_201004_O020003_2024Q2_20261006.csv,388,e48f83ca75f7f92a5a83e39834440c0f3149ace1113c3533102797e4d0338d76,DT_201004_O020003,https://stat.eseoul.go.kr/statHtml/statHtml.do?orgId=201&tblId=DT_201004_O020003&conn_path=I2,001023008,001023,삼성1동,002 계 (14210.MT0047 명),006 65세이상고령자 (14999671.ga028 명),명,official source code parents + exact complete Q2 boundary parent/name-set bijection; SGIS codes not equated to statistics codes,2,1.6245633985866297,1,True,0.08153134030198055,0.4446584266492997
20240630,삼성2동,11230590,343,subway/data/raw/2024/boundary/bnd_dong_11_2024_2Q.shp,boundary,삼성2동,삼성2동,11230590,20240630,강남구,11230590,30840,4142,0.13430609597924772,2024 Q2,2024-06-30,population_direct_65_plus,subway/data/raw/2024/population_direct_65_plus/201_DT_201004_O020003_2024Q2_20261006.csv,389,e48f83ca75f7f92a5a83e39834440c0f3149ace1113c3533102797e4d0338d76,DT_201004_O020003,https://stat.eseoul.go.kr/statHtml/statHtml.do?orgId=201&tblId=DT_201004_O020003&conn_path=I2,001023009,001023,삼성2동,002 계 (14210.MT0047 명),006 65세이상고령자 (14999671.ga028 명),명,official source code parents + exact complete Q2 boundary parent/name-set bijection; SGIS codes not equated to statistics codes,3,0.972762645914397,0,False,-1.1744507585844524,0.06951509834649217
20240630,대치1동,11230600,330,subway/data/raw/2024/boundary/bnd_dong_11_2024_2Q.shp,boundary,대치1동,대치1동,11230600,20240630,강남구,11230600,23810,2837,0.11915161696766065,2024 Q2,2024-06-30,population_direct_65_plus,subway/data/raw/2024/population_direct_65_plus/201_DT_201004_O020003_2024Q2_20261006.csv,390,e48f83ca75f7f92a5a83e39834440c0f3149ace1113c3533102797e4d0338d76,DT_201004_O020003,https://stat.eseoul.go.kr/statHtml/statHtml.do?orgId=201&tblId=DT_201004_O020003&conn_path=I2,001023010,001023,대치1동,002 계 (14210.MT0047 명),006 65세이상고령자 (14999671.ga028 명),명,official source code parents + exact complete Q2 boundary parent/name-set bijection; SGIS codes not equated to statistics codes,2,0.8399832003359933,2,True,-1.5324399273367029,-0.006905990368531455
20240630,대치4동,11230630,333,subway/data/raw/2024/boundary/bnd_dong_11_2024_2Q.shp,boundary,대치4동,대치4동,11230630,20240630,강남구,11230630,18753,2146,0.11443502372953661,2024 Q2,2024-06-30,population_direct_65_plus,subway/data/raw/2024/population_direct_65_plus/201_DT_201004_O020003_2024Q2_20261006.csv,392,e48f83ca75f7f92a5a83e39834440c0f3149ace1113c3533102797e4d0338d76,DT_201004_O020003,https://stat.eseoul.go.kr/statHtml/statHtml.do?orgId=201&tblId=DT_201004_O020003&conn_path=I2,001023013,001023,대치4동,002 계 (14210.MT0047 명),006 65세이상고령자 (14999671.ga028 명),명,official source code parents + exact complete Q2 boundary parent/name-set bijection; SGIS codes not equated to statistics codes,1,0.5332480136511492,0,False,-1.6438584255488484,-0.18344714710818905
20240630,역삼1동,11230640,344,subway/data/raw/2024/boundary/bnd_dong_11_2024_2Q.shp,boundary,역삼1동,역삼1동,11230640,20240630,강남구,11230640,35457,3899,0.10996418196688947,2024 Q2,2024-06-30,population_direct_65_plus,subway/data/raw/2024/population_direct_65_plus/201_DT_201004_O020003_2024Q2_20261006.csv,393,e48f83ca75f7f92a5a83e39834440c0f3149ace1113c3533102797e4d0338d76,DT_201004_O020003,https://stat.eseoul.go.kr/statHtml/statHtml.do?orgId=201&tblId=DT_201004_O020003&conn_path=I2,001023014,001023,역삼1동,002 계 (14210.MT0047 명),006 65세이상고령자 (14999671.ga028 명),명,official source code parents + exact complete Q2 boundary parent/name-set bijection; SGIS codes not equated to statistics codes,8,2.2562540542065035,1,True,-1.7494716191801933,0.8082274069480814
20240630,역삼2동,11230650,345,subway/data/raw/2024/boundary/bnd_dong_11_2024_2Q.shp,boundary,역삼2동,역삼2동,11230650,20240630,강남구,11230650,36608,3950,0.10789991258741259,2024 Q2,2024-06-30,population_direct_65_plus,subway/data/raw/2024/population_direct_65_plus/201_DT_201004_O020003_2024Q2_20261006.csv,394,e48f83ca75f7f92a5a83e39834440c0f3149ace1113c3533102797e4d0338d76,DT_201004_O020003,https://stat.eseoul.go.kr/statHtml/statHtml.do?orgId=201&tblId=DT_201004_O020003&conn_path=I2,001023015,001023,역삼2동,002 계 (14210.MT0047 명),006 65세이상고령자 (14999671.ga028 명),명,official source code parents + exact complete Q2 boundary parent/name-set bijection; SGIS codes not equated to statistics codes,1,0.2731643356643357,1,True,-1.7982351615411432,-0.3331380705954662
20240630,도곡1동,11230660,346,subway/data/raw/2024/boundary/bnd_dong_11_2024_2Q.shp,boundary,도곡1동,도곡1동,11230660,20240630,강남구,11230660,20615,3273,0.15876788746058695,2024 Q2,2024-06-30,population_direct_65_plus,subway/data/raw/2024/population_direct_65_plus/201_DT_201004_O020003_2024Q2_20261006.csv,395,e48f83ca75f7f92a5a83e39834440c0f3149ace1113c3533102797e4d0338d76,DT_201004_O020003,https://stat.eseoul.go.kr/statHtml/statHtml.do?orgId=201&tblId=DT_201004_O020003&conn_path=I2,001023016,001023,도곡1동,002 계 (14210.MT0047 명),006 65세이상고령자 (14999671.ga028 명),명,official source code parents + exact complete Q2 boundary parent/name-set bijection; SGIS codes not equated to statistics codes,2,0.9701673538685422,2,True,-0.5965980727943374,0.06802138037822014
20240630,도곡2동,11230670,347,subway/data/raw/2024/boundary/bnd_dong_11_2024_2Q.shp,boundary,도곡2동,도곡2동,11230670,20240630,강남구,11230670,32427,5354,0.16510932247818177,2024 Q2,2024-06-30,population_direct_65_plus,subway/data/raw/2024/population_direct_65_plus/201_DT_201004_O020003_2024Q2_20261006.csv,396,e48f83ca75f7f92a5a83e39834440c0f3149ace1113c3533102797e4d0338d76,DT_201004_O020003,https://stat.eseoul.go.kr/statHtml/statHtml.do?orgId=201&tblId=DT_201004_O020003&conn_path=I2,001023017,001023,도곡2동,002 계 (14210.MT0047 명),006 65세이상고령자 (14999671.ga028 명),명,official source code parents + exact complete Q2 boundary parent/name-set bijection; SGIS codes not equated to statistics codes,1,0.308384987818793,0,False,-0.4467964828545301,-0.31286685639381157
20240630,개포1동,11230680,348,subway/data/raw/2024/boundary/bnd_dong_11_2024_2Q.shp,boundary,개포1동,개포1동,11230680,20240630,강남구,11230680,25323,4005,0.15815661651463098,2024 Q2,2024-06-30,population_direct_65_plus,subway/data/raw/2024/population_direct_65_plus/201_DT_201004_O020003_2024Q2_20261006.csv,397,e48f83ca75f7f92a5a83e39834440c0f3149ace1113c3533102797e4d0338d76,DT_201004_O020003,https://stat.eseoul.go.kr/statHtml/statHtml.do?orgId=201&tblId=DT_201004_O020003&conn_path=I2,001023018,001023,개포1동,002 계 (14210.MT0047 명),006 65세이상고령자 (14999671.ga028 명),명,official source code parents + exact complete Q2 boundary parent/name-set bijection; SGIS codes not equated to statistics codes,1,0.39489791888796744,0,False,-0.6110379210832735,-0.26307441787718744
20240630,개포4동,11230710,349,subway/data/raw/2024/boundary/bnd_dong_11_2024_2Q.shp,boundary,개포4동,개포4동,11230710,20240630,강남구,11230710,23245,3755,0.16154011615401162,2024 Q2,2024-06-30,population_direct_65_plus,subway/data/raw/2024/population_direct_65_plus/201_DT_201004_O020003_2024Q2_20261006.csv,400,e48f83ca75f7f92a5a83e39834440c0f3149ace1113c3533102797e4d0338d76,DT_201004_O020003,https://stat.eseoul.go.kr/statHtml/statHtml.do?orgId=201&tblId=DT_201004_O020003&conn_path=I2,001023021,001023,개포4동,002 계 (14210.MT0047 명),006 65세이상고령자 (14999671.ga028 명),명,official source code parents + exact complete Q2 boundary parent/name-set bijection; SGIS codes not equated to statistics codes,0,0.0,0,False,-0.531110645295746,-0.4903575546703421
20240630,일원본동,11230720,350,subway/data/raw/2024/boundary/bnd_dong_11_2024_2Q.shp,boundary,일원본동,일원본동,11230720,20240630,강남구,11230720,22693,3654,0.16101881637509363,2024 Q2,2024-06-30,population_direct_65_plus,subway/data/raw/2024/population_direct_65_plus/201_DT_201004_O020003_2024Q2_20261006.csv,402,e48f83ca75f7f92a5a83e39834440c0f3149ace1113c3533102797e4d0338d76,DT_201004_O020003,https://stat.eseoul.go.kr/statHtml/statHtml.do?orgId=201&tblId=DT_201004_O020003&conn_path=I2,001023022,001023,일원본동,002 계 (14210.MT0047 명),006 65세이상고령자 (14999671.ga028 명),명,official source code parents + exact complete Q2 boundary parent/name-set bijection; SGIS codes not equated to statistics codes,2,0.8813290441986517,1,True,-0.543425134918444,0.01689057233032386
20240630,일원1동,11230730,351,subway/data/raw/2024/boundary/bnd_dong_11_2024_2Q.shp,boundary,일원1동,일원1동,11230730,20240630,강남구,11230730,14503,3614,0.24918982279528373,2024 Q2,2024-06-30,population_direct_65_plus,subway/data/raw/2024/population_direct_65_plus/201_DT_201004_O020003_2024Q2_20261006.csv,403,e48f83ca75f7f92a5a83e39834440c0f3149ace1113c3533102797e4d0338d76,DT_201004_O020003,https://stat.eseoul.go.kr/statHtml/statHtml.do?orgId=201&tblId=DT_201004_O020003&conn_path=I2,001023023,001023,일원1동,002 계 (14210.MT0047 명),006 65세이상고령자 (14999671.ga028 명),명,official source code parents + exact complete Q2 boundary parent/name-set bijection; SGIS codes not equated to statistics codes,0,0.0,0,False,1.539408941546953,-0.4903575546703421
20240630,수서동,11230750,352,subway/data/raw/2024/boundary/bnd_dong_11_2024_2Q.shp,boundary,수서동,수서동,11230750,20240630,강남구,11230750,13918,5227,0.3755568328782871,2024 Q2,2024-06-30,population_direct_65_plus,subway/data/raw/2024/population_direct_65_plus/201_DT_201004_O020003_2024Q2_20261006.csv,404,e48f83ca75f7f92a5a83e39834440c0f3149ace1113c3533102797e4d0338d76,DT_201004_O020003,https://stat.eseoul.go.kr/statHtml/statHtml.do?orgId=201&tblId=DT_201004_O020003&conn_path=I2,001023025,001023,수서동,002 계 (14210.MT0047 명),006 65세이상고령자 (14999671.ga028 명),명,official source code parents + exact complete Q2 boundary parent/name-set bijection; SGIS codes not equated to statistics codes,0,0.0,1,True,4.524534386158594,-0.4903575546703421
20240630,세곡동,11230760,264,subway/data/raw/2024/boundary/bnd_dong_11_2024_2Q.shp,boundary,세곡동,세곡동,11230760,20240630,강남구,11230760,46368,7553,0.1628925120772947,2024 Q2,2024-06-30,population_direct_65_plus,subway/data/raw/2024/population_direct_65_plus/201_DT_201004_O020003_2024Q2_20261006.csv,401,e48f83ca75f7f92a5a83e39834440c0f3149ace1113c3533102797e4d0338d76,DT_201004_O020003,https://stat.eseoul.go.kr/statHtml/statHtml.do?orgId=201&tblId=DT_201004_O020003&conn_path=I2,001023026,001023,세곡동,002 계 (14210.MT0047 명),006 65세이상고령자 (14999671.ga028 명),명,official source code parents + exact complete Q2 boundary parent/name-set bijection; SGIS codes not equated to statistics codes,0,0.0,0,False,-0.49916345054032996,-0.4903575546703421
20240630,압구정동,11230770,353,subway/data/raw/2024/boundary/bnd_dong_11_2024_2Q.shp,boundary,압구정동,압구정동,11230770,20240630,강남구,11230770,25674,5457,0.2125496611357794,2024 Q2,2024-06-30,population_direct_65_plus,subway/data/raw/2024/population_direct_65_plus/201_DT_201004_O020003_2024Q2_20261006.csv,386,e48f83ca75f7f92a5a83e39834440c0f3149ace1113c3533102797e4d0338d76,DT_201004_O020003,https://stat.eseoul.go.kr/statHtml/statHtml.do?orgId=201&tblId=DT_201004_O020003&conn_path=I2,001023027,001023,압구정동,002 계 (14210.MT0047 명),006 65세이상고령자 (14999671.ga028 명),명,official source code parents + exact complete Q2 boundary parent/name-set bijection; SGIS codes not equated to statistics codes,3,1.1684973124561815,1,True,0.6738707065865174,0.18217000702784164
20240630,청담동,11230780,354,subway/data/raw/2024/boundary/bnd_dong_11_2024_2Q.shp,boundary,청담동,청담동,11230780,20240630,강남구,11230780,24754,3995,0.16138805849559668,2024 Q2,2024-06-30,population_direct_65_plus,subway/data/raw/2024/population_direct_65_plus/201_DT_201004_O020003_2024Q2_20261006.csv,387,e48f83ca75f7f92a5a83e39834440c0f3149ace1113c3533102797e4d0338d76,DT_201004_O020003,https://stat.eseoul.go.kr/statHtml/statHtml.do?orgId=201&tblId=DT_201004_O020003&conn_path=I2,001023028,001023,청담동,002 계 (14210.MT0047 명),006 65세이상고령자 (14999671.ga028 명),명,official source code parents + exact complete Q2 boundary parent/name-set bijection; SGIS codes not equated to statistics codes,1,0.40397511513290785,0,False,-0.5347026522988741,-0.25785004586315713
20240630,대치2동,11230790,355,subway/data/raw/2024/boundary/bnd_dong_11_2024_2Q.shp,boundary,대치2동,대치2동,11230790,20240630,강남구,11230790,38295,5731,0.14965400182791488,2024 Q2,2024-06-30,population_direct_65_plus,subway/data/raw/2024/population_direct_65_plus/201_DT_201004_O020003_2024Q2_20261006.csv,391,e48f83ca75f7f92a5a83e39834440c0f3149ace1113c3533102797e4d0338d76,DT_201004_O020003,https://stat.eseoul.go.kr/statHtml/statHtml.do?orgId=201&tblId=DT_201004_O020003&conn_path=I2,001023011,001023,대치2동,002 계 (14210.MT0047 명),006 65세이상고령자 (14999671.ga028 명),명,official source code parents + exact complete Q2 boundary parent/name-set bijection; SGIS codes not equated to statistics codes,3,0.7833920877399138,2,True,-0.811892332613413,-0.03947695357257044
20240630,개포2동,11230800,356,subway/data/raw/2024/boundary/bnd_dong_11_2024_2Q.shp,boundary,개포2동,개포2동,11230800,20240630,강남구,11230800,41972,5543,0.1320642332983894,2024 Q2,2024-06-30,population_direct_65_plus,subway/data/raw/2024/population_direct_65_plus/201_DT_201004_O020003_2024Q2_20261006.csv,398,e48f83ca75f7f92a5a83e39834440c0f3149ace1113c3533102797e4d0338d76,DT_201004_O020003,https://stat.eseoul.go.kr/statHtml/statHtml.do?orgId=201&tblId=DT_201004_O020003&conn_path=I2,001023019,001023,개포2동,002 계 (14210.MT0047 명),006 65세이상고령자 (14999671.ga028 명),명,official source code parents + exact complete Q2 boundary parent/name-set bijection; SGIS codes not equated to statistics codes,0,0.0,0,False,-1.2274095278673505,-0.4903575546703421
20240630,풍납1동,11240510,357,subway/data/raw/2024/boundary/bnd_dong_11_2024_2Q.shp,boundary,풍납1동,풍납1동,11240510,20240630,송파구,11240510,12125,2930,0.24164948453608248,2024 Q2,2024-06-30,population_direct_65_plus,subway/data/raw/2024/population_direct_65_plus/201_DT_201004_O020003_2024Q2_20261006.csv,406,e48f83ca75f7f92a5a83e39834440c0f3149ace1113c3533102797e4d0338d76,DT_201004_O020003,https://stat.eseoul.go.kr/statHtml/statHtml.do?orgId=201&tblId=DT_201004_O020003&conn_path=I2,001024001,001024,풍납1동,002 계 (14210.MT0047 명),006 65세이상고령자 (14999671.ga028 명),명,official source code parents + exact complete Q2 boundary parent/name-set bijection; SGIS codes not equated to statistics codes,0,0.0,0,False,1.3612860629274819,-0.4903575546703421
20240630,풍납2동,11240520,358,subway/data/raw/2024/boundary/bnd_dong_11_2024_2Q.shp,boundary,풍납2동,풍납2동,11240520,20240630,송파구,11240520,23584,4320,0.18317503392130258,2024 Q2,2024-06-30,population_direct_65_plus,subway/data/raw/2024/population_direct_65_plus/201_DT_201004_O020003_2024Q2_20261006.csv,407,e48f83ca75f7f92a5a83e39834440c0f3149ace1113c3533102797e4d0338d76,DT_201004_O020003,https://stat.eseoul.go.kr/statHtml/statHtml.do?orgId=201&tblId=DT_201004_O020003&conn_path=I2,001024002,001024,풍납2동,002 계 (14210.MT0047 명),006 65세이상고령자 (14999671.ga028 명),명,official source code parents + exact complete Q2 boundary parent/name-set bijection; SGIS codes not equated to statistics codes,0,0.0,1,True,-0.020036247976383866,-0.4903575546703421
20240630,거여1동,11240530,359,subway/data/raw/2024/boundary/bnd_dong_11_2024_2Q.shp,boundary,거여1동,거여1동,11240530,20240630,송파구,11240530,11936,2675,0.22411193029490617,2024 Q2,2024-06-30,population_direct_65_plus,subway/data/raw/2024/population_direct_65_plus/201_DT_201004_O020003_2024Q2_20261006.csv,408,e48f83ca75f7f92a5a83e39834440c0f3149ace1113c3533102797e4d0338d76,DT_201004_O020003,https://stat.eseoul.go.kr/statHtml/statHtml.do?orgId=201&tblId=DT_201004_O020003&conn_path=I2,001024003,001024,거여1동,002 계 (14210.MT0047 명),006 65세이상고령자 (14999671.ga028 명),명,official source code parents + exact complete Q2 boundary parent/name-set bijection; SGIS codes not equated to statistics codes,0,0.0,1,True,0.9470023082734367,-0.4903575546703421
20240630,거여2동,11240540,360,subway/data/raw/2024/boundary/bnd_dong_11_2024_2Q.shp,boundary,거여2동,거여2동,11240540,20240630,송파구,11240540,23536,4722,0.2006288239292998,2024 Q2,2024-06-30,population_direct_65_plus,subway/data/raw/2024/population_direct_65_plus/201_DT_201004_O020003_2024Q2_20261006.csv,409,e48f83ca75f7f92a5a83e39834440c0f3149ace1113c3533102797e4d0338d76,DT_201004_O020003,https://stat.eseoul.go.kr/statHtml/statHtml.do?orgId=201&tblId=DT_201004_O020003&conn_path=I2,001024004,001024,거여2동,002 계 (14210.MT0047 명),006 65세이상고령자 (14999671.ga028 명),명,official source code parents + exact complete Q2 boundary parent/name-set bijection; SGIS codes not equated to statistics codes,0,0.0,0,False,0.3922687723256569,-0.4903575546703421
20240630,마천1동,11240550,273,subway/data/raw/2024/boundary/bnd_dong_11_2024_2Q.shp,boundary,마천1동,마천1동,11240550,20240630,송파구,11240550,17912,4596,0.25658776239392583,2024 Q2,2024-06-30,population_direct_65_plus,subway/data/raw/2024/population_direct_65_plus/201_DT_201004_O020003_2024Q2_20261006.csv,410,e48f83ca75f7f92a5a83e39834440c0f3149ace1113c3533102797e4d0338d76,DT_201004_O020003,https://stat.eseoul.go.kr/statHtml/statHtml.do?orgId=201&tblId=DT_201004_O020003&conn_path=I2,001024005,001024,마천1동,002 계 (14210.MT0047 명),006 65세이상고령자 (14999671.ga028 명),명,official source code parents + exact complete Q2 boundary parent/name-set bijection; SGIS codes not equated to statistics codes,0,0.0,1,True,1.7141679844261108,-0.4903575546703421
20240630,마천2동,11240560,361,subway/data/raw/2024/boundary/bnd_dong_11_2024_2Q.shp,boundary,마천2동,마천2동,11240560,20240630,송파구,11240560,17466,4473,0.25609756097560976,2024 Q2,2024-06-30,population_direct_65_plus,subway/data/raw/2024/population_direct_65_plus/201_DT_201004_O020003_2024Q2_20261006.csv,411,e48f83ca75f7f92a5a83e39834440c0f3149ace1113c3533102797e4d0338d76,DT_201004_O020003,https://stat.eseoul.go.kr/statHtml/statHtml.do?orgId=201&tblId=DT_201004_O020003&conn_path=I2,001024006,001024,마천2동,002 계 (14210.MT0047 명),006 65세이상고령자 (14999671.ga028 명),명,official source code parents + exact complete Q2 boundary parent/name-set bijection; SGIS codes not equated to statistics codes,0,0.0,0,False,1.7025881209329503,-0.4903575546703421
20240630,방이1동,11240570,340,subway/data/raw/2024/boundary/bnd_dong_11_2024_2Q.shp,boundary,방이1동,방이1동,11240570,20240630,송파구,11240570,15187,2559,0.16849937446500296,2024 Q2,2024-06-30,population_direct_65_plus,subway/data/raw/2024/population_direct_65_plus/201_DT_201004_O020003_2024Q2_20261006.csv,412,e48f83ca75f7f92a5a83e39834440c0f3149ace1113c3533102797e4d0338d76,DT_201004_O020003,https://stat.eseoul.go.kr/statHtml/statHtml.do?orgId=201&tblId=DT_201004_O020003&conn_path=I2,001024007,001024,방이1동,002 계 (14210.MT0047 명),006 65세이상고령자 (14999671.ga028 명),명,official source code parents + exact complete Q2 boundary parent/name-set bijection; SGIS codes not equated to statistics codes,0,0.0,1,True,-0.3667144231637209,-0.4903575546703421
20240630,방이2동,11240580,5,subway/data/raw/2024/boundary/bnd_dong_11_2024_2Q.shp,boundary,방이2동,방이2동,11240580,20240630,송파구,11240580,26974,3927,0.1455846370579076,2024 Q2,2024-06-30,population_direct_65_plus,subway/data/raw/2024/population_direct_65_plus/201_DT_201004_O020003_2024Q2_20261006.csv,413,e48f83ca75f7f92a5a83e39834440c0f3149ace1113c3533102797e4d0338d76,DT_201004_O020003,https://stat.eseoul.go.kr/statHtml/statHtml.do?orgId=201&tblId=DT_201004_O020003&conn_path=I2,001024008,001024,방이2동,002 계 (14210.MT0047 명),006 65세이상고령자 (14999671.ga028 명),명,official source code parents + exact complete Q2 boundary parent/name-set bijection; SGIS codes not equated to statistics codes,0,0.0,0,False,-0.9080215700653069,-0.4903575546703421
20240630,오륜동,11240590,383,subway/data/raw/2024/boundary/bnd_dong_11_2024_2Q.shp,boundary,오륜동,오륜동,11240590,20240630,송파구,11240590,17712,3354,0.1893631436314363,2024 Q2,2024-06-30,population_direct_65_plus,subway/data/raw/2024/population_direct_65_plus/201_DT_201004_O020003_2024Q2_20261006.csv,414,e48f83ca75f7f92a5a83e39834440c0f3149ace1113c3533102797e4d0338d76,DT_201004_O020003,https://stat.eseoul.go.kr/statHtml/statHtml.do?orgId=201&tblId=DT_201004_O020003&conn_path=I2,001024009,001024,오륜동,002 계 (14210.MT0047 명),006 65세이상고령자 (14999671.ga028 명),명,official source code parents + exact complete Q2 boundary parent/name-set bijection; SGIS codes not equated to statistics codes,0,0.0,1,True,0.12614338971256003,-0.4903575546703421
20240630,오금동,11240600,362,subway/data/raw/2024/boundary/bnd_dong_11_2024_2Q.shp,boundary,오금동,오금동,11240600,20240630,송파구,11240600,38282,7540,0.19695940650958674,2024 Q2,2024-06-30,population_direct_65_plus,subway/data/raw/2024/population_direct_65_plus/201_DT_201004_O020003_2024Q2_20261006.csv,415,e48f83ca75f7f92a5a83e39834440c0f3149ace1113c3533102797e4d0338d76,DT_201004_O020003,https://stat.eseoul.go.kr/statHtml/statHtml.do?orgId=201&tblId=DT_201004_O020003&conn_path=I2,001024010,001024,오금동,002 계 (14210.MT0047 명),006 65세이상고령자 (14999671.ga028 명),명,official source code parents + exact complete Q2 boundary parent/name-set bijection; SGIS codes not equated to statistics codes,1,0.26121937202862966,2,True,0.305587356825743,-0.34001298351384407
20240630,송파1동,11240610,204,subway/data/raw/2024/boundary/bnd_dong_11_2024_2Q.shp,boundary,송파1동,송파1동,11240610,20240630,송파구,11240610,23613,3819,0.1617329437174438,2024 Q2,2024-06-30,population_direct_65_plus,subway/data/raw/2024/population_direct_65_plus/201_DT_201004_O020003_2024Q2_20261006.csv,416,e48f83ca75f7f92a5a83e39834440c0f3149ace1113c3533102797e4d0338d76,DT_201004_O020003,https://stat.eseoul.go.kr/statHtml/statHtml.do?orgId=201&tblId=DT_201004_O020003&conn_path=I2,001024011,001024,송파1동,002 계 (14210.MT0047 명),006 65세이상고령자 (14999671.ga028 명),명,official source code parents + exact complete Q2 boundary parent/name-set bijection; SGIS codes not equated to statistics codes,0,0.0,0,False,-0.5265555445171034,-0.4903575546703421
20240630,송파2동,11240620,363,subway/data/raw/2024/boundary/bnd_dong_11_2024_2Q.shp,boundary,송파2동,송파2동,11240620,20240630,송파구,11240620,18765,3296,0.17564614974686918,2024 Q2,2024-06-30,population_direct_65_plus,subway/data/raw/2024/population_direct_65_plus/201_DT_201004_O020003_2024Q2_20261006.csv,417,e48f83ca75f7f92a5a83e39834440c0f3149ace1113c3533102797e4d0338d76,DT_201004_O020003,https://stat.eseoul.go.kr/statHtml/statHtml.do?orgId=201&tblId=DT_201004_O020003&conn_path=I2,001024012,001024,송파2동,002 계 (14210.MT0047 명),006 65세이상고령자 (14999671.ga028 명),명,official source code parents + exact complete Q2 boundary parent/name-set bijection; SGIS codes not equated to statistics codes,0,0.0,0,False,-0.19788855059771443,-0.4903575546703421
20240630,석촌동,11240630,364,subway/data/raw/2024/boundary/bnd_dong_11_2024_2Q.shp,boundary,석촌동,석촌동,11240630,20240630,송파구,11240630,31237,5087,0.1628517463264718,2024 Q2,2024-06-30,population_direct_65_plus,subway/data/raw/2024/population_direct_65_plus/201_DT_201004_O020003_2024Q2_20261006.csv,418,e48f83ca75f7f92a5a83e39834440c0f3149ace1113c3533102797e4d0338d76,DT_201004_O020003,https://stat.eseoul.go.kr/statHtml/statHtml.do?orgId=201&tblId=DT_201004_O020003&conn_path=I2,001024013,001024,석촌동,002 계 (14210.MT0047 명),006 65세이상고령자 (14999671.ga028 명),명,official source code parents + exact complete Q2 boundary parent/name-set bijection; SGIS codes not equated to statistics codes,0,0.0,1,True,-0.5001264461827063,-0.4903575546703421
20240630,삼전동,11240640,365,subway/data/raw/2024/boundary/bnd_dong_11_2024_2Q.shp,boundary,삼전동,삼전동,11240640,20240630,송파구,11240640,29297,4474,0.1527118817626378,2024 Q2,2024-06-30,population_direct_65_plus,subway/data/raw/2024/population_direct_65_plus/201_DT_201004_O020003_2024Q2_20261006.csv,419,e48f83ca75f7f92a5a83e39834440c0f3149ace1113c3533102797e4d0338d76,DT_201004_O020003,https://stat.eseoul.go.kr/statHtml/statHtml.do?orgId=201&tblId=DT_201004_O020003&conn_path=I2,001024014,001024,삼전동,002 계 (14210.MT0047 명),006 65세이상고령자 (14999671.ga028 명),명,official source code parents + exact complete Q2 boundary parent/name-set bijection; SGIS codes not equated to statistics codes,1,0.34133187698399153,0,False,-0.7396570617645338,-0.2939043044053642
20240630,가락본동,11240650,366,subway/data/raw/2024/boundary/bnd_dong_11_2024_2Q.shp,boundary,가락본동,가락본동,11240650,20240630,송파구,11240650,25313,4374,0.1727965867340892,2024 Q2,2024-06-30,population_direct_65_plus,subway/data/raw/2024/population_direct_65_plus/201_DT_201004_O020003_2024Q2_20261006.csv,420,e48f83ca75f7f92a5a83e39834440c0f3149ace1113c3533102797e4d0338d76,DT_201004_O020003,https://stat.eseoul.go.kr/statHtml/statHtml.do?orgId=201&tblId=DT_201004_O020003&conn_path=I2,001024015,001024,가락본동,002 계 (14210.MT0047 명),006 65세이상고령자 (14999671.ga028 명),명,official source code parents + exact complete Q2 boundary parent/name-set bijection; SGIS codes not equated to statistics codes,1,0.3950539248607435,2,True,-0.26520282075324303,-0.2629846287819426
20240630,가락1동,11240660,367,subway/data/raw/2024/boundary/bnd_dong_11_2024_2Q.shp,boundary,가락1동,가락1동,11240660,20240630,송파구,11240660,27616,4071,0.14741454229432213,2024 Q2,2024-06-30,population_direct_65_plus,subway/data/raw/2024/population_direct_65_plus/201_DT_201004_O020003_2024Q2_20261006.csv,421,e48f83ca75f7f92a5a83e39834440c0f3149ace1113c3533102797e4d0338d76,DT_201004_O020003,https://stat.eseoul.go.kr/statHtml/statHtml.do?orgId=201&tblId=DT_201004_O020003&conn_path=I2,001024016,001024,가락1동,002 계 (14210.MT0047 명),006 65세이상고령자 (14999671.ga028 명),명,official source code parents + exact complete Q2 boundary parent/name-set bijection; SGIS codes not equated to statistics codes,1,0.36210892236384706,3,True,-0.8647943331554436,-0.2819460949001706
20240630,가락2동,11240670,368,subway/data/raw/2024/boundary/bnd_dong_11_2024_2Q.shp,boundary,가락2동,가락2동,11240670,20240630,송파구,11240670,31249,4976,0.15923709558705879,2024 Q2,2024-06-30,population_direct_65_plus,subway/data/raw/2024/population_direct_65_plus/201_DT_201004_O020003_2024Q2_20261006.csv,422,e48f83ca75f7f92a5a83e39834440c0f3149ace1113c3533102797e4d0338d76,DT_201004_O020003,https://stat.eseoul.go.kr/statHtml/statHtml.do?orgId=201&tblId=DT_201004_O020003&conn_path=I2,001024017,001024,가락2동,002 계 (14210.MT0047 명),006 65세이상고령자 (14999671.ga028 명),명,official source code parents + exact complete Q2 boundary parent/name-set bijection; SGIS codes not equated to statistics codes,2,0.640020480655381,0,False,-0.5855141267847768,-0.12199435117499467
20240630,문정1동,11240680,369,subway/data/raw/2024/boundary/bnd_dong_11_2024_2Q.shp,boundary,문정1동,문정1동,11240680,20240630,송파구,11240680,20031,3477,0.17358094952823125,2024 Q2,2024-06-30,population_direct_65_plus,subway/data/raw/2024/population_direct_65_plus/201_DT_201004_O020003_2024Q2_20261006.csv,423,e48f83ca75f7f92a5a83e39834440c0f3149ace1113c3533102797e4d0338d76,DT_201004_O020003,https://stat.eseoul.go.kr/statHtml/statHtml.do?orgId=201&tblId=DT_201004_O020003&conn_path=I2,001024018,001024,문정1동,002 계 (14210.MT0047 명),006 65세이상고령자 (14999671.ga028 명),명,official source code parents + exact complete Q2 boundary parent/name-set bijection; SGIS codes not equated to statistics codes,0,0.0,0,False,-0.24667408185958606,-0.4903575546703421
20240630,문정2동,11240690,371,subway/data/raw/2024/boundary/bnd_dong_11_2024_2Q.shp,boundary,문정2동,문정2동,11240690,20240630,송파구,11240690,28997,4477,0.15439528227057972,2024 Q2,2024-06-30,population_direct_65_plus,subway/data/raw/2024/population_direct_65_plus/201_DT_201004_O020003_2024Q2_20261006.csv,424,e48f83ca75f7f92a5a83e39834440c0f3149ace1113c3533102797e4d0338d76,DT_201004_O020003,https://stat.eseoul.go.kr/statHtml/statHtml.do?orgId=201&tblId=DT_201004_O020003&conn_path=I2,001024019,001024,문정2동,002 계 (14210.MT0047 명),006 65세이상고령자 (14999671.ga028 명),명,official source code parents + exact complete Q2 boundary parent/name-set bijection; SGIS codes not equated to statistics codes,2,0.6897265234334586,1,True,-0.6998906568584684,-0.09338608362071242
20240630,잠실본동,11240710,370,subway/data/raw/2024/boundary/bnd_dong_11_2024_2Q.shp,boundary,잠실본동,잠실본동,11240710,20240630,송파구,11240710,28242,4220,0.14942284540754905,2024 Q2,2024-06-30,population_direct_65_plus,subway/data/raw/2024/population_direct_65_plus/201_DT_201004_O020003_2024Q2_20261006.csv,427,e48f83ca75f7f92a5a83e39834440c0f3149ace1113c3533102797e4d0338d76,DT_201004_O020003,https://stat.eseoul.go.kr/statHtml/statHtml.do?orgId=201&tblId=DT_201004_O020003&conn_path=I2,001024021,001024,잠실본동,002 계 (14210.MT0047 명),006 65세이상고령자 (14999671.ga028 명),명,official source code parents + exact complete Q2 boundary parent/name-set bijection; SGIS codes not equated to statistics codes,3,1.0622477161674102,0,False,-0.8173528631084065,0.12101814885770713
20240630,잠실4동,11240750,1,subway/data/raw/2024/boundary/bnd_dong_11_2024_2Q.shp,boundary,잠실4동,잠실4동,11240750,20240630,송파구,11240750,21150,3218,0.1521513002364066,2024 Q2,2024-06-30,population_direct_65_plus,subway/data/raw/2024/population_direct_65_plus/201_DT_201004_O020003_2024Q2_20261006.csv,430,e48f83ca75f7f92a5a83e39834440c0f3149ace1113c3533102797e4d0338d76,DT_201004_O020003,https://stat.eseoul.go.kr/statHtml/statHtml.do?orgId=201&tblId=DT_201004_O020003&conn_path=I2,001024025,001024,잠실4동,002 계 (14210.MT0047 명),006 65세이상고령자 (14999671.ga028 명),명,official source code parents + exact complete Q2 boundary parent/name-set bijection; SGIS codes not equated to statistics codes,1,0.4728132387706856,3,True,-0.7528994909130341,-0.21823032663189973
20240630,잠실6동,11240770,4,subway/data/raw/2024/boundary/bnd_dong_11_2024_2Q.shp,boundary,잠실6동,잠실6동,11240770,20240630,송파구,11240770,16617,3236,0.19474032617199255,2024 Q2,2024-06-30,population_direct_65_plus,subway/data/raw/2024/population_direct_65_plus/201_DT_201004_O020003_2024Q2_20261006.csv,431,e48f83ca75f7f92a5a83e39834440c0f3149ace1113c3533102797e4d0338d76,DT_201004_O020003,https://stat.eseoul.go.kr/statHtml/statHtml.do?orgId=201&tblId=DT_201004_O020003&conn_path=I2,001024027,001024,잠실6동,002 계 (14210.MT0047 명),006 65세이상고령자 (14999671.ga028 명),명,official source code parents + exact complete Q2 boundary parent/name-set bijection; SGIS codes not equated to statistics codes,3,1.8053800324968405,2,True,0.2531667671873658,0.5487272752652158
20240630,잠실7동,11240780,2,subway/data/raw/2024/boundary/bnd_dong_11_2024_2Q.shp,boundary,잠실7동,잠실7동,11240780,20240630,송파구,11240780,9384,2362,0.2517050298380222,2024 Q2,2024-06-30,population_direct_65_plus,subway/data/raw/2024/population_direct_65_plus/201_DT_201004_O020003_2024Q2_20261006.csv,432,e48f83ca75f7f92a5a83e39834440c0f3149ace1113c3533102797e4d0338d76,DT_201004_O020003,https://stat.eseoul.go.kr/statHtml/statHtml.do?orgId=201&tblId=DT_201004_O020003&conn_path=I2,001024028,001024,잠실7동,002 계 (14210.MT0047 명),006 65세이상고령자 (14999671.ga028 명),명,official source code parents + exact complete Q2 boundary parent/name-set bijection; SGIS codes not equated to statistics codes,0,0.0,1,True,1.5988248329003467,-0.4903575546703421
20240630,잠실2동,11240790,3,subway/data/raw/2024/boundary/bnd_dong_11_2024_2Q.shp,boundary,잠실2동,잠실2동,11240790,20240630,송파구,11240790,34951,4066,0.11633429658664989,2024 Q2,2024-06-30,population_direct_65_plus,subway/data/raw/2024/population_direct_65_plus/201_DT_201004_O020003_2024Q2_20261006.csv,428,e48f83ca75f7f92a5a83e39834440c0f3149ace1113c3533102797e4d0338d76,DT_201004_O020003,https://stat.eseoul.go.kr/statHtml/statHtml.do?orgId=201&tblId=DT_201004_O020003&conn_path=I2,001024023,001024,잠실2동,002 계 (14210.MT0047 명),006 65세이상고령자 (14999671.ga028 명),명,official source code parents + exact complete Q2 boundary parent/name-set bijection; SGIS codes not equated to statistics codes,0,0.0,0,False,-1.5989925406291603,-0.4903575546703421
20240630,잠실3동,11240800,372,subway/data/raw/2024/boundary/bnd_dong_11_2024_2Q.shp,boundary,잠실3동,잠실3동,11240800,20240630,송파구,11240800,33957,6448,0.18988721029537356,2024 Q2,2024-06-30,population_direct_65_plus,subway/data/raw/2024/population_direct_65_plus/201_DT_201004_O020003_2024Q2_20261006.csv,429,e48f83ca75f7f92a5a83e39834440c0f3149ace1113c3533102797e4d0338d76,DT_201004_O020003,https://stat.eseoul.go.kr/statHtml/statHtml.do?orgId=201&tblId=DT_201004_O020003&conn_path=I2,001024024,001024,잠실3동,002 계 (14210.MT0047 명),006 65세이상고령자 (14999671.ga028 명),명,official source code parents + exact complete Q2 boundary parent/name-set bijection; SGIS codes not equated to statistics codes,2,0.5889801808169155,0,False,0.13852324053093637,-0.15137054916260845
20240630,장지동,11240810,292,subway/data/raw/2024/boundary/bnd_dong_11_2024_2Q.shp,boundary,장지동,장지동,11240810,20240630,송파구,11240810,28457,5043,0.17721474505394103,2024 Q2,2024-06-30,population_direct_65_plus,subway/data/raw/2024/population_direct_65_plus/201_DT_201004_O020003_2024Q2_20261006.csv,425,e48f83ca75f7f92a5a83e39834440c0f3149ace1113c3533102797e4d0338d76,DT_201004_O020003,https://stat.eseoul.go.kr/statHtml/statHtml.do?orgId=201&tblId=DT_201004_O020003&conn_path=I2,001024020,001024,장지동,002 계 (14210.MT0047 명),006 65세이상고령자 (14999671.ga028 명),명,official source code parents + exact complete Q2 boundary parent/name-set bijection; SGIS codes not equated to statistics codes,0,0.0,1,True,-0.16083415039972812,-0.4903575546703421
20240630,위례동,11240820,293,subway/data/raw/2024/boundary/bnd_dong_11_2024_2Q.shp,boundary,위례동,위례동,11240820,20240630,송파구,11240820,45178,3984,0.08818451458674575,2024 Q2,2024-06-30,population_direct_65_plus,subway/data/raw/2024/population_direct_65_plus/201_DT_201004_O020003_2024Q2_20261006.csv,426,e48f83ca75f7f92a5a83e39834440c0f3149ace1113c3533102797e4d0338d76,DT_201004_O020003,https://stat.eseoul.go.kr/statHtml/statHtml.do?orgId=201&tblId=DT_201004_O020003&conn_path=I2,001024029,001024,위례동,002 계 (14210.MT0047 명),006 65세이상고령자 (14999671.ga028 명),명,official source code parents + exact complete Q2 boundary parent/name-set bijection; SGIS codes not equated to statistics codes,0,0.0,1,True,-2.263965387996441,-0.4903575546703421
20240630,명일1동,11250530,373,subway/data/raw/2024/boundary/bnd_dong_11_2024_2Q.shp,boundary,명일1동,명일1동,11250530,20240630,강동구,11250530,25194,4679,0.18571882194173217,2024 Q2,2024-06-30,population_direct_65_plus,subway/data/raw/2024/population_direct_65_plus/201_DT_201004_O020003_2024Q2_20261006.csv,437,e48f83ca75f7f92a5a83e39834440c0f3149ace1113c3533102797e4d0338d76,DT_201004_O020003,https://stat.eseoul.go.kr/statHtml/statHtml.do?orgId=201&tblId=DT_201004_O020003&conn_path=I2,001025003,001025,명일1동,002 계 (14210.MT0047 명),006 65세이상고령자 (14999671.ga028 명),명,official source code parents + exact complete Q2 boundary parent/name-set bijection; SGIS codes not equated to statistics codes,2,0.7938398031277288,1,True,0.040054802215394016,-0.033463780516729665
20240630,명일2동,11250540,374,subway/data/raw/2024/boundary/bnd_dong_11_2024_2Q.shp,boundary,명일2동,명일2동,11250540,20240630,강동구,11250540,16901,3014,0.17833264303887345,2024 Q2,2024-06-30,population_direct_65_plus,subway/data/raw/2024/population_direct_65_plus/201_DT_201004_O020003_2024Q2_20261006.csv,438,e48f83ca75f7f92a5a83e39834440c0f3149ace1113c3533102797e4d0338d76,DT_201004_O020003,https://stat.eseoul.go.kr/statHtml/statHtml.do?orgId=201&tblId=DT_201004_O020003&conn_path=I2,001025004,001025,명일2동,002 계 (14210.MT0047 명),006 65세이상고령자 (14999671.ga028 명),명,official source code parents + exact complete Q2 boundary parent/name-set bijection; SGIS codes not equated to statistics codes,0,0.0,1,True,-0.13442642169656485,-0.4903575546703421
20240630,고덕1동,11250550,375,subway/data/raw/2024/boundary/bnd_dong_11_2024_2Q.shp,boundary,고덕1동,고덕1동,11250550,20240630,강동구,11250550,23943,3314,0.1384120619805371,2024 Q2,2024-06-30,population_direct_65_plus,subway/data/raw/2024/population_direct_65_plus/201_DT_201004_O020003_2024Q2_20261006.csv,439,e48f83ca75f7f92a5a83e39834440c0f3149ace1113c3533102797e4d0338d76,DT_201004_O020003,https://stat.eseoul.go.kr/statHtml/statHtml.do?orgId=201&tblId=DT_201004_O020003&conn_path=I2,001025005,001025,고덕1동,002 계 (14210.MT0047 명),006 65세이상고령자 (14999671.ga028 명),명,official source code parents + exact complete Q2 boundary parent/name-set bijection; SGIS codes not equated to statistics codes,0,0.0,0,False,-1.0774569025368304,-0.4903575546703421
20240630,고덕2동,11250560,306,subway/data/raw/2024/boundary/bnd_dong_11_2024_2Q.shp,boundary,고덕2동,고덕2동,11250560,20240630,강동구,11250560,25109,3535,0.14078617228882073,2024 Q2,2024-06-30,population_direct_65_plus,subway/data/raw/2024/population_direct_65_plus/201_DT_201004_O020003_2024Q2_20261006.csv,440,e48f83ca75f7f92a5a83e39834440c0f3149ace1113c3533102797e4d0338d76,DT_201004_O020003,https://stat.eseoul.go.kr/statHtml/statHtml.do?orgId=201&tblId=DT_201004_O020003&conn_path=I2,001025006,001025,고덕2동,002 계 (14210.MT0047 명),006 65세이상고령자 (14999671.ga028 명),명,official source code parents + exact complete Q2 boundary parent/name-set bijection; SGIS codes not equated to statistics codes,2,0.7965271416623522,0,False,-1.0213740919605794,-0.03191708527585758
20240630,암사2동,11250580,376,subway/data/raw/2024/boundary/bnd_dong_11_2024_2Q.shp,boundary,암사2동,암사2동,11250580,20240630,강동구,11250580,14814,2716,0.18334008370460375,2024 Q2,2024-06-30,population_direct_65_plus,subway/data/raw/2024/population_direct_65_plus/201_DT_201004_O020003_2024Q2_20261006.csv,442,e48f83ca75f7f92a5a83e39834440c0f3149ace1113c3533102797e4d0338d76,DT_201004_O020003,https://stat.eseoul.go.kr/statHtml/statHtml.do?orgId=201&tblId=DT_201004_O020003&conn_path=I2,001025008,001025,암사2동,002 계 (14210.MT0047 명),006 65세이상고령자 (14999671.ga028 명),명,official source code parents + exact complete Q2 boundary parent/name-set bijection; SGIS codes not equated to statistics codes,0,0.0,1,True,-0.016137332369879052,-0.4903575546703421
20240630,암사3동,11250590,308,subway/data/raw/2024/boundary/bnd_dong_11_2024_2Q.shp,boundary,암사3동,암사3동,11250590,20240630,강동구,11250590,17219,3056,0.1774783669202625,2024 Q2,2024-06-30,population_direct_65_plus,subway/data/raw/2024/population_direct_65_plus/201_DT_201004_O020003_2024Q2_20261006.csv,443,e48f83ca75f7f92a5a83e39834440c0f3149ace1113c3533102797e4d0338d76,DT_201004_O020003,https://stat.eseoul.go.kr/statHtml/statHtml.do?orgId=201&tblId=DT_201004_O020003&conn_path=I2,001025009,001025,암사3동,002 계 (14210.MT0047 명),006 65세이상고령자 (14999671.ga028 명),명,official source code parents + exact complete Q2 boundary parent/name-set bijection; SGIS codes not equated to statistics codes,0,0.0,0,False,-0.15460669957695913,-0.4903575546703421
20240630,천호1동,11250610,309,subway/data/raw/2024/boundary/bnd_dong_11_2024_2Q.shp,boundary,천호1동,천호1동,11250610,20240630,강동구,11250610,26059,5896,0.22625580413676658,2024 Q2,2024-06-30,population_direct_65_plus,subway/data/raw/2024/population_direct_65_plus/201_DT_201004_O020003_2024Q2_20261006.csv,444,e48f83ca75f7f92a5a83e39834440c0f3149ace1113c3533102797e4d0338d76,DT_201004_O020003,https://stat.eseoul.go.kr/statHtml/statHtml.do?orgId=201&tblId=DT_201004_O020003&conn_path=I2,001025011,001025,천호1동,002 계 (14210.MT0047 명),006 65세이상고령자 (14999671.ga028 명),명,official source code parents + exact complete Q2 boundary parent/name-set bijection; SGIS codes not equated to statistics codes,0,0.0,1,True,0.9976463201177558,-0.4903575546703421
20240630,천호3동,11250630,310,subway/data/raw/2024/boundary/bnd_dong_11_2024_2Q.shp,boundary,천호3동,천호3동,11250630,20240630,강동구,11250630,26794,5166,0.19280435918489214,2024 Q2,2024-06-30,population_direct_65_plus,subway/data/raw/2024/population_direct_65_plus/201_DT_201004_O020003_2024Q2_20261006.csv,446,e48f83ca75f7f92a5a83e39834440c0f3149ace1113c3533102797e4d0338d76,DT_201004_O020003,https://stat.eseoul.go.kr/statHtml/statHtml.do?orgId=201&tblId=DT_201004_O020003&conn_path=I2,001025013,001025,천호3동,002 계 (14210.MT0047 명),006 65세이상고령자 (14999671.ga028 명),명,official source code parents + exact complete Q2 boundary parent/name-set bijection; SGIS codes not equated to statistics codes,0,0.0,0,False,0.2074340691570364,-0.4903575546703421
20240630,성내1동,11250650,377,subway/data/raw/2024/boundary/bnd_dong_11_2024_2Q.shp,boundary,성내1동,성내1동,11250650,20240630,강동구,11250650,19425,3457,0.17796653796653797,2024 Q2,2024-06-30,population_direct_65_plus,subway/data/raw/2024/population_direct_65_plus/201_DT_201004_O020003_2024Q2_20261006.csv,447,e48f83ca75f7f92a5a83e39834440c0f3149ace1113c3533102797e4d0338d76,DT_201004_O020003,https://stat.eseoul.go.kr/statHtml/statHtml.do?orgId=201&tblId=DT_201004_O020003&conn_path=I2,001025015,001025,성내1동,002 계 (14210.MT0047 명),006 65세이상고령자 (14999671.ga028 명),명,official source code parents + exact complete Q2 boundary parent/name-set bijection; SGIS codes not equated to statistics codes,1,0.5148005148005148,0,False,-0.1430747988807063,-0.19406458823466355
20240630,성내2동,11250660,378,subway/data/raw/2024/boundary/bnd_dong_11_2024_2Q.shp,boundary,성내2동,성내2동,11250660,20240630,강동구,11250660,24541,4917,0.20035858359480055,2024 Q2,2024-06-30,population_direct_65_plus,subway/data/raw/2024/population_direct_65_plus/201_DT_201004_O020003_2024Q2_20261006.csv,448,e48f83ca75f7f92a5a83e39834440c0f3149ace1113c3533102797e4d0338d76,DT_201004_O020003,https://stat.eseoul.go.kr/statHtml/statHtml.do?orgId=201&tblId=DT_201004_O020003&conn_path=I2,001025016,001025,성내2동,002 계 (14210.MT0047 명),006 65세이상고령자 (14999671.ga028 명),명,official source code parents + exact complete Q2 boundary parent/name-set bijection; SGIS codes not equated to statistics codes,1,0.40748135772788396,3,True,0.38588497565163443,-0.25583203113776165
20240630,성내3동,11250670,379,subway/data/raw/2024/boundary/bnd_dong_11_2024_2Q.shp,boundary,성내3동,성내3동,11250670,20240630,강동구,11250670,22599,4425,0.1958051241205363,2024 Q2,2024-06-30,population_direct_65_plus,subway/data/raw/2024/population_direct_65_plus/201_DT_201004_O020003_2024Q2_20261006.csv,449,e48f83ca75f7f92a5a83e39834440c0f3149ace1113c3533102797e4d0338d76,DT_201004_O020003,https://stat.eseoul.go.kr/statHtml/statHtml.do?orgId=201&tblId=DT_201004_O020003&conn_path=I2,001025017,001025,성내3동,002 계 (14210.MT0047 명),006 65세이상고령자 (14999671.ga028 명),명,official source code parents + exact complete Q2 boundary parent/name-set bijection; SGIS codes not equated to statistics codes,3,1.3274923669188903,1,True,0.2783201315621374,0.273679465509275
20240630,둔촌1동,11250700,380,subway/data/raw/2024/boundary/bnd_dong_11_2024_2Q.shp,boundary,둔촌1동,둔촌1동,11250700,20240630,강동구,11250700,60,10,0.16666666666666666,2024 Q2,2024-06-30,population_direct_65_plus,subway/data/raw/2024/population_direct_65_plus/201_DT_201004_O020003_2024Q2_20261006.csv,451,e48f83ca75f7f92a5a83e39834440c0f3149ace1113c3533102797e4d0338d76,DT_201004_O020003,https://stat.eseoul.go.kr/statHtml/statHtml.do?orgId=201&tblId=DT_201004_O020003&conn_path=I2,001025020,001025,둔촌1동,002 계 (14210.MT0047 명),006 65세이상고령자 (14999671.ga028 명),명,official source code parents + exact complete Q2 boundary parent/name-set bijection; SGIS codes not equated to statistics codes,0,0.0,0,False,-0.4100078640527502,-0.4903575546703421
20240630,둔촌2동,11250710,381,subway/data/raw/2024/boundary/bnd_dong_11_2024_2Q.shp,boundary,둔촌2동,둔촌2동,11250710,20240630,강동구,11250710,24231,4698,0.19388386777268787,2024 Q2,2024-06-30,population_direct_65_plus,subway/data/raw/2024/population_direct_65_plus/201_DT_201004_O020003_2024Q2_20261006.csv,452,e48f83ca75f7f92a5a83e39834440c0f3149ace1113c3533102797e4d0338d76,DT_201004_O020003,https://stat.eseoul.go.kr/statHtml/statHtml.do?orgId=201&tblId=DT_201004_O020003&conn_path=I2,001025021,001025,둔촌2동,002 계 (14210.MT0047 명),006 65세이상고령자 (14999671.ga028 명),명,official source code parents + exact complete Q2 boundary parent/name-set bijection; SGIS codes not equated to statistics codes,0,0.0,0,False,0.23293493802296253,-0.4903575546703421
20240630,암사1동,11250720,316,subway/data/raw/2024/boundary/bnd_dong_11_2024_2Q.shp,boundary,암사1동,암사1동,11250720,20240630,강동구,11250720,33858,6924,0.20450115186957293,2024 Q2,2024-06-30,population_direct_65_plus,subway/data/raw/2024/population_direct_65_plus/201_DT_201004_O020003_2024Q2_20261006.csv,441,e48f83ca75f7f92a5a83e39834440c0f3149ace1113c3533102797e4d0338d76,DT_201004_O020003,https://stat.eseoul.go.kr/statHtml/statHtml.do?orgId=201&tblId=DT_201004_O020003&conn_path=I2,001025007,001025,암사1동,002 계 (14210.MT0047 명),006 65세이상고령자 (14999671.ga028 명),명,official source code parents + exact complete Q2 boundary parent/name-set bijection; SGIS codes not equated to statistics codes,1,0.295351172544155,0,False,0.48374347491454656,-0.32036845687918325
20240630,천호2동,11250730,317,subway/data/raw/2024/boundary/bnd_dong_11_2024_2Q.shp,boundary,천호2동,천호2동,11250730,20240630,강동구,11250730,33194,6554,0.1974453214436344,2024 Q2,2024-06-30,population_direct_65_plus,subway/data/raw/2024/population_direct_65_plus/201_DT_201004_O020003_2024Q2_20261006.csv,445,e48f83ca75f7f92a5a83e39834440c0f3149ace1113c3533102797e4d0338d76,DT_201004_O020003,https://stat.eseoul.go.kr/statHtml/statHtml.do?orgId=201&tblId=DT_201004_O020003&conn_path=I2,001025012,001025,천호2동,002 계 (14210.MT0047 명),006 65세이상고령자 (14999671.ga028 명),명,official source code parents + exact complete Q2 boundary parent/name-set bijection; SGIS codes not equated to statistics codes,2,0.6025185274447189,0,False,0.31706596214045024,-0.1435785661174075
20240630,길동,11250740,318,subway/data/raw/2024/boundary/bnd_dong_11_2024_2Q.shp,boundary,길동,길동,11250740,20240630,강동구,11250740,45121,9294,0.20597947740519934,2024 Q2,2024-06-30,population_direct_65_plus,subway/data/raw/2024/population_direct_65_plus/201_DT_201004_O020003_2024Q2_20261006.csv,450,e48f83ca75f7f92a5a83e39834440c0f3149ace1113c3533102797e4d0338d76,DT_201004_O020003,https://stat.eseoul.go.kr/statHtml/statHtml.do?orgId=201&tblId=DT_201004_O020003&conn_path=I2,001025022,001025,길동,002 계 (14210.MT0047 명),006 65세이상고령자 (14999671.ga028 명),명,official source code parents + exact complete Q2 boundary parent/name-set bijection; SGIS codes not equated to statistics codes,2,0.44325258748697943,1,True,0.5186654626146502,-0.23524393249826897
20240630,강일동,11250750,319,subway/data/raw/2024/boundary/bnd_dong_11_2024_2Q.shp,boundary,강일동,강일동,11250750,20240630,강동구,11250750,34800,6454,0.18545977011494252,2024 Q2,2024-06-30,population_direct_65_plus,subway/data/raw/2024/population_direct_65_plus/201_DT_201004_O020003_2024Q2_20261006.csv,434,e48f83ca75f7f92a5a83e39834440c0f3149ace1113c3533102797e4d0338d76,DT_201004_O020003,https://stat.eseoul.go.kr/statHtml/statHtml.do?orgId=201&tblId=DT_201004_O020003&conn_path=I2,001025001,001025,강일동,002 계 (14210.MT0047 명),006 65세이상고령자 (14999671.ga028 명),명,official source code parents + exact complete Q2 boundary parent/name-set bijection; SGIS codes not equated to statistics codes,1,0.28735632183908044,1,True,0.0339353079018468,-0.3249698859055991
20240630,상일1동,11250760,382,subway/data/raw/2024/boundary/bnd_dong_11_2024_2Q.shp,boundary,상일1동,상일1동,11250760,20240630,강동구,11250760,39379,5361,0.1361385510043424,2024 Q2,2024-06-30,population_direct_65_plus,subway/data/raw/2024/population_direct_65_plus/201_DT_201004_O020003_2024Q2_20261006.csv,435,e48f83ca75f7f92a5a83e39834440c0f3149ace1113c3533102797e4d0338d76,DT_201004_O020003,https://stat.eseoul.go.kr/statHtml/statHtml.do?orgId=201&tblId=DT_201004_O020003&conn_path=I2,001025024,001025,상일1동,002 계 (14210.MT0047 명),006 65세이상고령자 (14999671.ga028 명),명,official source code parents + exact complete Q2 boundary parent/name-set bijection; SGIS codes not equated to statistics codes,0,0.0,1,True,-1.1311632888728274,-0.4903575546703421
20240630,상일2동,11250770,320,subway/data/raw/2024/boundary/bnd_dong_11_2024_2Q.shp,boundary,상일2동,상일2동,11250770,20240630,강동구,11250770,13683,2101,0.1535481984944822,2024 Q2,2024-06-30,population_direct_65_plus,subway/data/raw/2024/population_direct_65_plus/201_DT_201004_O020003_2024Q2_20261006.csv,436,e48f83ca75f7f92a5a83e39834440c0f3149ace1113c3533102797e4d0338d76,DT_201004_O020003,https://stat.eseoul.go.kr/statHtml/statHtml.do?orgId=201&tblId=DT_201004_O020003&conn_path=I2,001025025,001025,상일2동,002 계 (14210.MT0047 명),006 65세이상고령자 (14999671.ga028 명),명,official source code parents + exact complete Q2 boundary parent/name-set bijection; SGIS codes not equated to statistics codes,0,0.0,0,False,-0.7199010324468873,-0.4903575546703421
