canonical_station_id,line,station_name,station_code_raw_ridership,station_coordinate_source,station_coordinate_source_row_id,station_name_raw_coordinate,station_code_raw_coordinate,latitude,longitude,identity_status,source_code_conflict,spatial_status,exclusion_reason,crs,crs_status,crs_evidence,source_specific_crs_verified,temporal_status,temporal_evidence,known_opening_date,evidence,code_warning_support_evidence,ADM_CD,gu,dong,boundary_base_date,x_5179,y_5179,mapping_status,candidate_ADM_CD,mapping_reason,mapping_evidence,population_source_row_id_boundary,population_source_file_boundary,population_source_dataset_id_boundary,population_reference_period,population_reference_date,population_source_dataset_id_population,population_source_file_population,population_source_row_id_population,population_source_sha256,population_source_table,population_source_url,population_source_code,population_source_gu_code,population_source_total_item,population_source_senior_item,population_unit,population_hierarchy_evidence,study_area_id,study_area_status,study_area_reason,study_area_evidence,mapped_shelter_count,shelters_per_10k,population_total,population_65_plus,senior_population_share,z_senior_population_share,z_shelters_per_10k,nearest_shelter_distance_m
"station:[""1"",""동대문""]",1,동대문,155,subway/data/raw/2024/station/서울교통공사_1_8호선 역사 좌표(위경도) 정보_20260917.csv,6,동대문,155,37.57179,127.011383,exact_matched,False,ELIGIBLE,,EPSG:4326,ANALYTICAL_ASSUMPTION,analysis assumption supported by official national station-data standard; not source-specific CRS explicitly verified. Batch2R-C official 2024 공공데이터 제공 표준 section42 도시철도역사정보 items10 역위도/11 역경도 explicitly specifies WGS84; longitude=x latitude=y geographic degrees. https://www.data.go.kr/bbs/rcr/selectRecsroom.do?originId=PDS_0000000001227&atchFileId=FILE_000000003049184 standard SHA256=d3d464f6a9dd9f6dfd3ff61fec966c95ccce8aec085c234ba3af9e665d3c67cd,False,SNAPSHOT_STABILITY_ASSUMPTION,"Official same-source snapshots labelled2023-10-31,2024-10-31,2025-08-14 corroborate identical coordinates for existing276source rows; practical pre-existing-station spatial stability assumption approved by human; not continuous-observation proof, not verified unchanged throughout2024. Historical2023/2024 file SHA256=9da58a78b07852906b9b9c75c539770d8a50a16c0cb5b8c21b23383327f85ce6; residual temporal uncertainty retained; see Batch2R-C temporal audit.",,adopted exact_matched; coordinate source=subway/data/raw/2024/station/서울교통공사_1_8호선 역사 좌표(위경도) 정보_20260917.csv row=6.0; ,,11010670,종로구,창신1동,20240630,956852.3538443984,1952603.127530861,MAPPED,11010670,UNIQUE_STRICT_WITHIN,longitude=x latitude=y; EPSG:4326 analytical assumption -> EPSG:5179; strict contains; non-within touches checked; no repair/fallback,22.0,subway/data/raw/2024/boundary/bnd_dong_11_2024_2Q.shp,boundary,2024 Q2,2024-06-30,population_direct_65_plus,subway/data/raw/2024/population_direct_65_plus/201_DT_201004_O020003_2024Q2_20261006.csv,15.0,e48f83ca75f7f92a5a83e39834440c0f3149ace1113c3533102797e4d0338d76,DT_201004_O020003,https://stat.eseoul.go.kr/statHtml/statHtml.do?orgId=201&tblId=DT_201004_O020003&conn_path=I2,001001015,001001,002 계 (14210.MT0047 명),006 65세이상고령자 (14999671.ga028 명),명,official source code parents + exact complete Q2 boundary parent/name-set bijection; SGIS codes not equated to statistics codes,seoul_2024,IN_CURRENT_STUDY_AREA,STRICTLY_INSIDE_CONFIGURED_BOUNDARY_UNION,current configured validated boundary union; no replacement coordinates or correction,2,3.727171077152441,5366,1264,0.23555721207603428,1.2173703564147522,1.6548123570005693,104.36065277159197
"station:[""1"",""동묘앞""]",1,동묘앞,159,subway/data/raw/2024/station/서울교통공사_1_8호선 역사 좌표(위경도) 정보_20260917.csv,7,동묘앞,159,37.573265,127.016459,exact_matched,False,ELIGIBLE,,EPSG:4326,ANALYTICAL_ASSUMPTION,analysis assumption supported by official national station-data standard; not source-specific CRS explicitly verified. Batch2R-C official 2024 공공데이터 제공 표준 section42 도시철도역사정보 items10 역위도/11 역경도 explicitly specifies WGS84; longitude=x latitude=y geographic degrees. https://www.data.go.kr/bbs/rcr/selectRecsroom.do?originId=PDS_0000000001227&atchFileId=FILE_000000003049184 standard SHA256=d3d464f6a9dd9f6dfd3ff61fec966c95ccce8aec085c234ba3af9e665d3c67cd,False,SNAPSHOT_STABILITY_ASSUMPTION,"Official same-source snapshots labelled2023-10-31,2024-10-31,2025-08-14 corroborate identical coordinates for existing276source rows; practical pre-existing-station spatial stability assumption approved by human; not continuous-observation proof, not verified unchanged throughout2024. Historical2023/2024 file SHA256=9da58a78b07852906b9b9c75c539770d8a50a16c0cb5b8c21b23383327f85ce6; residual temporal uncertainty retained; see Batch2R-C temporal audit.",,adopted exact_matched; coordinate source=subway/data/raw/2024/station/서울교통공사_1_8호선 역사 좌표(위경도) 정보_20260917.csv row=7.0; ,,11010700,종로구,숭인1동,20240630,957301.438278906,1952764.4526539417,MAPPED,11010700,UNIQUE_STRICT_WITHIN,longitude=x latitude=y; EPSG:4326 analytical assumption -> EPSG:5179; strict contains; non-within touches checked; no repair/fallback,91.0,subway/data/raw/2024/boundary/bnd_dong_11_2024_2Q.shp,boundary,2024 Q2,2024-06-30,population_direct_65_plus,subway/data/raw/2024/population_direct_65_plus/201_DT_201004_O020003_2024Q2_20261006.csv,18.0,e48f83ca75f7f92a5a83e39834440c0f3149ace1113c3533102797e4d0338d76,DT_201004_O020003,https://stat.eseoul.go.kr/statHtml/statHtml.do?orgId=201&tblId=DT_201004_O020003&conn_path=I2,001001018,001001,002 계 (14210.MT0047 명),006 65세이상고령자 (14999671.ga028 명),명,official source code parents + exact complete Q2 boundary parent/name-set bijection; SGIS codes not equated to statistics codes,seoul_2024,IN_CURRENT_STUDY_AREA,STRICTLY_INSIDE_CONFIGURED_BOUNDARY_UNION,current configured validated boundary union; no replacement coordinates or correction,0,0.0,6089,1321,0.21694859582854328,0.7777852636527101,-0.4903575546703421,134.0605201369327
"station:[""1"",""서울역""]",1,서울역,150,subway/data/raw/2024/station/서울교통공사_1_8호선 역사 좌표(위경도) 정보_20260917.csv,1,서울,150,37.55315,126.972533,alias_matched,False,ELIGIBLE,,EPSG:4326,ANALYTICAL_ASSUMPTION,analysis assumption supported by official national station-data standard; not source-specific CRS explicitly verified. Batch2R-C official 2024 공공데이터 제공 표준 section42 도시철도역사정보 items10 역위도/11 역경도 explicitly specifies WGS84; longitude=x latitude=y geographic degrees. https://www.data.go.kr/bbs/rcr/selectRecsroom.do?originId=PDS_0000000001227&atchFileId=FILE_000000003049184 standard SHA256=d3d464f6a9dd9f6dfd3ff61fec966c95ccce8aec085c234ba3af9e665d3c67cd,False,SNAPSHOT_STABILITY_ASSUMPTION,"Official same-source snapshots labelled2023-10-31,2024-10-31,2025-08-14 corroborate identical coordinates for existing276source rows; practical pre-existing-station spatial stability assumption approved by human; not continuous-observation proof, not verified unchanged throughout2024. Historical2023/2024 file SHA256=9da58a78b07852906b9b9c75c539770d8a50a16c0cb5b8c21b23383327f85ce6; residual temporal uncertainty retained; see Batch2R-C temporal audit.",,adopted alias_matched; coordinate source=subway/data/raw/2024/station/서울교통공사_1_8호선 역사 좌표(위경도) 정보_20260917.csv row=1.0; P-S2-2RA scoped source alias; provider family=서울교통공사; station_file=subway/data/raw/2024/station/서울교통공사_1_8호선 역사 좌표(위경도) 정보_20260917.csv; total_file=subway/data/raw/2024/total_ridership/서울교통공사_역별 일별 시간대별 승하차인원 정보_20260831.csv; station_row=1; normalized_line=1; external_code=150; station_raw=서울; canonical_2024_total=서울역; relation=D station suffix source difference; source code+line unique on both sides; explicit reviewed display variant; not an official rename claim; candidate identities station=1 total=1; no code-line contradiction or competing candidate; raw names preserved,,11030530,용산구,남영동,20240630,953410.0482848821,1950553.661281486,MAPPED,11030530,UNIQUE_STRICT_WITHIN,longitude=x latitude=y; EPSG:4326 analytical assumption -> EPSG:5179; strict contains; non-within touches checked; no repair/fallback,49.0,subway/data/raw/2024/boundary/bnd_dong_11_2024_2Q.shp,boundary,2024 Q2,2024-06-30,population_direct_65_plus,subway/data/raw/2024/population_direct_65_plus/201_DT_201004_O020003_2024Q2_20261006.csv,39.0,e48f83ca75f7f92a5a83e39834440c0f3149ace1113c3533102797e4d0338d76,DT_201004_O020003,https://stat.eseoul.go.kr/statHtml/statHtml.do?orgId=201&tblId=DT_201004_O020003&conn_path=I2,001003003,001003,002 계 (14210.MT0047 명),006 65세이상고령자 (14999671.ga028 명),명,official source code parents + exact complete Q2 boundary parent/name-set bijection; SGIS codes not equated to statistics codes,seoul_2024,IN_CURRENT_STUDY_AREA,STRICTLY_INSIDE_CONFIGURED_BOUNDARY_UNION,current configured validated boundary union; no replacement coordinates or correction,1,1.3635124079629124,7334,1609,0.2193891464412326,0.835437571229,0.29441076725671755,762.6062089741574
"station:[""1"",""시청""]",1,시청,151,subway/data/raw/2024/station/서울교통공사_1_8호선 역사 좌표(위경도) 정보_20260917.csv,2,시청,151,37.56359,126.975407,exact_matched,False,ELIGIBLE,,EPSG:4326,ANALYTICAL_ASSUMPTION,analysis assumption supported by official national station-data standard; not source-specific CRS explicitly verified. Batch2R-C official 2024 공공데이터 제공 표준 section42 도시철도역사정보 items10 역위도/11 역경도 explicitly specifies WGS84; longitude=x latitude=y geographic degrees. https://www.data.go.kr/bbs/rcr/selectRecsroom.do?originId=PDS_0000000001227&atchFileId=FILE_000000003049184 standard SHA256=d3d464f6a9dd9f6dfd3ff61fec966c95ccce8aec085c234ba3af9e665d3c67cd,False,SNAPSHOT_STABILITY_ASSUMPTION,"Official same-source snapshots labelled2023-10-31,2024-10-31,2025-08-14 corroborate identical coordinates for existing276source rows; practical pre-existing-station spatial stability assumption approved by human; not continuous-observation proof, not verified unchanged throughout2024. Historical2023/2024 file SHA256=9da58a78b07852906b9b9c75c539770d8a50a16c0cb5b8c21b23383327f85ce6; residual temporal uncertainty retained; see Batch2R-C temporal audit.",,adopted exact_matched; coordinate source=subway/data/raw/2024/station/서울교통공사_1_8호선 역사 좌표(위경도) 정보_20260917.csv row=2.0; ,,11020520,중구,소공동,20240630,953670.3685912326,1951710.5059807494,MAPPED,11020520,UNIQUE_STRICT_WITHIN,longitude=x latitude=y; EPSG:4326 analytical assumption -> EPSG:5179; strict contains; non-within touches checked; no repair/fallback,39.0,subway/data/raw/2024/boundary/bnd_dong_11_2024_2Q.shp,boundary,2024 Q2,2024-06-30,population_direct_65_plus,subway/data/raw/2024/population_direct_65_plus/201_DT_201004_O020003_2024Q2_20261006.csv,21.0,e48f83ca75f7f92a5a83e39834440c0f3149ace1113c3533102797e4d0338d76,DT_201004_O020003,https://stat.eseoul.go.kr/statHtml/statHtml.do?orgId=201&tblId=DT_201004_O020003&conn_path=I2,001002001,001002,002 계 (14210.MT0047 명),006 65세이상고령자 (14999671.ga028 명),명,official source code parents + exact complete Q2 boundary parent/name-set bijection; SGIS codes not equated to statistics codes,seoul_2024,IN_CURRENT_STUDY_AREA,STRICTLY_INSIDE_CONFIGURED_BOUNDARY_UNION,current configured validated boundary union; no replacement coordinates or correction,3,8.92325996430696,3362,347,0.1032123735871505,-1.9089673212488123,4.645416573538808,155.15808172187317
"station:[""1"",""신설동""]",1,신설동,156,subway/data/raw/2024/station/서울교통공사_1_8호선 역사 좌표(위경도) 정보_20260917.csv,8,신설동,156,37.576117,127.02471,exact_matched,False,ELIGIBLE,,EPSG:4326,ANALYTICAL_ASSUMPTION,analysis assumption supported by official national station-data standard; not source-specific CRS explicitly verified. Batch2R-C official 2024 공공데이터 제공 표준 section42 도시철도역사정보 items10 역위도/11 역경도 explicitly specifies WGS84; longitude=x latitude=y geographic degrees. https://www.data.go.kr/bbs/rcr/selectRecsroom.do?originId=PDS_0000000001227&atchFileId=FILE_000000003049184 standard SHA256=d3d464f6a9dd9f6dfd3ff61fec966c95ccce8aec085c234ba3af9e665d3c67cd,False,SNAPSHOT_STABILITY_ASSUMPTION,"Official same-source snapshots labelled2023-10-31,2024-10-31,2025-08-14 corroborate identical coordinates for existing276source rows; practical pre-existing-station spatial stability assumption approved by human; not continuous-observation proof, not verified unchanged throughout2024. Historical2023/2024 file SHA256=9da58a78b07852906b9b9c75c539770d8a50a16c0cb5b8c21b23383327f85ce6; residual temporal uncertainty retained; see Batch2R-C temporal audit.",,adopted exact_matched; coordinate source=subway/data/raw/2024/station/서울교통공사_1_8호선 역사 좌표(위경도) 정보_20260917.csv row=8.0; ,,11060810,동대문구,용신동,20240630,958031.6388365318,1953077.1503338958,MAPPED,11060810,UNIQUE_STRICT_WITHIN,longitude=x latitude=y; EPSG:4326 analytical assumption -> EPSG:5179; strict contains; non-within touches checked; no repair/fallback,149.0,subway/data/raw/2024/boundary/bnd_dong_11_2024_2Q.shp,boundary,2024 Q2,2024-06-30,population_direct_65_plus,subway/data/raw/2024/population_direct_65_plus/201_DT_201004_O020003_2024Q2_20261006.csv,88.0,e48f83ca75f7f92a5a83e39834440c0f3149ace1113c3533102797e4d0338d76,DT_201004_O020003,https://stat.eseoul.go.kr/statHtml/statHtml.do?orgId=201&tblId=DT_201004_O020003&conn_path=I2,001006029,001006,002 계 (14210.MT0047 명),006 65세이상고령자 (14999671.ga028 명),명,official source code parents + exact complete Q2 boundary parent/name-set bijection; SGIS codes not equated to statistics codes,seoul_2024,IN_CURRENT_STUDY_AREA,STRICTLY_INSIDE_CONFIGURED_BOUNDARY_UNION,current configured validated boundary union; no replacement coordinates or correction,1,0.24775779198255787,40362,6816,0.16887171101531143,-0.35791884186798034,-0.3477607836229942,80.28965933633113
"station:[""1"",""제기동""]",1,제기동,157,subway/data/raw/2024/station/서울교통공사_1_8호선 역사 좌표(위경도) 정보_20260917.csv,9,제기동,157,37.578116,127.034902,exact_matched,False,ELIGIBLE,,EPSG:4326,ANALYTICAL_ASSUMPTION,analysis assumption supported by official national station-data standard; not source-specific CRS explicitly verified. Batch2R-C official 2024 공공데이터 제공 표준 section42 도시철도역사정보 items10 역위도/11 역경도 explicitly specifies WGS84; longitude=x latitude=y geographic degrees. https://www.data.go.kr/bbs/rcr/selectRecsroom.do?originId=PDS_0000000001227&atchFileId=FILE_000000003049184 standard SHA256=d3d464f6a9dd9f6dfd3ff61fec966c95ccce8aec085c234ba3af9e665d3c67cd,False,SNAPSHOT_STABILITY_ASSUMPTION,"Official same-source snapshots labelled2023-10-31,2024-10-31,2025-08-14 corroborate identical coordinates for existing276source rows; practical pre-existing-station spatial stability assumption approved by human; not continuous-observation proof, not verified unchanged throughout2024. Historical2023/2024 file SHA256=9da58a78b07852906b9b9c75c539770d8a50a16c0cb5b8c21b23383327f85ce6; residual temporal uncertainty retained; see Batch2R-C temporal audit.",,adopted exact_matched; coordinate source=subway/data/raw/2024/station/서울교통공사_1_8호선 역사 좌표(위경도) 정보_20260917.csv row=9.0; ,,11060810,동대문구,용신동,20240630,958932.7009533939,1953294.4255827006,MAPPED,11060810,UNIQUE_STRICT_WITHIN,longitude=x latitude=y; EPSG:4326 analytical assumption -> EPSG:5179; strict contains; non-within touches checked; no repair/fallback,149.0,subway/data/raw/2024/boundary/bnd_dong_11_2024_2Q.shp,boundary,2024 Q2,2024-06-30,population_direct_65_plus,subway/data/raw/2024/population_direct_65_plus/201_DT_201004_O020003_2024Q2_20261006.csv,88.0,e48f83ca75f7f92a5a83e39834440c0f3149ace1113c3533102797e4d0338d76,DT_201004_O020003,https://stat.eseoul.go.kr/statHtml/statHtml.do?orgId=201&tblId=DT_201004_O020003&conn_path=I2,001006029,001006,002 계 (14210.MT0047 명),006 65세이상고령자 (14999671.ga028 명),명,official source code parents + exact complete Q2 boundary parent/name-set bijection; SGIS codes not equated to statistics codes,seoul_2024,IN_CURRENT_STUDY_AREA,STRICTLY_INSIDE_CONFIGURED_BOUNDARY_UNION,current configured validated boundary union; no replacement coordinates or correction,1,0.24775779198255787,40362,6816,0.16887171101531143,-0.35791884186798034,-0.3477607836229942,341.38731646343933
"station:[""1"",""종각""]",1,종각,152,subway/data/raw/2024/station/서울교통공사_1_8호선 역사 좌표(위경도) 정보_20260917.csv,3,종각,152,37.570203,126.983116,exact_matched,False,ELIGIBLE,,EPSG:4326,ANALYTICAL_ASSUMPTION,analysis assumption supported by official national station-data standard; not source-specific CRS explicitly verified. Batch2R-C official 2024 공공데이터 제공 표준 section42 도시철도역사정보 items10 역위도/11 역경도 explicitly specifies WGS84; longitude=x latitude=y geographic degrees. https://www.data.go.kr/bbs/rcr/selectRecsroom.do?originId=PDS_0000000001227&atchFileId=FILE_000000003049184 standard SHA256=d3d464f6a9dd9f6dfd3ff61fec966c95ccce8aec085c234ba3af9e665d3c67cd,False,SNAPSHOT_STABILITY_ASSUMPTION,"Official same-source snapshots labelled2023-10-31,2024-10-31,2025-08-14 corroborate identical coordinates for existing276source rows; practical pre-existing-station spatial stability assumption approved by human; not continuous-observation proof, not verified unchanged throughout2024. Historical2023/2024 file SHA256=9da58a78b07852906b9b9c75c539770d8a50a16c0cb5b8c21b23383327f85ce6; residual temporal uncertainty retained; see Batch2R-C temporal audit.",,adopted exact_matched; coordinate source=subway/data/raw/2024/station/서울교통공사_1_8호선 역사 좌표(위경도) 정보_20260917.csv row=3.0; ,,11010610,종로구,종로1·2·3·4가동,20240630,954355.2321871055,1952440.413312612,MAPPED,11010610,UNIQUE_STRICT_WITHIN,longitude=x latitude=y; EPSG:4326 analytical assumption -> EPSG:5179; strict contains; non-within touches checked; no repair/fallback,19.0,subway/data/raw/2024/boundary/bnd_dong_11_2024_2Q.shp,boundary,2024 Q2,2024-06-30,population_direct_65_plus,subway/data/raw/2024/population_direct_65_plus/201_DT_201004_O020003_2024Q2_20261006.csv,11.0,e48f83ca75f7f92a5a83e39834440c0f3149ace1113c3533102797e4d0338d76,DT_201004_O020003,https://stat.eseoul.go.kr/statHtml/statHtml.do?orgId=201&tblId=DT_201004_O020003&conn_path=I2,001001010,001001,002 계 (14210.MT0047 명),006 65세이상고령자 (14999671.ga028 명),명,official source code parents + exact complete Q2 boundary parent/name-set bijection; SGIS codes not equated to statistics codes,seoul_2024,IN_CURRENT_STUDY_AREA,STRICTLY_INSIDE_CONFIGURED_BOUNDARY_UNION,current configured validated boundary union; no replacement coordinates or correction,5,5.927682276229993,8435,1811,0.21470065204505037,0.724682842524335,2.9213145692259563,173.54699776704481
"station:[""1"",""종로3가""]",1,종로3가,153,subway/data/raw/2024/station/서울교통공사_1_8호선 역사 좌표(위경도) 정보_20260917.csv,4,종로3가,153,37.570429,126.992095,exact_matched,False,ELIGIBLE,,EPSG:4326,ANALYTICAL_ASSUMPTION,analysis assumption supported by official national station-data standard; not source-specific CRS explicitly verified. Batch2R-C official 2024 공공데이터 제공 표준 section42 도시철도역사정보 items10 역위도/11 역경도 explicitly specifies WGS84; longitude=x latitude=y geographic degrees. https://www.data.go.kr/bbs/rcr/selectRecsroom.do?originId=PDS_0000000001227&atchFileId=FILE_000000003049184 standard SHA256=d3d464f6a9dd9f6dfd3ff61fec966c95ccce8aec085c234ba3af9e665d3c67cd,False,SNAPSHOT_STABILITY_ASSUMPTION,"Official same-source snapshots labelled2023-10-31,2024-10-31,2025-08-14 corroborate identical coordinates for existing276source rows; practical pre-existing-station spatial stability assumption approved by human; not continuous-observation proof, not verified unchanged throughout2024. Historical2023/2024 file SHA256=9da58a78b07852906b9b9c75c539770d8a50a16c0cb5b8c21b23383327f85ce6; residual temporal uncertainty retained; see Batch2R-C temporal audit.",,adopted exact_matched; coordinate source=subway/data/raw/2024/station/서울교통공사_1_8호선 역사 좌표(위경도) 정보_20260917.csv row=4.0; ,,11010610,종로구,종로1·2·3·4가동,20240630,955148.2867766198,1952461.1631391437,MAPPED,11010610,UNIQUE_STRICT_WITHIN,longitude=x latitude=y; EPSG:4326 analytical assumption -> EPSG:5179; strict contains; non-within touches checked; no repair/fallback,19.0,subway/data/raw/2024/boundary/bnd_dong_11_2024_2Q.shp,boundary,2024 Q2,2024-06-30,population_direct_65_plus,subway/data/raw/2024/population_direct_65_plus/201_DT_201004_O020003_2024Q2_20261006.csv,11.0,e48f83ca75f7f92a5a83e39834440c0f3149ace1113c3533102797e4d0338d76,DT_201004_O020003,https://stat.eseoul.go.kr/statHtml/statHtml.do?orgId=201&tblId=DT_201004_O020003&conn_path=I2,001001010,001001,002 계 (14210.MT0047 명),006 65세이상고령자 (14999671.ga028 명),명,official source code parents + exact complete Q2 boundary parent/name-set bijection; SGIS codes not equated to statistics codes,seoul_2024,IN_CURRENT_STUDY_AREA,STRICTLY_INSIDE_CONFIGURED_BOUNDARY_UNION,current configured validated boundary union; no replacement coordinates or correction,5,5.927682276229993,8435,1811,0.21470065204505037,0.724682842524335,2.9213145692259563,79.21809755193767
"station:[""1"",""종로5가""]",1,종로5가,154,subway/data/raw/2024/station/서울교통공사_1_8호선 역사 좌표(위경도) 정보_20260917.csv,5,종로5가,154,37.570971,127.0019,exact_matched,False,ELIGIBLE,,EPSG:4326,ANALYTICAL_ASSUMPTION,analysis assumption supported by official national station-data standard; not source-specific CRS explicitly verified. Batch2R-C official 2024 공공데이터 제공 표준 section42 도시철도역사정보 items10 역위도/11 역경도 explicitly specifies WGS84; longitude=x latitude=y geographic degrees. https://www.data.go.kr/bbs/rcr/selectRecsroom.do?originId=PDS_0000000001227&atchFileId=FILE_000000003049184 standard SHA256=d3d464f6a9dd9f6dfd3ff61fec966c95ccce8aec085c234ba3af9e665d3c67cd,False,SNAPSHOT_STABILITY_ASSUMPTION,"Official same-source snapshots labelled2023-10-31,2024-10-31,2025-08-14 corroborate identical coordinates for existing276source rows; practical pre-existing-station spatial stability assumption approved by human; not continuous-observation proof, not verified unchanged throughout2024. Historical2023/2024 file SHA256=9da58a78b07852906b9b9c75c539770d8a50a16c0cb5b8c21b23383327f85ce6; residual temporal uncertainty retained; see Batch2R-C temporal audit.",,adopted exact_matched; coordinate source=subway/data/raw/2024/station/서울교통공사_1_8호선 역사 좌표(위경도) 정보_20260917.csv row=5.0; ,,11010630,종로구,종로5·6가동,20240630,956014.4641994929,1952516.6603829376,MAPPED,11010630,UNIQUE_STRICT_WITHIN,longitude=x latitude=y; EPSG:4326 analytical assumption -> EPSG:5179; strict contains; non-within touches checked; no repair/fallback,20.0,subway/data/raw/2024/boundary/bnd_dong_11_2024_2Q.shp,boundary,2024 Q2,2024-06-30,population_direct_65_plus,subway/data/raw/2024/population_direct_65_plus/201_DT_201004_O020003_2024Q2_20261006.csv,12.0,e48f83ca75f7f92a5a83e39834440c0f3149ace1113c3533102797e4d0338d76,DT_201004_O020003,https://stat.eseoul.go.kr/statHtml/statHtml.do?orgId=201&tblId=DT_201004_O020003&conn_path=I2,001001011,001001,002 계 (14210.MT0047 명),006 65세이상고령자 (14999671.ga028 명),명,official source code parents + exact complete Q2 boundary parent/name-set bijection; SGIS codes not equated to statistics codes,seoul_2024,IN_CURRENT_STUDY_AREA,STRICTLY_INSIDE_CONFIGURED_BOUNDARY_UNION,current configured validated boundary union; no replacement coordinates or correction,3,5.192107995846314,5778,1101,0.1905503634475597,0.15418868475538242,2.497955463508815,53.64994502607071
"station:[""1"",""청량리(서울시립대입구)""]",1,청량리(서울시립대입구),158,subway/data/raw/2024/station/서울교통공사_1_8호선 역사 좌표(위경도) 정보_20260917.csv,10,청량리,158,37.580148,127.045063,alias_matched,False,ELIGIBLE,,EPSG:4326,ANALYTICAL_ASSUMPTION,analysis assumption supported by official national station-data standard; not source-specific CRS explicitly verified. Batch2R-C official 2024 공공데이터 제공 표준 section42 도시철도역사정보 items10 역위도/11 역경도 explicitly specifies WGS84; longitude=x latitude=y geographic degrees. https://www.data.go.kr/bbs/rcr/selectRecsroom.do?originId=PDS_0000000001227&atchFileId=FILE_000000003049184 standard SHA256=d3d464f6a9dd9f6dfd3ff61fec966c95ccce8aec085c234ba3af9e665d3c67cd,False,SNAPSHOT_STABILITY_ASSUMPTION,"Official same-source snapshots labelled2023-10-31,2024-10-31,2025-08-14 corroborate identical coordinates for existing276source rows; practical pre-existing-station spatial stability assumption approved by human; not continuous-observation proof, not verified unchanged throughout2024. Historical2023/2024 file SHA256=9da58a78b07852906b9b9c75c539770d8a50a16c0cb5b8c21b23383327f85ce6; residual temporal uncertainty retained; see Batch2R-C temporal audit.",,adopted alias_matched; coordinate source=subway/data/raw/2024/station/서울교통공사_1_8호선 역사 좌표(위경도) 정보_20260917.csv row=10.0; P-S2-2RA scoped source alias; provider family=서울교통공사; station_file=subway/data/raw/2024/station/서울교통공사_1_8호선 역사 좌표(위경도) 정보_20260917.csv; total_file=subway/data/raw/2024/total_ridership/서울교통공사_역별 일별 시간대별 승하차인원 정보_20260831.csv; station_row=10; normalized_line=1; external_code=158; station_raw=청량리; canonical_2024_total=청량리(서울시립대입구); relation=B adjunct/display source difference; source code+line unique on both sides; explicit reviewed display variant; not an official rename claim; OA-22477 row=2 previous=청량리 changed=청량리(서울시립대입구) revision=2009-12-01 note=병기역명; https://data.seoul.go.kr/dataList/OA-22477/F/1/datasetView.do; candidate identities station=1 total=1; no code-line contradiction or competing candidate; raw names preserved,,11060800,동대문구,청량리동,20240630,959830.9952074286,1953515.4728166435,MAPPED,11060800,UNIQUE_STRICT_WITHIN,longitude=x latitude=y; EPSG:4326 analytical assumption -> EPSG:5179; strict contains; non-within touches checked; no repair/fallback,148.0,subway/data/raw/2024/boundary/bnd_dong_11_2024_2Q.shp,boundary,2024 Q2,2024-06-30,population_direct_65_plus,subway/data/raw/2024/population_direct_65_plus/201_DT_201004_O020003_2024Q2_20261006.csv,96.0,e48f83ca75f7f92a5a83e39834440c0f3149ace1113c3533102797e4d0338d76,DT_201004_O020003,https://stat.eseoul.go.kr/statHtml/statHtml.do?orgId=201&tblId=DT_201004_O020003&conn_path=I2,001006028,001006,002 계 (14210.MT0047 명),006 65세이상고령자 (14999671.ga028 명),명,official source code parents + exact complete Q2 boundary parent/name-set bijection; SGIS codes not equated to statistics codes,seoul_2024,IN_CURRENT_STUDY_AREA,STRICTLY_INSIDE_CONFIGURED_BOUNDARY_UNION,current configured validated boundary union; no replacement coordinates or correction,1,0.5180541884681138,19303,5806,0.30078226182458684,2.7581598037758446,-0.19219193932490064,84.08129034007692
"station:[""2"",""강남""]",2,강남,222,subway/data/raw/2024/station/서울교통공사_1_8호선 역사 좌표(위경도) 정보_20260917.csv,31,강남,222,37.497958,127.027539,exact_matched,False,ELIGIBLE,,EPSG:4326,ANALYTICAL_ASSUMPTION,analysis assumption supported by official national station-data standard; not source-specific CRS explicitly verified. Batch2R-C official 2024 공공데이터 제공 표준 section42 도시철도역사정보 items10 역위도/11 역경도 explicitly specifies WGS84; longitude=x latitude=y geographic degrees. https://www.data.go.kr/bbs/rcr/selectRecsroom.do?originId=PDS_0000000001227&atchFileId=FILE_000000003049184 standard SHA256=d3d464f6a9dd9f6dfd3ff61fec966c95ccce8aec085c234ba3af9e665d3c67cd,False,SNAPSHOT_STABILITY_ASSUMPTION,"Official same-source snapshots labelled2023-10-31,2024-10-31,2025-08-14 corroborate identical coordinates for existing276source rows; practical pre-existing-station spatial stability assumption approved by human; not continuous-observation proof, not verified unchanged throughout2024. Historical2023/2024 file SHA256=9da58a78b07852906b9b9c75c539770d8a50a16c0cb5b8c21b23383327f85ce6; residual temporal uncertainty retained; see Batch2R-C temporal audit.",,adopted exact_matched; coordinate source=subway/data/raw/2024/station/서울교통공사_1_8호선 역사 좌표(위경도) 정보_20260917.csv row=31.0; ,,11220540,서초구,서초4동,20240630,958237.8762832925,1944404.5932156516,MAPPED,11220540,UNIQUE_STRICT_WITHIN,longitude=x latitude=y; EPSG:4326 analytical assumption -> EPSG:5179; strict contains; non-within touches checked; no repair/fallback,327.0,subway/data/raw/2024/boundary/bnd_dong_11_2024_2Q.shp,boundary,2024 Q2,2024-06-30,population_direct_65_plus,subway/data/raw/2024/population_direct_65_plus/201_DT_201004_O020003_2024Q2_20261006.csv,367.0,e48f83ca75f7f92a5a83e39834440c0f3149ace1113c3533102797e4d0338d76,DT_201004_O020003,https://stat.eseoul.go.kr/statHtml/statHtml.do?orgId=201&tblId=DT_201004_O020003&conn_path=I2,001022004,001022,002 계 (14210.MT0047 명),006 65세이상고령자 (14999671.ga028 명),명,official source code parents + exact complete Q2 boundary parent/name-set bijection; SGIS codes not equated to statistics codes,seoul_2024,IN_CURRENT_STUDY_AREA,STRICTLY_INSIDE_CONFIGURED_BOUNDARY_UNION,current configured validated boundary union; no replacement coordinates or correction,0,0.0,30495,4593,0.15061485489424495,-0.789194423286042,-0.4903575546703421,260.42106036044487
"station:[""2"",""강변(동서울터미널)""]",2,강변(동서울터미널),214,subway/data/raw/2024/station/서울교통공사_1_8호선 역사 좌표(위경도) 정보_20260917.csv,23,강변,214,37.535161,127.094684,alias_matched,False,ELIGIBLE,,EPSG:4326,ANALYTICAL_ASSUMPTION,analysis assumption supported by official national station-data standard; not source-specific CRS explicitly verified. Batch2R-C official 2024 공공데이터 제공 표준 section42 도시철도역사정보 items10 역위도/11 역경도 explicitly specifies WGS84; longitude=x latitude=y geographic degrees. https://www.data.go.kr/bbs/rcr/selectRecsroom.do?originId=PDS_0000000001227&atchFileId=FILE_000000003049184 standard SHA256=d3d464f6a9dd9f6dfd3ff61fec966c95ccce8aec085c234ba3af9e665d3c67cd,False,SNAPSHOT_STABILITY_ASSUMPTION,"Official same-source snapshots labelled2023-10-31,2024-10-31,2025-08-14 corroborate identical coordinates for existing276source rows; practical pre-existing-station spatial stability assumption approved by human; not continuous-observation proof, not verified unchanged throughout2024. Historical2023/2024 file SHA256=9da58a78b07852906b9b9c75c539770d8a50a16c0cb5b8c21b23383327f85ce6; residual temporal uncertainty retained; see Batch2R-C temporal audit.",,adopted alias_matched; coordinate source=subway/data/raw/2024/station/서울교통공사_1_8호선 역사 좌표(위경도) 정보_20260917.csv row=23.0; P-S2-2RA scoped source alias; provider family=서울교통공사; station_file=subway/data/raw/2024/station/서울교통공사_1_8호선 역사 좌표(위경도) 정보_20260917.csv; total_file=subway/data/raw/2024/total_ridership/서울교통공사_역별 일별 시간대별 승하차인원 정보_20260831.csv; station_row=23; normalized_line=2; external_code=214; station_raw=강변; canonical_2024_total=강변(동서울터미널); relation=B adjunct/display source difference; source code+line unique on both sides; explicit reviewed display variant; not an official rename claim; OA-22477 row=9 previous=강변 changed=강변(동서울터미널) revision=1991-12-01 note=병기역명; https://data.seoul.go.kr/dataList/OA-22477/F/1/datasetView.do; candidate identities station=1 total=1; no code-line contradiction or competing candidate; raw names preserved,,11050620,광진구,구의3동,20240630,964190.8165949243,1948504.3551141364,MAPPED,11050620,UNIQUE_STRICT_WITHIN,longitude=x latitude=y; EPSG:4326 analytical assumption -> EPSG:5179; strict contains; non-within touches checked; no repair/fallback,145.0,subway/data/raw/2024/boundary/bnd_dong_11_2024_2Q.shp,boundary,2024 Q2,2024-06-30,population_direct_65_plus,subway/data/raw/2024/population_direct_65_plus/201_DT_201004_O020003_2024Q2_20261006.csv,86.0,e48f83ca75f7f92a5a83e39834440c0f3149ace1113c3533102797e4d0338d76,DT_201004_O020003,https://stat.eseoul.go.kr/statHtml/statHtml.do?orgId=201&tblId=DT_201004_O020003&conn_path=I2,001005012,001005,002 계 (14210.MT0047 명),006 65세이상고령자 (14999671.ga028 명),명,official source code parents + exact complete Q2 boundary parent/name-set bijection; SGIS codes not equated to statistics codes,seoul_2024,IN_CURRENT_STUDY_AREA,STRICTLY_INSIDE_CONFIGURED_BOUNDARY_UNION,current configured validated boundary union; no replacement coordinates or correction,0,0.0,28039,4738,0.16897892221548558,-0.35538622768824313,-0.4903575546703421,711.6787536765457
"station:[""2"",""건대입구""]",2,건대입구,212,subway/data/raw/2024/station/서울교통공사_1_8호선 역사 좌표(위경도) 정보_20260917.csv,21,건대입구,212,37.540408,127.069231,exact_matched,False,ELIGIBLE,,EPSG:4326,ANALYTICAL_ASSUMPTION,analysis assumption supported by official national station-data standard; not source-specific CRS explicitly verified. Batch2R-C official 2024 공공데이터 제공 표준 section42 도시철도역사정보 items10 역위도/11 역경도 explicitly specifies WGS84; longitude=x latitude=y geographic degrees. https://www.data.go.kr/bbs/rcr/selectRecsroom.do?originId=PDS_0000000001227&atchFileId=FILE_000000003049184 standard SHA256=d3d464f6a9dd9f6dfd3ff61fec966c95ccce8aec085c234ba3af9e665d3c67cd,False,SNAPSHOT_STABILITY_ASSUMPTION,"Official same-source snapshots labelled2023-10-31,2024-10-31,2025-08-14 corroborate identical coordinates for existing276source rows; practical pre-existing-station spatial stability assumption approved by human; not continuous-observation proof, not verified unchanged throughout2024. Historical2023/2024 file SHA256=9da58a78b07852906b9b9c75c539770d8a50a16c0cb5b8c21b23383327f85ce6; residual temporal uncertainty retained; see Batch2R-C temporal audit.",,adopted exact_matched; coordinate source=subway/data/raw/2024/station/서울교통공사_1_8호선 역사 좌표(위경도) 정보_20260917.csv row=21.0; ,,11050530,광진구,화양동,20240630,961944.7304597475,1949096.4755224376,MAPPED,11050530,UNIQUE_STRICT_WITHIN,longitude=x latitude=y; EPSG:4326 analytical assumption -> EPSG:5179; strict contains; non-within touches checked; no repair/fallback,124.0,subway/data/raw/2024/boundary/bnd_dong_11_2024_2Q.shp,boundary,2024 Q2,2024-06-30,population_direct_65_plus,subway/data/raw/2024/population_direct_65_plus/201_DT_201004_O020003_2024Q2_20261006.csv,72.0,e48f83ca75f7f92a5a83e39834440c0f3149ace1113c3533102797e4d0338d76,DT_201004_O020003,https://stat.eseoul.go.kr/statHtml/statHtml.do?orgId=201&tblId=DT_201004_O020003&conn_path=I2,001005003,001005,002 계 (14210.MT0047 명),006 65세이상고령자 (14999671.ga028 명),명,official source code parents + exact complete Q2 boundary parent/name-set bijection; SGIS codes not equated to statistics codes,seoul_2024,IN_CURRENT_STUDY_AREA,STRICTLY_INSIDE_CONFIGURED_BOUNDARY_UNION,current configured validated boundary union; no replacement coordinates or correction,2,0.7234319612240468,27646,2445,0.08843955725963973,-2.2579406005790803,-0.07398694966324845,145.9341609705019
"station:[""2"",""교대(법원.검찰청)""]",2,교대(법원.검찰청),223,subway/data/raw/2024/station/서울교통공사_1_8호선 역사 좌표(위경도) 정보_20260917.csv,32,교대,223,37.493957,127.014631,alias_matched,False,ELIGIBLE,,EPSG:4326,ANALYTICAL_ASSUMPTION,analysis assumption supported by official national station-data standard; not source-specific CRS explicitly verified. Batch2R-C official 2024 공공데이터 제공 표준 section42 도시철도역사정보 items10 역위도/11 역경도 explicitly specifies WGS84; longitude=x latitude=y geographic degrees. https://www.data.go.kr/bbs/rcr/selectRecsroom.do?originId=PDS_0000000001227&atchFileId=FILE_000000003049184 standard SHA256=d3d464f6a9dd9f6dfd3ff61fec966c95ccce8aec085c234ba3af9e665d3c67cd,False,SNAPSHOT_STABILITY_ASSUMPTION,"Official same-source snapshots labelled2023-10-31,2024-10-31,2025-08-14 corroborate identical coordinates for existing276source rows; practical pre-existing-station spatial stability assumption approved by human; not continuous-observation proof, not verified unchanged throughout2024. Historical2023/2024 file SHA256=9da58a78b07852906b9b9c75c539770d8a50a16c0cb5b8c21b23383327f85ce6; residual temporal uncertainty retained; see Batch2R-C temporal audit.",,adopted alias_matched; coordinate source=subway/data/raw/2024/station/서울교통공사_1_8호선 역사 좌표(위경도) 정보_20260917.csv row=32.0; P-S2-2RA scoped source alias; provider family=서울교통공사; station_file=subway/data/raw/2024/station/서울교통공사_1_8호선 역사 좌표(위경도) 정보_20260917.csv; total_file=subway/data/raw/2024/total_ridership/서울교통공사_역별 일별 시간대별 승하차인원 정보_20260831.csv; station_row=32; normalized_line=2; external_code=223; station_raw=교대; canonical_2024_total=교대(법원.검찰청); relation=B adjunct/display source difference; source code+line unique on both sides; explicit reviewed display variant; not an official rename claim; candidate identities station=1 total=1; no code-line contradiction or competing candidate; raw names preserved,,11220510,서초구,서초1동,20240630,957094.6067557762,1943966.5134978688,MAPPED,11220510,UNIQUE_STRICT_WITHIN,longitude=x latitude=y; EPSG:4326 analytical assumption -> EPSG:5179; strict contains; non-within touches checked; no repair/fallback,325.0,subway/data/raw/2024/boundary/bnd_dong_11_2024_2Q.shp,boundary,2024 Q2,2024-06-30,population_direct_65_plus,subway/data/raw/2024/population_direct_65_plus/201_DT_201004_O020003_2024Q2_20261006.csv,364.0,e48f83ca75f7f92a5a83e39834440c0f3149ace1113c3533102797e4d0338d76,DT_201004_O020003,https://stat.eseoul.go.kr/statHtml/statHtml.do?orgId=201&tblId=DT_201004_O020003&conn_path=I2,001022001,001022,002 계 (14210.MT0047 명),006 65세이상고령자 (14999671.ga028 명),명,official source code parents + exact complete Q2 boundary parent/name-set bijection; SGIS codes not equated to statistics codes,seoul_2024,IN_CURRENT_STUDY_AREA,STRICTLY_INSIDE_CONFIGURED_BOUNDARY_UNION,current configured validated boundary union; no replacement coordinates or correction,1,0.48851978505129456,20470,3344,0.16336101612115292,-0.4880961368379164,-0.2091904382554395,111.77673268856984
"station:[""2"",""구로디지털단지""]",2,구로디지털단지,232,subway/data/raw/2024/station/서울교통공사_1_8호선 역사 좌표(위경도) 정보_20260917.csv,41,구로디지털단지,232,37.485005,126.902626,exact_matched,False,ELIGIBLE,,EPSG:4326,ANALYTICAL_ASSUMPTION,analysis assumption supported by official national station-data standard; not source-specific CRS explicitly verified. Batch2R-C official 2024 공공데이터 제공 표준 section42 도시철도역사정보 items10 역위도/11 역경도 explicitly specifies WGS84; longitude=x latitude=y geographic degrees. https://www.data.go.kr/bbs/rcr/selectRecsroom.do?originId=PDS_0000000001227&atchFileId=FILE_000000003049184 standard SHA256=d3d464f6a9dd9f6dfd3ff61fec966c95ccce8aec085c234ba3af9e665d3c67cd,False,SNAPSHOT_STABILITY_ASSUMPTION,"Official same-source snapshots labelled2023-10-31,2024-10-31,2025-08-14 corroborate identical coordinates for existing276source rows; practical pre-existing-station spatial stability assumption approved by human; not continuous-observation proof, not verified unchanged throughout2024. Historical2023/2024 file SHA256=9da58a78b07852906b9b9c75c539770d8a50a16c0cb5b8c21b23383327f85ce6; residual temporal uncertainty retained; see Batch2R-C temporal audit.",,adopted exact_matched; coordinate source=subway/data/raw/2024/station/서울교통공사_1_8호선 역사 좌표(위경도) 정보_20260917.csv row=41.0; ,,11170540,구로구,구로3동,20240630,947187.2602646406,1943030.2874472977,MAPPED,11170540,UNIQUE_STRICT_WITHIN,longitude=x latitude=y; EPSG:4326 analytical assumption -> EPSG:5179; strict contains; non-within touches checked; no repair/fallback,94.0,subway/data/raw/2024/boundary/bnd_dong_11_2024_2Q.shp,boundary,2024 Q2,2024-06-30,population_direct_65_plus,subway/data/raw/2024/population_direct_65_plus/201_DT_201004_O020003_2024Q2_20261006.csv,282.0,e48f83ca75f7f92a5a83e39834440c0f3149ace1113c3533102797e4d0338d76,DT_201004_O020003,https://stat.eseoul.go.kr/statHtml/statHtml.do?orgId=201&tblId=DT_201004_O020003&conn_path=I2,001017004,001017,002 계 (14210.MT0047 명),006 65세이상고령자 (14999671.ga028 명),명,official source code parents + exact complete Q2 boundary parent/name-set bijection; SGIS codes not equated to statistics codes,seoul_2024,IN_CURRENT_STUDY_AREA,STRICTLY_INSIDE_CONFIGURED_BOUNDARY_UNION,current configured validated boundary union; no replacement coordinates or correction,3,1.205254911413764,24891,3923,0.15760716724920654,-0.624017376572996,0.2033258095592657,74.83690482301125
"station:[""2"",""구의(광진구청)""]",2,구의(광진구청),213,subway/data/raw/2024/station/서울교통공사_1_8호선 역사 좌표(위경도) 정보_20260917.csv,22,구의,213,37.536857,127.085024,alias_matched,False,ELIGIBLE,,EPSG:4326,ANALYTICAL_ASSUMPTION,analysis assumption supported by official national station-data standard; not source-specific CRS explicitly verified. Batch2R-C official 2024 공공데이터 제공 표준 section42 도시철도역사정보 items10 역위도/11 역경도 explicitly specifies WGS84; longitude=x latitude=y geographic degrees. https://www.data.go.kr/bbs/rcr/selectRecsroom.do?originId=PDS_0000000001227&atchFileId=FILE_000000003049184 standard SHA256=d3d464f6a9dd9f6dfd3ff61fec966c95ccce8aec085c234ba3af9e665d3c67cd,False,SNAPSHOT_STABILITY_ASSUMPTION,"Official same-source snapshots labelled2023-10-31,2024-10-31,2025-08-14 corroborate identical coordinates for existing276source rows; practical pre-existing-station spatial stability assumption approved by human; not continuous-observation proof, not verified unchanged throughout2024. Historical2023/2024 file SHA256=9da58a78b07852906b9b9c75c539770d8a50a16c0cb5b8c21b23383327f85ce6; residual temporal uncertainty retained; see Batch2R-C temporal audit.",,adopted alias_matched; coordinate source=subway/data/raw/2024/station/서울교통공사_1_8호선 역사 좌표(위경도) 정보_20260917.csv row=22.0; P-S2-2RA scoped source alias; provider family=서울교통공사; station_file=subway/data/raw/2024/station/서울교통공사_1_8호선 역사 좌표(위경도) 정보_20260917.csv; total_file=subway/data/raw/2024/total_ridership/서울교통공사_역별 일별 시간대별 승하차인원 정보_20260831.csv; station_row=22; normalized_line=2; external_code=213; station_raw=구의; canonical_2024_total=구의(광진구청); relation=B adjunct/display source difference; source code+line unique on both sides; explicit reviewed display variant; not an official rename claim; OA-22477 row=8 previous=구의 changed=구의(광진구청) revision=1997-06-01 note=병기역명; https://data.seoul.go.kr/dataList/OA-22477/F/1/datasetView.do; candidate identities station=1 total=1; no code-line contradiction or competing candidate; raw names preserved,,11050650,광진구,자양2동,20240630,963338.1936302289,1948696.2384488138,MAPPED,11050650,UNIQUE_STRICT_WITHIN,longitude=x latitude=y; EPSG:4326 analytical assumption -> EPSG:5179; strict contains; non-within touches checked; no repair/fallback,56.0,subway/data/raw/2024/boundary/bnd_dong_11_2024_2Q.shp,boundary,2024 Q2,2024-06-30,population_direct_65_plus,subway/data/raw/2024/population_direct_65_plus/201_DT_201004_O020003_2024Q2_20261006.csv,81.0,e48f83ca75f7f92a5a83e39834440c0f3149ace1113c3533102797e4d0338d76,DT_201004_O020003,https://stat.eseoul.go.kr/statHtml/statHtml.do?orgId=201&tblId=DT_201004_O020003&conn_path=I2,001005015,001005,002 계 (14210.MT0047 명),006 65세이상고령자 (14999671.ga028 명),명,official source code parents + exact complete Q2 boundary parent/name-set bijection; SGIS codes not equated to statistics codes,seoul_2024,IN_CURRENT_STUDY_AREA,STRICTLY_INSIDE_CONFIGURED_BOUNDARY_UNION,current configured validated boundary union; no replacement coordinates or correction,1,0.41736227045075125,23960,4540,0.18948247078464106,0.12896221498215074,-0.2501450808384115,26.747562423574998
"station:[""2"",""낙성대(강감찬)""]",2,낙성대(강감찬),227,subway/data/raw/2024/station/서울교통공사_1_8호선 역사 좌표(위경도) 정보_20260917.csv,36,낙성대,227,37.47693,126.963783,alias_matched,False,ELIGIBLE,,EPSG:4326,ANALYTICAL_ASSUMPTION,analysis assumption supported by official national station-data standard; not source-specific CRS explicitly verified. Batch2R-C official 2024 공공데이터 제공 표준 section42 도시철도역사정보 items10 역위도/11 역경도 explicitly specifies WGS84; longitude=x latitude=y geographic degrees. https://www.data.go.kr/bbs/rcr/selectRecsroom.do?originId=PDS_0000000001227&atchFileId=FILE_000000003049184 standard SHA256=d3d464f6a9dd9f6dfd3ff61fec966c95ccce8aec085c234ba3af9e665d3c67cd,False,SNAPSHOT_STABILITY_ASSUMPTION,"Official same-source snapshots labelled2023-10-31,2024-10-31,2025-08-14 corroborate identical coordinates for existing276source rows; practical pre-existing-station spatial stability assumption approved by human; not continuous-observation proof, not verified unchanged throughout2024. Historical2023/2024 file SHA256=9da58a78b07852906b9b9c75c539770d8a50a16c0cb5b8c21b23383327f85ce6; residual temporal uncertainty retained; see Batch2R-C temporal audit.",,adopted alias_matched; coordinate source=subway/data/raw/2024/station/서울교통공사_1_8호선 역사 좌표(위경도) 정보_20260917.csv row=36.0; P-S2-2RA scoped source alias; provider family=서울교통공사; station_file=subway/data/raw/2024/station/서울교통공사_1_8호선 역사 좌표(위경도) 정보_20260917.csv; total_file=subway/data/raw/2024/total_ridership/서울교통공사_역별 일별 시간대별 승하차인원 정보_20260831.csv; station_row=36; normalized_line=2; external_code=227; station_raw=낙성대; canonical_2024_total=낙성대(강감찬); relation=B adjunct/display source difference; source code+line unique on both sides; explicit reviewed display variant; not an official rename claim; OA-22477 row=16 previous=낙성대 changed=낙성대(강감찬) revision=2019-12-26 note=병기역명; https://data.seoul.go.kr/dataList/OA-22477/F/1/datasetView.do; candidate identities station=1 total=1; no code-line contradiction or competing candidate; raw names preserved,,11210620,관악구,인헌동,20240630,952588.9802534718,1942101.8676141428,MAPPED,11210620,UNIQUE_STRICT_WITHIN,longitude=x latitude=y; EPSG:4326 analytical assumption -> EPSG:5179; strict contains; non-within touches checked; no repair/fallback,219.0,subway/data/raw/2024/boundary/bnd_dong_11_2024_2Q.shp,boundary,2024 Q2,2024-06-30,population_direct_65_plus,subway/data/raw/2024/population_direct_65_plus/201_DT_201004_O020003_2024Q2_20261006.csv,350.0,e48f83ca75f7f92a5a83e39834440c0f3149ace1113c3533102797e4d0338d76,DT_201004_O020003,https://stat.eseoul.go.kr/statHtml/statHtml.do?orgId=201&tblId=DT_201004_O020003&conn_path=I2,001021033,001021,002 계 (14210.MT0047 명),006 65세이상고령자 (14999671.ga028 명),명,official source code parents + exact complete Q2 boundary parent/name-set bijection; SGIS codes not equated to statistics codes,seoul_2024,IN_CURRENT_STUDY_AREA,STRICTLY_INSIDE_CONFIGURED_BOUNDARY_UNION,current configured validated boundary union; no replacement coordinates or correction,1,0.39041149371437495,25614,4366,0.1704536581556961,-0.3205490357952474,-0.2656565757910942,692.4793468581479
"station:[""2"",""당산""]",2,당산,237,subway/data/raw/2024/station/서울교통공사_1_8호선 역사 좌표(위경도) 정보_20260917.csv,46,당산,237,37.533877,126.902011,exact_matched,False,ELIGIBLE,,EPSG:4326,ANALYTICAL_ASSUMPTION,analysis assumption supported by official national station-data standard; not source-specific CRS explicitly verified. Batch2R-C official 2024 공공데이터 제공 표준 section42 도시철도역사정보 items10 역위도/11 역경도 explicitly specifies WGS84; longitude=x latitude=y geographic degrees. https://www.data.go.kr/bbs/rcr/selectRecsroom.do?originId=PDS_0000000001227&atchFileId=FILE_000000003049184 standard SHA256=d3d464f6a9dd9f6dfd3ff61fec966c95ccce8aec085c234ba3af9e665d3c67cd,False,SNAPSHOT_STABILITY_ASSUMPTION,"Official same-source snapshots labelled2023-10-31,2024-10-31,2025-08-14 corroborate identical coordinates for existing276source rows; practical pre-existing-station spatial stability assumption approved by human; not continuous-observation proof, not verified unchanged throughout2024. Historical2023/2024 file SHA256=9da58a78b07852906b9b9c75c539770d8a50a16c0cb5b8c21b23383327f85ce6; residual temporal uncertainty retained; see Batch2R-C temporal audit.",,adopted exact_matched; coordinate source=subway/data/raw/2024/station/서울교통공사_1_8호선 역사 좌표(위경도) 정보_20260917.csv row=46.0; ,,11190560,영등포구,당산2동,20240630,947167.3469034574,1948452.707221562,MAPPED,11190560,UNIQUE_STRICT_WITHIN,longitude=x latitude=y; EPSG:4326 analytical assumption -> EPSG:5179; strict contains; non-within touches checked; no repair/fallback,194.0,subway/data/raw/2024/boundary/bnd_dong_11_2024_2Q.shp,boundary,2024 Q2,2024-06-30,population_direct_65_plus,subway/data/raw/2024/population_direct_65_plus/201_DT_201004_O020003_2024Q2_20261006.csv,311.0,e48f83ca75f7f92a5a83e39834440c0f3149ace1113c3533102797e4d0338d76,DT_201004_O020003,https://stat.eseoul.go.kr/statHtml/statHtml.do?orgId=201&tblId=DT_201004_O020003&conn_path=I2,001019006,001019,002 계 (14210.MT0047 명),006 65세이상고령자 (14999671.ga028 명),명,official source code parents + exact complete Q2 boundary parent/name-set bijection; SGIS codes not equated to statistics codes,seoul_2024,IN_CURRENT_STUDY_AREA,STRICTLY_INSIDE_CONFIGURED_BOUNDARY_UNION,current configured validated boundary union; no replacement coordinates or correction,3,0.8106136345213326,37009,5142,0.13893917695695643,-1.0650050424563262,-0.023809617167595023,132.38674516655766
"station:[""2"",""대림(구로구청)""]",2,대림(구로구청),233,subway/data/raw/2024/station/서울교통공사_1_8호선 역사 좌표(위경도) 정보_20260917.csv,42,대림,233,37.492426,126.895293,alias_matched,False,ELIGIBLE,,EPSG:4326,ANALYTICAL_ASSUMPTION,analysis assumption supported by official national station-data standard; not source-specific CRS explicitly verified. Batch2R-C official 2024 공공데이터 제공 표준 section42 도시철도역사정보 items10 역위도/11 역경도 explicitly specifies WGS84; longitude=x latitude=y geographic degrees. https://www.data.go.kr/bbs/rcr/selectRecsroom.do?originId=PDS_0000000001227&atchFileId=FILE_000000003049184 standard SHA256=d3d464f6a9dd9f6dfd3ff61fec966c95ccce8aec085c234ba3af9e665d3c67cd,False,SNAPSHOT_STABILITY_ASSUMPTION,"Official same-source snapshots labelled2023-10-31,2024-10-31,2025-08-14 corroborate identical coordinates for existing276source rows; practical pre-existing-station spatial stability assumption approved by human; not continuous-observation proof, not verified unchanged throughout2024. Historical2023/2024 file SHA256=9da58a78b07852906b9b9c75c539770d8a50a16c0cb5b8c21b23383327f85ce6; residual temporal uncertainty retained; see Batch2R-C temporal audit.",,adopted alias_matched; coordinate source=subway/data/raw/2024/station/서울교통공사_1_8호선 역사 좌표(위경도) 정보_20260917.csv row=42.0; P-S2-2RA scoped source alias; provider family=서울교통공사; station_file=subway/data/raw/2024/station/서울교통공사_1_8호선 역사 좌표(위경도) 정보_20260917.csv; total_file=subway/data/raw/2024/total_ridership/서울교통공사_역별 일별 시간대별 승하차인원 정보_20260831.csv; station_row=42; normalized_line=2; external_code=233; station_raw=대림; canonical_2024_total=대림(구로구청); relation=B adjunct/display source difference; source code+line unique on both sides; explicit reviewed display variant; not an official rename claim; OA-22477 row=18 previous=대림 changed=대림(구로구청) revision=1993-03-01 note=병기역명; https://data.seoul.go.kr/dataList/OA-22477/F/1/datasetView.do; candidate identities station=1 total=1; no code-line contradiction or competing candidate; raw names preserved,,11170550,구로구,구로4동,20240630,946544.2455154926,1943857.7420228864,MAPPED,11170550,UNIQUE_STRICT_WITHIN,longitude=x latitude=y; EPSG:4326 analytical assumption -> EPSG:5179; strict contains; non-within touches checked; no repair/fallback,95.0,subway/data/raw/2024/boundary/bnd_dong_11_2024_2Q.shp,boundary,2024 Q2,2024-06-30,population_direct_65_plus,subway/data/raw/2024/population_direct_65_plus/201_DT_201004_O020003_2024Q2_20261006.csv,283.0,e48f83ca75f7f92a5a83e39834440c0f3149ace1113c3533102797e4d0338d76,DT_201004_O020003,https://stat.eseoul.go.kr/statHtml/statHtml.do?orgId=201&tblId=DT_201004_O020003&conn_path=I2,001017005,001017,002 계 (14210.MT0047 명),006 65세이상고령자 (14999671.ga028 명),명,official source code parents + exact complete Q2 boundary parent/name-set bijection; SGIS codes not equated to statistics codes,seoul_2024,IN_CURRENT_STUDY_AREA,STRICTLY_INSIDE_CONFIGURED_BOUNDARY_UNION,current configured validated boundary union; no replacement coordinates or correction,1,0.44905473977277827,22269,5185,0.23283488257218554,1.153061680715153,-0.23190450904579427,167.8458829352225
"station:[""2"",""도림천""]",2,도림천,247,subway/data/raw/2024/station/서울교통공사_1_8호선 역사 좌표(위경도) 정보_20260917.csv,58,도림천,247,37.514759,126.882586,exact_matched,False,ELIGIBLE,,EPSG:4326,ANALYTICAL_ASSUMPTION,analysis assumption supported by official national station-data standard; not source-specific CRS explicitly verified. Batch2R-C official 2024 공공데이터 제공 표준 section42 도시철도역사정보 items10 역위도/11 역경도 explicitly specifies WGS84; longitude=x latitude=y geographic degrees. https://www.data.go.kr/bbs/rcr/selectRecsroom.do?originId=PDS_0000000001227&atchFileId=FILE_000000003049184 standard SHA256=d3d464f6a9dd9f6dfd3ff61fec966c95ccce8aec085c234ba3af9e665d3c67cd,False,SNAPSHOT_STABILITY_ASSUMPTION,"Official same-source snapshots labelled2023-10-31,2024-10-31,2025-08-14 corroborate identical coordinates for existing276source rows; practical pre-existing-station spatial stability assumption approved by human; not continuous-observation proof, not verified unchanged throughout2024. Historical2023/2024 file SHA256=9da58a78b07852906b9b9c75c539770d8a50a16c0cb5b8c21b23383327f85ce6; residual temporal uncertainty retained; see Batch2R-C temporal audit.",,adopted exact_matched; coordinate source=subway/data/raw/2024/station/서울교통공사_1_8호선 역사 좌표(위경도) 정보_20260917.csv row=58.0; ,,11170510,구로구,신도림동,20240630,945437.1983939867,1946342.7551630326,MAPPED,11170510,UNIQUE_STRICT_WITHIN,longitude=x latitude=y; EPSG:4326 analytical assumption -> EPSG:5179; strict contains; non-within touches checked; no repair/fallback,291.0,subway/data/raw/2024/boundary/bnd_dong_11_2024_2Q.shp,boundary,2024 Q2,2024-06-30,population_direct_65_plus,subway/data/raw/2024/population_direct_65_plus/201_DT_201004_O020003_2024Q2_20261006.csv,279.0,e48f83ca75f7f92a5a83e39834440c0f3149ace1113c3533102797e4d0338d76,DT_201004_O020003,https://stat.eseoul.go.kr/statHtml/statHtml.do?orgId=201&tblId=DT_201004_O020003&conn_path=I2,001017001,001017,002 계 (14210.MT0047 명),006 65세이상고령자 (14999671.ga028 명),명,official source code parents + exact complete Q2 boundary parent/name-set bijection; SGIS codes not equated to statistics codes,seoul_2024,IN_CURRENT_STUDY_AREA,STRICTLY_INSIDE_CONFIGURED_BOUNDARY_UNION,current configured validated boundary union; no replacement coordinates or correction,1,0.27508802816901406,36352,5402,0.1486025528169014,-0.8367303595195369,-0.33203089113015016,739.9838152856241
"station:[""2"",""동대문역사문화공원(DDP)""]",2,동대문역사문화공원(DDP),205,subway/data/raw/2024/station/서울교통공사_1_8호선 역사 좌표(위경도) 정보_20260917.csv,14,동대문역사문화공원,205,37.565597,127.009113,alias_matched,False,ELIGIBLE,,EPSG:4326,ANALYTICAL_ASSUMPTION,analysis assumption supported by official national station-data standard; not source-specific CRS explicitly verified. Batch2R-C official 2024 공공데이터 제공 표준 section42 도시철도역사정보 items10 역위도/11 역경도 explicitly specifies WGS84; longitude=x latitude=y geographic degrees. https://www.data.go.kr/bbs/rcr/selectRecsroom.do?originId=PDS_0000000001227&atchFileId=FILE_000000003049184 standard SHA256=d3d464f6a9dd9f6dfd3ff61fec966c95ccce8aec085c234ba3af9e665d3c67cd,False,SNAPSHOT_STABILITY_ASSUMPTION,"Official same-source snapshots labelled2023-10-31,2024-10-31,2025-08-14 corroborate identical coordinates for existing276source rows; practical pre-existing-station spatial stability assumption approved by human; not continuous-observation proof, not verified unchanged throughout2024. Historical2023/2024 file SHA256=9da58a78b07852906b9b9c75c539770d8a50a16c0cb5b8c21b23383327f85ce6; residual temporal uncertainty retained; see Batch2R-C temporal audit.",,adopted alias_matched; coordinate source=subway/data/raw/2024/station/서울교통공사_1_8호선 역사 좌표(위경도) 정보_20260917.csv row=14.0; P-S2-2RA scoped source alias; provider family=서울교통공사; station_file=subway/data/raw/2024/station/서울교통공사_1_8호선 역사 좌표(위경도) 정보_20260917.csv; total_file=subway/data/raw/2024/total_ridership/서울교통공사_역별 일별 시간대별 승하차인원 정보_20260831.csv; station_row=14; normalized_line=2; external_code=205; station_raw=동대문역사문화공원; canonical_2024_total=동대문역사문화공원(DDP); relation=B adjunct/display source difference; source code+line unique on both sides; explicit reviewed display variant; not an official rename claim; OA-22477 row=5 previous=동대문역사문화공원 changed=동대문역사문화공원(DDP) revision=2019-12-26 note=병기역명; https://data.seoul.go.kr/dataList/OA-22477/F/1/datasetView.do; candidate identities station=1 total=1; no code-line contradiction or competing candidate; raw names preserved,,11020590,중구,광희동,20240630,956648.3094848274,1951917.090010714,MAPPED,11020590,UNIQUE_STRICT_WITHIN,longitude=x latitude=y; EPSG:4326 analytical assumption -> EPSG:5179; strict contains; non-within touches checked; no repair/fallback,44.0,subway/data/raw/2024/boundary/bnd_dong_11_2024_2Q.shp,boundary,2024 Q2,2024-06-30,population_direct_65_plus,subway/data/raw/2024/population_direct_65_plus/201_DT_201004_O020003_2024Q2_20261006.csv,26.0,e48f83ca75f7f92a5a83e39834440c0f3149ace1113c3533102797e4d0338d76,DT_201004_O020003,https://stat.eseoul.go.kr/statHtml/statHtml.do?orgId=201&tblId=DT_201004_O020003&conn_path=I2,001002006,001002,002 계 (14210.MT0047 명),006 65세이상고령자 (14999671.ga028 명),명,official source code parents + exact complete Q2 boundary parent/name-set bijection; SGIS codes not equated to statistics codes,seoul_2024,IN_CURRENT_STUDY_AREA,STRICTLY_INSIDE_CONFIGURED_BOUNDARY_UNION,current configured validated boundary union; no replacement coordinates or correction,0,0.0,7070,1213,0.17157001414427156,-0.29417773315421575,-0.4903575546703421,360.96777064309504
"station:[""2"",""뚝섬""]",2,뚝섬,210,subway/data/raw/2024/station/서울교통공사_1_8호선 역사 좌표(위경도) 정보_20260917.csv,19,뚝섬,210,37.54718,127.047413,exact_matched,False,ELIGIBLE,,EPSG:4326,ANALYTICAL_ASSUMPTION,analysis assumption supported by official national station-data standard; not source-specific CRS explicitly verified. Batch2R-C official 2024 공공데이터 제공 표준 section42 도시철도역사정보 items10 역위도/11 역경도 explicitly specifies WGS84; longitude=x latitude=y geographic degrees. https://www.data.go.kr/bbs/rcr/selectRecsroom.do?originId=PDS_0000000001227&atchFileId=FILE_000000003049184 standard SHA256=d3d464f6a9dd9f6dfd3ff61fec966c95ccce8aec085c234ba3af9e665d3c67cd,False,SNAPSHOT_STABILITY_ASSUMPTION,"Official same-source snapshots labelled2023-10-31,2024-10-31,2025-08-14 corroborate identical coordinates for existing276source rows; practical pre-existing-station spatial stability assumption approved by human; not continuous-observation proof, not verified unchanged throughout2024. Historical2023/2024 file SHA256=9da58a78b07852906b9b9c75c539770d8a50a16c0cb5b8c21b23383327f85ce6; residual temporal uncertainty retained; see Batch2R-C temporal audit.",,adopted exact_matched; coordinate source=subway/data/raw/2024/station/서울교통공사_1_8호선 역사 좌표(위경도) 정보_20260917.csv row=19.0; ,,11040660,성동구,성수1가2동,20240630,960020.8771363966,1949856.8444581926,MAPPED,11040660,UNIQUE_STRICT_WITHIN,longitude=x latitude=y; EPSG:4326 analytical assumption -> EPSG:5179; strict contains; non-within touches checked; no repair/fallback,33.0,subway/data/raw/2024/boundary/bnd_dong_11_2024_2Q.shp,boundary,2024 Q2,2024-06-30,population_direct_65_plus,subway/data/raw/2024/population_direct_65_plus/201_DT_201004_O020003_2024Q2_20261006.csv,66.0,e48f83ca75f7f92a5a83e39834440c0f3149ace1113c3533102797e4d0338d76,DT_201004_O020003,https://stat.eseoul.go.kr/statHtml/statHtml.do?orgId=201&tblId=DT_201004_O020003&conn_path=I2,001004016,001004,002 계 (14210.MT0047 명),006 65세이상고령자 (14999671.ga028 명),명,official source code parents + exact complete Q2 boundary parent/name-set bijection; SGIS codes not equated to statistics codes,seoul_2024,IN_CURRENT_STUDY_AREA,STRICTLY_INSIDE_CONFIGURED_BOUNDARY_UNION,current configured validated boundary union; no replacement coordinates or correction,1,0.8294625082946251,12056,2119,0.17576310550763105,-0.19512574393547832,-0.012961165070719023,80.9840999965665
"station:[""2"",""문래""]",2,문래,235,subway/data/raw/2024/station/서울교통공사_1_8호선 역사 좌표(위경도) 정보_20260917.csv,44,문래,235,37.517993,126.894766,exact_matched,False,ELIGIBLE,,EPSG:4326,ANALYTICAL_ASSUMPTION,analysis assumption supported by official national station-data standard; not source-specific CRS explicitly verified. Batch2R-C official 2024 공공데이터 제공 표준 section42 도시철도역사정보 items10 역위도/11 역경도 explicitly specifies WGS84; longitude=x latitude=y geographic degrees. https://www.data.go.kr/bbs/rcr/selectRecsroom.do?originId=PDS_0000000001227&atchFileId=FILE_000000003049184 standard SHA256=d3d464f6a9dd9f6dfd3ff61fec966c95ccce8aec085c234ba3af9e665d3c67cd,False,SNAPSHOT_STABILITY_ASSUMPTION,"Official same-source snapshots labelled2023-10-31,2024-10-31,2025-08-14 corroborate identical coordinates for existing276source rows; practical pre-existing-station spatial stability assumption approved by human; not continuous-observation proof, not verified unchanged throughout2024. Historical2023/2024 file SHA256=9da58a78b07852906b9b9c75c539770d8a50a16c0cb5b8c21b23383327f85ce6; residual temporal uncertainty retained; see Batch2R-C temporal audit.",,adopted exact_matched; coordinate source=subway/data/raw/2024/station/서울교통공사_1_8호선 역사 좌표(위경도) 정보_20260917.csv row=44.0; ,,11190760,영등포구,문래동,20240630,946515.901742083,1946694.5558159684,MAPPED,11190760,UNIQUE_STRICT_WITHIN,longitude=x latitude=y; EPSG:4326 analytical assumption -> EPSG:5179; strict contains; non-within touches checked; no repair/fallback,302.0,subway/data/raw/2024/boundary/bnd_dong_11_2024_2Q.shp,boundary,2024 Q2,2024-06-30,population_direct_65_plus,subway/data/raw/2024/population_direct_65_plus/201_DT_201004_O020003_2024Q2_20261006.csv,313.0,e48f83ca75f7f92a5a83e39834440c0f3149ace1113c3533102797e4d0338d76,DT_201004_O020003,https://stat.eseoul.go.kr/statHtml/statHtml.do?orgId=201&tblId=DT_201004_O020003&conn_path=I2,001019026,001019,002 계 (14210.MT0047 명),006 65세이상고령자 (14999671.ga028 명),명,official source code parents + exact complete Q2 boundary parent/name-set bijection; SGIS codes not equated to statistics codes,seoul_2024,IN_CURRENT_STUDY_AREA,STRICTLY_INSIDE_CONFIGURED_BOUNDARY_UNION,current configured validated boundary union; no replacement coordinates or correction,0,0.0,32247,5073,0.15731695971718299,-0.6308728516490656,-0.4903575546703421,493.551907203496
"station:[""2"",""방배""]",2,방배,225,subway/data/raw/2024/station/서울교통공사_1_8호선 역사 좌표(위경도) 정보_20260917.csv,34,방배,225,37.481469,126.997627,exact_matched,False,ELIGIBLE,,EPSG:4326,ANALYTICAL_ASSUMPTION,analysis assumption supported by official national station-data standard; not source-specific CRS explicitly verified. Batch2R-C official 2024 공공데이터 제공 표준 section42 도시철도역사정보 items10 역위도/11 역경도 explicitly specifies WGS84; longitude=x latitude=y geographic degrees. https://www.data.go.kr/bbs/rcr/selectRecsroom.do?originId=PDS_0000000001227&atchFileId=FILE_000000003049184 standard SHA256=d3d464f6a9dd9f6dfd3ff61fec966c95ccce8aec085c234ba3af9e665d3c67cd,False,SNAPSHOT_STABILITY_ASSUMPTION,"Official same-source snapshots labelled2023-10-31,2024-10-31,2025-08-14 corroborate identical coordinates for existing276source rows; practical pre-existing-station spatial stability assumption approved by human; not continuous-observation proof, not verified unchanged throughout2024. Historical2023/2024 file SHA256=9da58a78b07852906b9b9c75c539770d8a50a16c0cb5b8c21b23383327f85ce6; residual temporal uncertainty retained; see Batch2R-C temporal audit.",,adopted exact_matched; coordinate source=subway/data/raw/2024/station/서울교통공사_1_8호선 역사 좌표(위경도) 정보_20260917.csv row=34.0; ,,11220620,서초구,방배1동,20240630,955584.0929586632,1942588.9372027542,MAPPED,11220620,UNIQUE_STRICT_WITHIN,longitude=x latitude=y; EPSG:4326 analytical assumption -> EPSG:5179; strict contains; non-within touches checked; no repair/fallback,335.0,subway/data/raw/2024/boundary/bnd_dong_11_2024_2Q.shp,boundary,2024 Q2,2024-06-30,population_direct_65_plus,subway/data/raw/2024/population_direct_65_plus/201_DT_201004_O020003_2024Q2_20261006.csv,375.0,e48f83ca75f7f92a5a83e39834440c0f3149ace1113c3533102797e4d0338d76,DT_201004_O020003,https://stat.eseoul.go.kr/statHtml/statHtml.do?orgId=201&tblId=DT_201004_O020003&conn_path=I2,001022012,001022,002 계 (14210.MT0047 명),006 65세이상고령자 (14999671.ga028 명),명,official source code parents + exact complete Q2 boundary parent/name-set bijection; SGIS codes not equated to statistics codes,seoul_2024,IN_CURRENT_STUDY_AREA,STRICTLY_INSIDE_CONFIGURED_BOUNDARY_UNION,current configured validated boundary union; no replacement coordinates or correction,1,0.6030271965265633,16583,3232,0.19489838991738528,0.25690065396630074,-0.14328580209161354,507.76089599191704
"station:[""2"",""봉천""]",2,봉천,229,subway/data/raw/2024/station/서울교통공사_1_8호선 역사 좌표(위경도) 정보_20260917.csv,38,봉천,229,37.482416,126.941896,exact_matched,False,ELIGIBLE,,EPSG:4326,ANALYTICAL_ASSUMPTION,analysis assumption supported by official national station-data standard; not source-specific CRS explicitly verified. Batch2R-C official 2024 공공데이터 제공 표준 section42 도시철도역사정보 items10 역위도/11 역경도 explicitly specifies WGS84; longitude=x latitude=y geographic degrees. https://www.data.go.kr/bbs/rcr/selectRecsroom.do?originId=PDS_0000000001227&atchFileId=FILE_000000003049184 standard SHA256=d3d464f6a9dd9f6dfd3ff61fec966c95ccce8aec085c234ba3af9e665d3c67cd,False,SNAPSHOT_STABILITY_ASSUMPTION,"Official same-source snapshots labelled2023-10-31,2024-10-31,2025-08-14 corroborate identical coordinates for existing276source rows; practical pre-existing-station spatial stability assumption approved by human; not continuous-observation proof, not verified unchanged throughout2024. Historical2023/2024 file SHA256=9da58a78b07852906b9b9c75c539770d8a50a16c0cb5b8c21b23383327f85ce6; residual temporal uncertainty retained; see Batch2R-C temporal audit.",,adopted exact_matched; coordinate source=subway/data/raw/2024/station/서울교통공사_1_8호선 역사 좌표(위경도) 정보_20260917.csv row=38.0; ,,11210800,관악구,청룡동,20240630,950657.3760624328,1942721.7492520711,MAPPED,11210800,UNIQUE_STRICT_WITHIN,longitude=x latitude=y; EPSG:4326 analytical assumption -> EPSG:5179; strict contains; non-within touches checked; no repair/fallback,232.0,subway/data/raw/2024/boundary/bnd_dong_11_2024_2Q.shp,boundary,2024 Q2,2024-06-30,population_direct_65_plus,subway/data/raw/2024/population_direct_65_plus/201_DT_201004_O020003_2024Q2_20261006.csv,347.0,e48f83ca75f7f92a5a83e39834440c0f3149ace1113c3533102797e4d0338d76,DT_201004_O020003,https://stat.eseoul.go.kr/statHtml/statHtml.do?orgId=201&tblId=DT_201004_O020003&conn_path=I2,001021044,001021,002 계 (14210.MT0047 명),006 65세이상고령자 (14999671.ga028 명),명,official source code parents + exact complete Q2 boundary parent/name-set bijection; SGIS codes not equated to statistics codes,seoul_2024,IN_CURRENT_STUDY_AREA,STRICTLY_INSIDE_CONFIGURED_BOUNDARY_UNION,current configured validated boundary union; no replacement coordinates or correction,3,0.8099789405475457,37038,5051,0.13637345429018846,-1.125614247432808,-0.024174914704923712,504.9550090201203
"station:[""2"",""사당""]",2,사당,226,subway/data/raw/2024/station/서울교통공사_1_8호선 역사 좌표(위경도) 정보_20260917.csv,35,사당,226,37.476536,126.981631,exact_matched,False,ELIGIBLE,,EPSG:4326,ANALYTICAL_ASSUMPTION,analysis assumption supported by official national station-data standard; not source-specific CRS explicitly verified. Batch2R-C official 2024 공공데이터 제공 표준 section42 도시철도역사정보 items10 역위도/11 역경도 explicitly specifies WGS84; longitude=x latitude=y geographic degrees. https://www.data.go.kr/bbs/rcr/selectRecsroom.do?originId=PDS_0000000001227&atchFileId=FILE_000000003049184 standard SHA256=d3d464f6a9dd9f6dfd3ff61fec966c95ccce8aec085c234ba3af9e665d3c67cd,False,SNAPSHOT_STABILITY_ASSUMPTION,"Official same-source snapshots labelled2023-10-31,2024-10-31,2025-08-14 corroborate identical coordinates for existing276source rows; practical pre-existing-station spatial stability assumption approved by human; not continuous-observation proof, not verified unchanged throughout2024. Historical2023/2024 file SHA256=9da58a78b07852906b9b9c75c539770d8a50a16c0cb5b8c21b23383327f85ce6; residual temporal uncertainty retained; see Batch2R-C temporal audit.",,adopted exact_matched; coordinate source=subway/data/raw/2024/station/서울교통공사_1_8호선 역사 좌표(위경도) 정보_20260917.csv row=35.0; ,,11200630,동작구,사당1동,20240630,954166.828422214,1942049.31917179,MAPPED,11200630,UNIQUE_STRICT_WITHIN,longitude=x latitude=y; EPSG:4326 analytical assumption -> EPSG:5179; strict contains; non-within touches checked; no repair/fallback,305.0,subway/data/raw/2024/boundary/bnd_dong_11_2024_2Q.shp,boundary,2024 Q2,2024-06-30,population_direct_65_plus,subway/data/raw/2024/population_direct_65_plus/201_DT_201004_O020003_2024Q2_20261006.csv,333.0,e48f83ca75f7f92a5a83e39834440c0f3149ace1113c3533102797e4d0338d76,DT_201004_O020003,https://stat.eseoul.go.kr/statHtml/statHtml.do?orgId=201&tblId=DT_201004_O020003&conn_path=I2,001020013,001020,002 계 (14210.MT0047 명),006 65세이상고령자 (14999671.ga028 명),명,official source code parents + exact complete Q2 boundary parent/name-set bijection; SGIS codes not equated to statistics codes,seoul_2024,IN_CURRENT_STUDY_AREA,STRICTLY_INSIDE_CONFIGURED_BOUNDARY_UNION,current configured validated boundary union; no replacement coordinates or correction,2,0.8715356458079135,22948,4112,0.179187728778107,-0.1142270184200763,0.011253990824956464,217.71396070385975
"station:[""2"",""삼성(무역센터)""]",2,삼성(무역센터),219,subway/data/raw/2024/station/서울교통공사_1_8호선 역사 좌표(위경도) 정보_20260917.csv,28,삼성,219,37.508827,127.063203,alias_matched,False,ELIGIBLE,,EPSG:4326,ANALYTICAL_ASSUMPTION,analysis assumption supported by official national station-data standard; not source-specific CRS explicitly verified. Batch2R-C official 2024 공공데이터 제공 표준 section42 도시철도역사정보 items10 역위도/11 역경도 explicitly specifies WGS84; longitude=x latitude=y geographic degrees. https://www.data.go.kr/bbs/rcr/selectRecsroom.do?originId=PDS_0000000001227&atchFileId=FILE_000000003049184 standard SHA256=d3d464f6a9dd9f6dfd3ff61fec966c95ccce8aec085c234ba3af9e665d3c67cd,False,SNAPSHOT_STABILITY_ASSUMPTION,"Official same-source snapshots labelled2023-10-31,2024-10-31,2025-08-14 corroborate identical coordinates for existing276source rows; practical pre-existing-station spatial stability assumption approved by human; not continuous-observation proof, not verified unchanged throughout2024. Historical2023/2024 file SHA256=9da58a78b07852906b9b9c75c539770d8a50a16c0cb5b8c21b23383327f85ce6; residual temporal uncertainty retained; see Batch2R-C temporal audit.",,adopted alias_matched; coordinate source=subway/data/raw/2024/station/서울교통공사_1_8호선 역사 좌표(위경도) 정보_20260917.csv row=28.0; P-S2-2RA scoped source alias; provider family=서울교통공사; station_file=subway/data/raw/2024/station/서울교통공사_1_8호선 역사 좌표(위경도) 정보_20260917.csv; total_file=subway/data/raw/2024/total_ridership/서울교통공사_역별 일별 시간대별 승하차인원 정보_20260831.csv; station_row=28; normalized_line=2; external_code=219; station_raw=삼성; canonical_2024_total=삼성(무역센터); relation=B adjunct/display source difference; source code+line unique on both sides; explicit reviewed display variant; not an official rename claim; OA-22477 row=13 previous=삼성 changed=삼성(무역센터) revision=1989-05-27 note=병기역명; https://data.seoul.go.kr/dataList/OA-22477/F/1/datasetView.do; candidate identities station=1 total=1; no code-line contradiction or competing candidate; raw names preserved,,11230790,강남구,대치2동,20240630,961395.9284661382,1945595.21145871,MAPPED,11230790,UNIQUE_STRICT_WITHIN,longitude=x latitude=y; EPSG:4326 analytical assumption -> EPSG:5179; strict contains; non-within touches checked; no repair/fallback,355.0,subway/data/raw/2024/boundary/bnd_dong_11_2024_2Q.shp,boundary,2024 Q2,2024-06-30,population_direct_65_plus,subway/data/raw/2024/population_direct_65_plus/201_DT_201004_O020003_2024Q2_20261006.csv,391.0,e48f83ca75f7f92a5a83e39834440c0f3149ace1113c3533102797e4d0338d76,DT_201004_O020003,https://stat.eseoul.go.kr/statHtml/statHtml.do?orgId=201&tblId=DT_201004_O020003&conn_path=I2,001023011,001023,002 계 (14210.MT0047 명),006 65세이상고령자 (14999671.ga028 명),명,official source code parents + exact complete Q2 boundary parent/name-set bijection; SGIS codes not equated to statistics codes,seoul_2024,IN_CURRENT_STUDY_AREA,STRICTLY_INSIDE_CONFIGURED_BOUNDARY_UNION,current configured validated boundary union; no replacement coordinates or correction,3,0.7833920877399138,38295,5731,0.14965400182791488,-0.811892332613413,-0.03947695357257044,317.54878705828406
"station:[""2"",""상왕십리""]",2,상왕십리,207,subway/data/raw/2024/station/서울교통공사_1_8호선 역사 좌표(위경도) 정보_20260917.csv,16,상왕십리,207,37.564504,127.028872,exact_matched,False,ELIGIBLE,,EPSG:4326,ANALYTICAL_ASSUMPTION,analysis assumption supported by official national station-data standard; not source-specific CRS explicitly verified. Batch2R-C official 2024 공공데이터 제공 표준 section42 도시철도역사정보 items10 역위도/11 역경도 explicitly specifies WGS84; longitude=x latitude=y geographic degrees. https://www.data.go.kr/bbs/rcr/selectRecsroom.do?originId=PDS_0000000001227&atchFileId=FILE_000000003049184 standard SHA256=d3d464f6a9dd9f6dfd3ff61fec966c95ccce8aec085c234ba3af9e665d3c67cd,False,SNAPSHOT_STABILITY_ASSUMPTION,"Official same-source snapshots labelled2023-10-31,2024-10-31,2025-08-14 corroborate identical coordinates for existing276source rows; practical pre-existing-station spatial stability assumption approved by human; not continuous-observation proof, not verified unchanged throughout2024. Historical2023/2024 file SHA256=9da58a78b07852906b9b9c75c539770d8a50a16c0cb5b8c21b23383327f85ce6; residual temporal uncertainty retained; see Batch2R-C temporal audit.",,adopted exact_matched; coordinate source=subway/data/raw/2024/station/서울교통공사_1_8호선 역사 좌표(위경도) 정보_20260917.csv row=16.0; ,,11040520,성동구,왕십리2동,20240630,958392.6880191844,1951786.8957701137,MAPPED,11040520,UNIQUE_STRICT_WITHIN,longitude=x latitude=y; EPSG:4326 analytical assumption -> EPSG:5179; strict contains; non-within touches checked; no repair/fallback,402.0,subway/data/raw/2024/boundary/bnd_dong_11_2024_2Q.shp,boundary,2024 Q2,2024-06-30,population_direct_65_plus,subway/data/raw/2024/population_direct_65_plus/201_DT_201004_O020003_2024Q2_20261006.csv,54.0,e48f83ca75f7f92a5a83e39834440c0f3149ace1113c3533102797e4d0338d76,DT_201004_O020003,https://stat.eseoul.go.kr/statHtml/statHtml.do?orgId=201&tblId=DT_201004_O020003&conn_path=I2,001004002,001004,002 계 (14210.MT0047 명),006 65세이상고령자 (14999671.ga028 명),명,official source code parents + exact complete Q2 boundary parent/name-set bijection; SGIS codes not equated to statistics codes,seoul_2024,IN_CURRENT_STUDY_AREA,STRICTLY_INSIDE_CONFIGURED_BOUNDARY_UNION,current configured validated boundary union; no replacement coordinates or correction,0,0.0,16435,2833,0.17237602677213265,-0.2751375675087198,-0.4903575546703421,330.3163895098718
"station:[""2"",""서울대입구(관악구청)""]",2,서울대입구(관악구청),228,subway/data/raw/2024/station/서울교통공사_1_8호선 역사 좌표(위경도) 정보_20260917.csv,37,서울대입구,228,37.481233,126.952745,alias_matched,False,ELIGIBLE,,EPSG:4326,ANALYTICAL_ASSUMPTION,analysis assumption supported by official national station-data standard; not source-specific CRS explicitly verified. Batch2R-C official 2024 공공데이터 제공 표준 section42 도시철도역사정보 items10 역위도/11 역경도 explicitly specifies WGS84; longitude=x latitude=y geographic degrees. https://www.data.go.kr/bbs/rcr/selectRecsroom.do?originId=PDS_0000000001227&atchFileId=FILE_000000003049184 standard SHA256=d3d464f6a9dd9f6dfd3ff61fec966c95ccce8aec085c234ba3af9e665d3c67cd,False,SNAPSHOT_STABILITY_ASSUMPTION,"Official same-source snapshots labelled2023-10-31,2024-10-31,2025-08-14 corroborate identical coordinates for existing276source rows; practical pre-existing-station spatial stability assumption approved by human; not continuous-observation proof, not verified unchanged throughout2024. Historical2023/2024 file SHA256=9da58a78b07852906b9b9c75c539770d8a50a16c0cb5b8c21b23383327f85ce6; residual temporal uncertainty retained; see Batch2R-C temporal audit.",,adopted alias_matched; coordinate source=subway/data/raw/2024/station/서울교통공사_1_8호선 역사 좌표(위경도) 정보_20260917.csv row=37.0; P-S2-2RA scoped source alias; provider family=서울교통공사; station_file=subway/data/raw/2024/station/서울교통공사_1_8호선 역사 좌표(위경도) 정보_20260917.csv; total_file=subway/data/raw/2024/total_ridership/서울교통공사_역별 일별 시간대별 승하차인원 정보_20260831.csv; station_row=37; normalized_line=2; external_code=228; station_raw=서울대입구; canonical_2024_total=서울대입구(관악구청); relation=B adjunct/display source difference; source code+line unique on both sides; explicit reviewed display variant; not an official rename claim; OA-22477 row=15 previous=서울대입구 changed=서울대입구(관악구청) revision=1994-06-13 note=병기역명; https://data.seoul.go.kr/dataList/OA-22477/F/1/datasetView.do; candidate identities station=1 total=1; no code-line contradiction or competing candidate; raw names preserved,,11210800,관악구,청룡동,20240630,951615.7936510493,1942584.872558793,MAPPED,11210800,UNIQUE_STRICT_WITHIN,longitude=x latitude=y; EPSG:4326 analytical assumption -> EPSG:5179; strict contains; non-within touches checked; no repair/fallback,232.0,subway/data/raw/2024/boundary/bnd_dong_11_2024_2Q.shp,boundary,2024 Q2,2024-06-30,population_direct_65_plus,subway/data/raw/2024/population_direct_65_plus/201_DT_201004_O020003_2024Q2_20261006.csv,347.0,e48f83ca75f7f92a5a83e39834440c0f3149ace1113c3533102797e4d0338d76,DT_201004_O020003,https://stat.eseoul.go.kr/statHtml/statHtml.do?orgId=201&tblId=DT_201004_O020003&conn_path=I2,001021044,001021,002 계 (14210.MT0047 명),006 65세이상고령자 (14999671.ga028 명),명,official source code parents + exact complete Q2 boundary parent/name-set bijection; SGIS codes not equated to statistics codes,seoul_2024,IN_CURRENT_STUDY_AREA,STRICTLY_INSIDE_CONFIGURED_BOUNDARY_UNION,current configured validated boundary union; no replacement coordinates or correction,3,0.8099789405475457,37038,5051,0.13637345429018846,-1.125614247432808,-0.024174914704923712,182.3175332836426
"station:[""2"",""서초""]",2,서초,224,subway/data/raw/2024/station/서울교통공사_1_8호선 역사 좌표(위경도) 정보_20260917.csv,33,서초,224,37.49191,127.007945,exact_matched,False,ELIGIBLE,,EPSG:4326,ANALYTICAL_ASSUMPTION,analysis assumption supported by official national station-data standard; not source-specific CRS explicitly verified. Batch2R-C official 2024 공공데이터 제공 표준 section42 도시철도역사정보 items10 역위도/11 역경도 explicitly specifies WGS84; longitude=x latitude=y geographic degrees. https://www.data.go.kr/bbs/rcr/selectRecsroom.do?originId=PDS_0000000001227&atchFileId=FILE_000000003049184 standard SHA256=d3d464f6a9dd9f6dfd3ff61fec966c95ccce8aec085c234ba3af9e665d3c67cd,False,SNAPSHOT_STABILITY_ASSUMPTION,"Official same-source snapshots labelled2023-10-31,2024-10-31,2025-08-14 corroborate identical coordinates for existing276source rows; practical pre-existing-station spatial stability assumption approved by human; not continuous-observation proof, not verified unchanged throughout2024. Historical2023/2024 file SHA256=9da58a78b07852906b9b9c75c539770d8a50a16c0cb5b8c21b23383327f85ce6; residual temporal uncertainty retained; see Batch2R-C temporal audit.",,adopted exact_matched; coordinate source=subway/data/raw/2024/station/서울교통공사_1_8호선 역사 좌표(위경도) 정보_20260917.csv row=33.0; ,,11220530,서초구,서초3동,20240630,956502.3903403106,1943742.4805701384,MAPPED,11220530,UNIQUE_STRICT_WITHIN,longitude=x latitude=y; EPSG:4326 analytical assumption -> EPSG:5179; strict contains; non-within touches checked; no repair/fallback,237.0,subway/data/raw/2024/boundary/bnd_dong_11_2024_2Q.shp,boundary,2024 Q2,2024-06-30,population_direct_65_plus,subway/data/raw/2024/population_direct_65_plus/201_DT_201004_O020003_2024Q2_20261006.csv,366.0,e48f83ca75f7f92a5a83e39834440c0f3149ace1113c3533102797e4d0338d76,DT_201004_O020003,https://stat.eseoul.go.kr/statHtml/statHtml.do?orgId=201&tblId=DT_201004_O020003&conn_path=I2,001022003,001022,002 계 (14210.MT0047 명),006 65세이상고령자 (14999671.ga028 명),명,official source code parents + exact complete Q2 boundary parent/name-set bijection; SGIS codes not equated to statistics codes,seoul_2024,IN_CURRENT_STUDY_AREA,STRICTLY_INSIDE_CONFIGURED_BOUNDARY_UNION,current configured validated boundary union; no replacement coordinates or correction,5,1.5415921563791084,32434,5346,0.16482703336005428,-0.45346490389817024,0.39690440392450527,292.86398346651106
"station:[""2"",""선릉""]",2,선릉,220,subway/data/raw/2024/station/서울교통공사_1_8호선 역사 좌표(위경도) 정보_20260917.csv,29,선릉,220,37.504257,127.048174,exact_matched,False,ELIGIBLE,,EPSG:4326,ANALYTICAL_ASSUMPTION,analysis assumption supported by official national station-data standard; not source-specific CRS explicitly verified. Batch2R-C official 2024 공공데이터 제공 표준 section42 도시철도역사정보 items10 역위도/11 역경도 explicitly specifies WGS84; longitude=x latitude=y geographic degrees. https://www.data.go.kr/bbs/rcr/selectRecsroom.do?originId=PDS_0000000001227&atchFileId=FILE_000000003049184 standard SHA256=d3d464f6a9dd9f6dfd3ff61fec966c95ccce8aec085c234ba3af9e665d3c67cd,False,SNAPSHOT_STABILITY_ASSUMPTION,"Official same-source snapshots labelled2023-10-31,2024-10-31,2025-08-14 corroborate identical coordinates for existing276source rows; practical pre-existing-station spatial stability assumption approved by human; not continuous-observation proof, not verified unchanged throughout2024. Historical2023/2024 file SHA256=9da58a78b07852906b9b9c75c539770d8a50a16c0cb5b8c21b23383327f85ce6; residual temporal uncertainty retained; see Batch2R-C temporal audit.",,adopted exact_matched; coordinate source=subway/data/raw/2024/station/서울교통공사_1_8호선 역사 좌표(위경도) 정보_20260917.csv row=29.0; ,,11230650,강남구,역삼2동,20240630,960065.225624443,1945094.4707276942,MAPPED,11230650,UNIQUE_STRICT_WITHIN,longitude=x latitude=y; EPSG:4326 analytical assumption -> EPSG:5179; strict contains; non-within touches checked; no repair/fallback,345.0,subway/data/raw/2024/boundary/bnd_dong_11_2024_2Q.shp,boundary,2024 Q2,2024-06-30,population_direct_65_plus,subway/data/raw/2024/population_direct_65_plus/201_DT_201004_O020003_2024Q2_20261006.csv,394.0,e48f83ca75f7f92a5a83e39834440c0f3149ace1113c3533102797e4d0338d76,DT_201004_O020003,https://stat.eseoul.go.kr/statHtml/statHtml.do?orgId=201&tblId=DT_201004_O020003&conn_path=I2,001023015,001023,002 계 (14210.MT0047 명),006 65세이상고령자 (14999671.ga028 명),명,official source code parents + exact complete Q2 boundary parent/name-set bijection; SGIS codes not equated to statistics codes,seoul_2024,IN_CURRENT_STUDY_AREA,STRICTLY_INSIDE_CONFIGURED_BOUNDARY_UNION,current configured validated boundary union; no replacement coordinates or correction,1,0.2731643356643357,36608,3950,0.10789991258741259,-1.7982351615411432,-0.3331380705954662,52.32152638570633
"station:[""2"",""성수""]",2,성수,211,subway/data/raw/2024/station/서울교통공사_1_8호선 역사 좌표(위경도) 정보_20260917.csv,20,성수,211,37.544628,127.055983,exact_matched,False,ELIGIBLE,,EPSG:4326,ANALYTICAL_ASSUMPTION,analysis assumption supported by official national station-data standard; not source-specific CRS explicitly verified. Batch2R-C official 2024 공공데이터 제공 표준 section42 도시철도역사정보 items10 역위도/11 역경도 explicitly specifies WGS84; longitude=x latitude=y geographic degrees. https://www.data.go.kr/bbs/rcr/selectRecsroom.do?originId=PDS_0000000001227&atchFileId=FILE_000000003049184 standard SHA256=d3d464f6a9dd9f6dfd3ff61fec966c95ccce8aec085c234ba3af9e665d3c67cd,False,SNAPSHOT_STABILITY_ASSUMPTION,"Official same-source snapshots labelled2023-10-31,2024-10-31,2025-08-14 corroborate identical coordinates for existing276source rows; practical pre-existing-station spatial stability assumption approved by human; not continuous-observation proof, not verified unchanged throughout2024. Historical2023/2024 file SHA256=9da58a78b07852906b9b9c75c539770d8a50a16c0cb5b8c21b23383327f85ce6; residual temporal uncertainty retained; see Batch2R-C temporal audit.",,adopted exact_matched; coordinate source=subway/data/raw/2024/station/서울교통공사_1_8호선 역사 좌표(위경도) 정보_20260917.csv row=20.0; ,,11040680,성동구,성수2가3동,20240630,960776.5721019367,1949570.1046124678,MAPPED,11040680,UNIQUE_STRICT_WITHIN,longitude=x latitude=y; EPSG:4326 analytical assumption -> EPSG:5179; strict contains; non-within touches checked; no repair/fallback,122.0,subway/data/raw/2024/boundary/bnd_dong_11_2024_2Q.shp,boundary,2024 Q2,2024-06-30,population_direct_65_plus,subway/data/raw/2024/population_direct_65_plus/201_DT_201004_O020003_2024Q2_20261006.csv,68.0,e48f83ca75f7f92a5a83e39834440c0f3149ace1113c3533102797e4d0338d76,DT_201004_O020003,https://stat.eseoul.go.kr/statHtml/statHtml.do?orgId=201&tblId=DT_201004_O020003&conn_path=I2,001004018,001004,002 계 (14210.MT0047 명),006 65세이상고령자 (14999671.ga028 명),명,official source code parents + exact complete Q2 boundary parent/name-set bijection; SGIS codes not equated to statistics codes,seoul_2024,IN_CURRENT_STUDY_AREA,STRICTLY_INSIDE_CONFIGURED_BOUNDARY_UNION,current configured validated boundary union; no replacement coordinates or correction,1,0.9830908375933936,10172,1896,0.18639402280770742,0.056004845537006416,0.07545947964081158,297.50898650443116
"station:[""2"",""시청""]",2,시청,201,subway/data/raw/2024/station/서울교통공사_1_8호선 역사 좌표(위경도) 정보_20260917.csv,53,시청,201,37.563534,126.975271,exact_matched,False,ELIGIBLE,,EPSG:4326,ANALYTICAL_ASSUMPTION,analysis assumption supported by official national station-data standard; not source-specific CRS explicitly verified. Batch2R-C official 2024 공공데이터 제공 표준 section42 도시철도역사정보 items10 역위도/11 역경도 explicitly specifies WGS84; longitude=x latitude=y geographic degrees. https://www.data.go.kr/bbs/rcr/selectRecsroom.do?originId=PDS_0000000001227&atchFileId=FILE_000000003049184 standard SHA256=d3d464f6a9dd9f6dfd3ff61fec966c95ccce8aec085c234ba3af9e665d3c67cd,False,SNAPSHOT_STABILITY_ASSUMPTION,"Official same-source snapshots labelled2023-10-31,2024-10-31,2025-08-14 corroborate identical coordinates for existing276source rows; practical pre-existing-station spatial stability assumption approved by human; not continuous-observation proof, not verified unchanged throughout2024. Historical2023/2024 file SHA256=9da58a78b07852906b9b9c75c539770d8a50a16c0cb5b8c21b23383327f85ce6; residual temporal uncertainty retained; see Batch2R-C temporal audit.",,adopted exact_matched; coordinate source=subway/data/raw/2024/station/서울교통공사_1_8호선 역사 좌표(위경도) 정보_20260917.csv row=53.0; ,,11020520,중구,소공동,20240630,953658.3229229094,1951704.3601116836,MAPPED,11020520,UNIQUE_STRICT_WITHIN,longitude=x latitude=y; EPSG:4326 analytical assumption -> EPSG:5179; strict contains; non-within touches checked; no repair/fallback,39.0,subway/data/raw/2024/boundary/bnd_dong_11_2024_2Q.shp,boundary,2024 Q2,2024-06-30,population_direct_65_plus,subway/data/raw/2024/population_direct_65_plus/201_DT_201004_O020003_2024Q2_20261006.csv,21.0,e48f83ca75f7f92a5a83e39834440c0f3149ace1113c3533102797e4d0338d76,DT_201004_O020003,https://stat.eseoul.go.kr/statHtml/statHtml.do?orgId=201&tblId=DT_201004_O020003&conn_path=I2,001002001,001002,002 계 (14210.MT0047 명),006 65세이상고령자 (14999671.ga028 명),명,official source code parents + exact complete Q2 boundary parent/name-set bijection; SGIS codes not equated to statistics codes,seoul_2024,IN_CURRENT_STUDY_AREA,STRICTLY_INSIDE_CONFIGURED_BOUNDARY_UNION,current configured validated boundary union; no replacement coordinates or correction,3,8.92325996430696,3362,347,0.1032123735871505,-1.9089673212488123,4.645416573538808,141.89187959610922
"station:[""2"",""신답""]",2,신답,245,subway/data/raw/2024/station/서울교통공사_1_8호선 역사 좌표(위경도) 정보_20260917.csv,56,신답,245,37.56147,127.056348,exact_matched,False,ELIGIBLE,,EPSG:4326,ANALYTICAL_ASSUMPTION,analysis assumption supported by official national station-data standard; not source-specific CRS explicitly verified. Batch2R-C official 2024 공공데이터 제공 표준 section42 도시철도역사정보 items10 역위도/11 역경도 explicitly specifies WGS84; longitude=x latitude=y geographic degrees. https://www.data.go.kr/bbs/rcr/selectRecsroom.do?originId=PDS_0000000001227&atchFileId=FILE_000000003049184 standard SHA256=d3d464f6a9dd9f6dfd3ff61fec966c95ccce8aec085c234ba3af9e665d3c67cd,False,SNAPSHOT_STABILITY_ASSUMPTION,"Official same-source snapshots labelled2023-10-31,2024-10-31,2025-08-14 corroborate identical coordinates for existing276source rows; practical pre-existing-station spatial stability assumption approved by human; not continuous-observation proof, not verified unchanged throughout2024. Historical2023/2024 file SHA256=9da58a78b07852906b9b9c75c539770d8a50a16c0cb5b8c21b23383327f85ce6; residual temporal uncertainty retained; see Batch2R-C temporal audit.",,adopted exact_matched; coordinate source=subway/data/raw/2024/station/서울교통공사_1_8호선 역사 좌표(위경도) 정보_20260917.csv row=56.0; ,,11040700,성동구,용답동,20240630,960817.6340999816,1951438.4797526272,MAPPED,11040700,UNIQUE_STRICT_WITHIN,longitude=x latitude=y; EPSG:4326 analytical assumption -> EPSG:5179; strict contains; non-within touches checked; no repair/fallback,35.0,subway/data/raw/2024/boundary/bnd_dong_11_2024_2Q.shp,boundary,2024 Q2,2024-06-30,population_direct_65_plus,subway/data/raw/2024/population_direct_65_plus/201_DT_201004_O020003_2024Q2_20261006.csv,70.0,e48f83ca75f7f92a5a83e39834440c0f3149ace1113c3533102797e4d0338d76,DT_201004_O020003,https://stat.eseoul.go.kr/statHtml/statHtml.do?orgId=201&tblId=DT_201004_O020003&conn_path=I2,001004020,001004,002 계 (14210.MT0047 명),006 65세이상고령자 (14999671.ga028 명),명,official source code parents + exact complete Q2 boundary parent/name-set bijection; SGIS codes not equated to statistics codes,seoul_2024,IN_CURRENT_STUDY_AREA,STRICTLY_INSIDE_CONFIGURED_BOUNDARY_UNION,current configured validated boundary union; no replacement coordinates or correction,1,0.7617886798202179,13127,2362,0.17993448617353547,-0.09658661923217762,-0.05191077528334918,393.7056990401348
"station:[""2"",""신당""]",2,신당,206,subway/data/raw/2024/station/서울교통공사_1_8호선 역사 좌표(위경도) 정보_20260917.csv,15,신당,206,37.565681,127.019488,exact_matched,False,ELIGIBLE,,EPSG:4326,ANALYTICAL_ASSUMPTION,analysis assumption supported by official national station-data standard; not source-specific CRS explicitly verified. Batch2R-C official 2024 공공데이터 제공 표준 section42 도시철도역사정보 items10 역위도/11 역경도 explicitly specifies WGS84; longitude=x latitude=y geographic degrees. https://www.data.go.kr/bbs/rcr/selectRecsroom.do?originId=PDS_0000000001227&atchFileId=FILE_000000003049184 standard SHA256=d3d464f6a9dd9f6dfd3ff61fec966c95ccce8aec085c234ba3af9e665d3c67cd,False,SNAPSHOT_STABILITY_ASSUMPTION,"Official same-source snapshots labelled2023-10-31,2024-10-31,2025-08-14 corroborate identical coordinates for existing276source rows; practical pre-existing-station spatial stability assumption approved by human; not continuous-observation proof, not verified unchanged throughout2024. Historical2023/2024 file SHA256=9da58a78b07852906b9b9c75c539770d8a50a16c0cb5b8c21b23383327f85ce6; residual temporal uncertainty retained; see Batch2R-C temporal audit.",,adopted exact_matched; coordinate source=subway/data/raw/2024/station/서울교통공사_1_8호선 역사 좌표(위경도) 정보_20260917.csv row=15.0; ,,11020670,중구,황학동,20240630,957564.6098628476,1951921.673889112,MAPPED,11020670,UNIQUE_STRICT_WITHIN,longitude=x latitude=y; EPSG:4326 analytical assumption -> EPSG:5179; strict contains; non-within touches checked; no repair/fallback,92.0,subway/data/raw/2024/boundary/bnd_dong_11_2024_2Q.shp,boundary,2024 Q2,2024-06-30,population_direct_65_plus,subway/data/raw/2024/population_direct_65_plus/201_DT_201004_O020003_2024Q2_20261006.csv,34.0,e48f83ca75f7f92a5a83e39834440c0f3149ace1113c3533102797e4d0338d76,DT_201004_O020003,https://stat.eseoul.go.kr/statHtml/statHtml.do?orgId=201&tblId=DT_201004_O020003&conn_path=I2,001002014,001002,002 계 (14210.MT0047 명),006 65세이상고령자 (14999671.ga028 명),명,official source code parents + exact complete Q2 boundary parent/name-set bijection; SGIS codes not equated to statistics codes,seoul_2024,IN_CURRENT_STUDY_AREA,STRICTLY_INSIDE_CONFIGURED_BOUNDARY_UNION,current configured validated boundary union; no replacement coordinates or correction,0,0.0,13711,2207,0.1609656480198381,-0.5446811131204858,-0.4903575546703421,31.614885665777123
"station:[""2"",""신대방""]",2,신대방,231,subway/data/raw/2024/station/서울교통공사_1_8호선 역사 좌표(위경도) 정보_20260917.csv,40,신대방,231,37.487534,126.913279,exact_matched,False,ELIGIBLE,,EPSG:4326,ANALYTICAL_ASSUMPTION,analysis assumption supported by official national station-data standard; not source-specific CRS explicitly verified. Batch2R-C official 2024 공공데이터 제공 표준 section42 도시철도역사정보 items10 역위도/11 역경도 explicitly specifies WGS84; longitude=x latitude=y geographic degrees. https://www.data.go.kr/bbs/rcr/selectRecsroom.do?originId=PDS_0000000001227&atchFileId=FILE_000000003049184 standard SHA256=d3d464f6a9dd9f6dfd3ff61fec966c95ccce8aec085c234ba3af9e665d3c67cd,False,SNAPSHOT_STABILITY_ASSUMPTION,"Official same-source snapshots labelled2023-10-31,2024-10-31,2025-08-14 corroborate identical coordinates for existing276source rows; practical pre-existing-station spatial stability assumption approved by human; not continuous-observation proof, not verified unchanged throughout2024. Historical2023/2024 file SHA256=9da58a78b07852906b9b9c75c539770d8a50a16c0cb5b8c21b23383327f85ce6; residual temporal uncertainty retained; see Batch2R-C temporal audit.",,adopted exact_matched; coordinate source=subway/data/raw/2024/station/서울교통공사_1_8호선 역사 좌표(위경도) 정보_20260917.csv row=40.0; ,,11210680,관악구,신사동,20240630,948130.8297493707,1943304.9419284705,MAPPED,11210680,UNIQUE_STRICT_WITHIN,longitude=x latitude=y; EPSG:4326 analytical assumption -> EPSG:5179; strict contains; non-within touches checked; no repair/fallback,321.0,subway/data/raw/2024/boundary/bnd_dong_11_2024_2Q.shp,boundary,2024 Q2,2024-06-30,population_direct_65_plus,subway/data/raw/2024/population_direct_65_plus/201_DT_201004_O020003_2024Q2_20261006.csv,355.0,e48f83ca75f7f92a5a83e39834440c0f3149ace1113c3533102797e4d0338d76,DT_201004_O020003,https://stat.eseoul.go.kr/statHtml/statHtml.do?orgId=201&tblId=DT_201004_O020003&conn_path=I2,001021037,001021,002 계 (14210.MT0047 명),006 65세이상고령자 (14999671.ga028 명),명,official source code parents + exact complete Q2 boundary parent/name-set bijection; SGIS codes not equated to statistics codes,seoul_2024,IN_CURRENT_STUDY_AREA,STRICTLY_INSIDE_CONFIGURED_BOUNDARY_UNION,current configured validated boundary union; no replacement coordinates or correction,0,0.0,24410,3929,0.16095862351495288,-0.5448470506405306,-0.4903575546703421,557.5203880943862
"station:[""2"",""신도림""]",2,신도림,234,subway/data/raw/2024/station/서울교통공사_1_8호선 역사 좌표(위경도) 정보_20260917.csv,43,신도림,234,37.508815,126.891222,exact_matched,False,ELIGIBLE,,EPSG:4326,ANALYTICAL_ASSUMPTION,analysis assumption supported by official national station-data standard; not source-specific CRS explicitly verified. Batch2R-C official 2024 공공데이터 제공 표준 section42 도시철도역사정보 items10 역위도/11 역경도 explicitly specifies WGS84; longitude=x latitude=y geographic degrees. https://www.data.go.kr/bbs/rcr/selectRecsroom.do?originId=PDS_0000000001227&atchFileId=FILE_000000003049184 standard SHA256=d3d464f6a9dd9f6dfd3ff61fec966c95ccce8aec085c234ba3af9e665d3c67cd,False,SNAPSHOT_STABILITY_ASSUMPTION,"Official same-source snapshots labelled2023-10-31,2024-10-31,2025-08-14 corroborate identical coordinates for existing276source rows; practical pre-existing-station spatial stability assumption approved by human; not continuous-observation proof, not verified unchanged throughout2024. Historical2023/2024 file SHA256=9da58a78b07852906b9b9c75c539770d8a50a16c0cb5b8c21b23383327f85ce6; residual temporal uncertainty retained; see Batch2R-C temporal audit.",,adopted exact_matched; coordinate source=subway/data/raw/2024/station/서울교통공사_1_8호선 역사 좌표(위경도) 정보_20260917.csv row=43.0; ,,11170510,구로구,신도림동,20240630,946196.1294212438,1945678.3276716815,MAPPED,11170510,UNIQUE_STRICT_WITHIN,longitude=x latitude=y; EPSG:4326 analytical assumption -> EPSG:5179; strict contains; non-within touches checked; no repair/fallback,291.0,subway/data/raw/2024/boundary/bnd_dong_11_2024_2Q.shp,boundary,2024 Q2,2024-06-30,population_direct_65_plus,subway/data/raw/2024/population_direct_65_plus/201_DT_201004_O020003_2024Q2_20261006.csv,279.0,e48f83ca75f7f92a5a83e39834440c0f3149ace1113c3533102797e4d0338d76,DT_201004_O020003,https://stat.eseoul.go.kr/statHtml/statHtml.do?orgId=201&tblId=DT_201004_O020003&conn_path=I2,001017001,001017,002 계 (14210.MT0047 명),006 65세이상고령자 (14999671.ga028 명),명,official source code parents + exact complete Q2 boundary parent/name-set bijection; SGIS codes not equated to statistics codes,seoul_2024,IN_CURRENT_STUDY_AREA,STRICTLY_INSIDE_CONFIGURED_BOUNDARY_UNION,current configured validated boundary union; no replacement coordinates or correction,1,0.27508802816901406,36352,5402,0.1486025528169014,-0.8367303595195369,-0.33203089113015016,301.01541124804703
"station:[""2"",""신림""]",2,신림,230,subway/data/raw/2024/station/서울교통공사_1_8호선 역사 좌표(위경도) 정보_20260917.csv,39,신림,230,37.484216,126.929573,exact_matched,False,ELIGIBLE,,EPSG:4326,ANALYTICAL_ASSUMPTION,analysis assumption supported by official national station-data standard; not source-specific CRS explicitly verified. Batch2R-C official 2024 공공데이터 제공 표준 section42 도시철도역사정보 items10 역위도/11 역경도 explicitly specifies WGS84; longitude=x latitude=y geographic degrees. https://www.data.go.kr/bbs/rcr/selectRecsroom.do?originId=PDS_0000000001227&atchFileId=FILE_000000003049184 standard SHA256=d3d464f6a9dd9f6dfd3ff61fec966c95ccce8aec085c234ba3af9e665d3c67cd,False,SNAPSHOT_STABILITY_ASSUMPTION,"Official same-source snapshots labelled2023-10-31,2024-10-31,2025-08-14 corroborate identical coordinates for existing276source rows; practical pre-existing-station spatial stability assumption approved by human; not continuous-observation proof, not verified unchanged throughout2024. Historical2023/2024 file SHA256=9da58a78b07852906b9b9c75c539770d8a50a16c0cb5b8c21b23383327f85ce6; residual temporal uncertainty retained; see Batch2R-C temporal audit.",,adopted exact_matched; coordinate source=subway/data/raw/2024/station/서울교통공사_1_8호선 역사 좌표(위경도) 정보_20260917.csv row=39.0; ,,11210690,관악구,신림동,20240630,949569.0858648157,1942927.977471471,MAPPED,11210690,UNIQUE_STRICT_WITHIN,longitude=x latitude=y; EPSG:4326 analytical assumption -> EPSG:5179; strict contains; non-within touches checked; no repair/fallback,322.0,subway/data/raw/2024/boundary/bnd_dong_11_2024_2Q.shp,boundary,2024 Q2,2024-06-30,population_direct_65_plus,subway/data/raw/2024/population_direct_65_plus/201_DT_201004_O020003_2024Q2_20261006.csv,356.0,e48f83ca75f7f92a5a83e39834440c0f3149ace1113c3533102797e4d0338d76,DT_201004_O020003,https://stat.eseoul.go.kr/statHtml/statHtml.do?orgId=201&tblId=DT_201004_O020003&conn_path=I2,001021038,001021,002 계 (14210.MT0047 명),006 65세이상고령자 (14999671.ga028 명),명,official source code parents + exact complete Q2 boundary parent/name-set bijection; SGIS codes not equated to statistics codes,seoul_2024,IN_CURRENT_STUDY_AREA,STRICTLY_INSIDE_CONFIGURED_BOUNDARY_UNION,current configured validated boundary union; no replacement coordinates or correction,2,0.8339935782494474,23981,2115,0.08819482089987907,-2.2637219254221965,-0.010353311893722662,65.02207292460675
"station:[""2"",""신설동""]",2,신설동,246,subway/data/raw/2024/station/서울교통공사_1_8호선 역사 좌표(위경도) 정보_20260917.csv,54,신설동,246,37.574653,127.025158,exact_matched,False,ELIGIBLE,,EPSG:4326,ANALYTICAL_ASSUMPTION,analysis assumption supported by official national station-data standard; not source-specific CRS explicitly verified. Batch2R-C official 2024 공공데이터 제공 표준 section42 도시철도역사정보 items10 역위도/11 역경도 explicitly specifies WGS84; longitude=x latitude=y geographic degrees. https://www.data.go.kr/bbs/rcr/selectRecsroom.do?originId=PDS_0000000001227&atchFileId=FILE_000000003049184 standard SHA256=d3d464f6a9dd9f6dfd3ff61fec966c95ccce8aec085c234ba3af9e665d3c67cd,False,SNAPSHOT_STABILITY_ASSUMPTION,"Official same-source snapshots labelled2023-10-31,2024-10-31,2025-08-14 corroborate identical coordinates for existing276source rows; practical pre-existing-station spatial stability assumption approved by human; not continuous-observation proof, not verified unchanged throughout2024. Historical2023/2024 file SHA256=9da58a78b07852906b9b9c75c539770d8a50a16c0cb5b8c21b23383327f85ce6; residual temporal uncertainty retained; see Batch2R-C temporal audit.",,adopted exact_matched; coordinate source=subway/data/raw/2024/station/서울교통공사_1_8호선 역사 좌표(위경도) 정보_20260917.csv row=54.0; ,,11060810,동대문구,용신동,20240630,958070.3768370568,1952914.526758671,MAPPED,11060810,UNIQUE_STRICT_WITHIN,longitude=x latitude=y; EPSG:4326 analytical assumption -> EPSG:5179; strict contains; non-within touches checked; no repair/fallback,149.0,subway/data/raw/2024/boundary/bnd_dong_11_2024_2Q.shp,boundary,2024 Q2,2024-06-30,population_direct_65_plus,subway/data/raw/2024/population_direct_65_plus/201_DT_201004_O020003_2024Q2_20261006.csv,88.0,e48f83ca75f7f92a5a83e39834440c0f3149ace1113c3533102797e4d0338d76,DT_201004_O020003,https://stat.eseoul.go.kr/statHtml/statHtml.do?orgId=201&tblId=DT_201004_O020003&conn_path=I2,001006029,001006,002 계 (14210.MT0047 명),006 65세이상고령자 (14999671.ga028 명),명,official source code parents + exact complete Q2 boundary parent/name-set bijection; SGIS codes not equated to statistics codes,seoul_2024,IN_CURRENT_STUDY_AREA,STRICTLY_INSIDE_CONFIGURED_BOUNDARY_UNION,current configured validated boundary union; no replacement coordinates or correction,1,0.24775779198255787,40362,6816,0.16887171101531143,-0.35791884186798034,-0.3477607836229942,213.74484269632458
"station:[""2"",""신정네거리""]",2,신정네거리,249,subway/data/raw/2024/station/서울교통공사_1_8호선 역사 좌표(위경도) 정보_20260917.csv,60,신정네거리,249,37.520218,126.852849,exact_matched,False,ELIGIBLE,,EPSG:4326,ANALYTICAL_ASSUMPTION,analysis assumption supported by official national station-data standard; not source-specific CRS explicitly verified. Batch2R-C official 2024 공공데이터 제공 표준 section42 도시철도역사정보 items10 역위도/11 역경도 explicitly specifies WGS84; longitude=x latitude=y geographic degrees. https://www.data.go.kr/bbs/rcr/selectRecsroom.do?originId=PDS_0000000001227&atchFileId=FILE_000000003049184 standard SHA256=d3d464f6a9dd9f6dfd3ff61fec966c95ccce8aec085c234ba3af9e665d3c67cd,False,SNAPSHOT_STABILITY_ASSUMPTION,"Official same-source snapshots labelled2023-10-31,2024-10-31,2025-08-14 corroborate identical coordinates for existing276source rows; practical pre-existing-station spatial stability assumption approved by human; not continuous-observation proof, not verified unchanged throughout2024. Historical2023/2024 file SHA256=9da58a78b07852906b9b9c75c539770d8a50a16c0cb5b8c21b23383327f85ce6; residual temporal uncertainty retained; see Batch2R-C temporal audit.",,adopted exact_matched; coordinate source=subway/data/raw/2024/station/서울교통공사_1_8호선 역사 좌표(위경도) 정보_20260917.csv row=60.0; ,,11150660,양천구,신정3동,20240630,942813.3846403724,1946966.0641633002,MAPPED,11150660,UNIQUE_STRICT_WITHIN,longitude=x latitude=y; EPSG:4326 analytical assumption -> EPSG:5179; strict contains; non-within touches checked; no repair/fallback,175.0,subway/data/raw/2024/boundary/bnd_dong_11_2024_2Q.shp,boundary,2024 Q2,2024-06-30,population_direct_65_plus,subway/data/raw/2024/population_direct_65_plus/201_DT_201004_O020003_2024Q2_20261006.csv,253.0,e48f83ca75f7f92a5a83e39834440c0f3149ace1113c3533102797e4d0338d76,DT_201004_O020003,https://stat.eseoul.go.kr/statHtml/statHtml.do?orgId=201&tblId=DT_201004_O020003&conn_path=I2,001015016,001015,002 계 (14210.MT0047 명),006 65세이상고령자 (14999671.ga028 명),명,official source code parents + exact complete Q2 boundary parent/name-set bijection; SGIS codes not equated to statistics codes,seoul_2024,IN_CURRENT_STUDY_AREA,STRICTLY_INSIDE_CONFIGURED_BOUNDARY_UNION,current configured validated boundary union; no replacement coordinates or correction,2,0.40475997733344127,49412,8766,0.1774062980652473,-0.1563091579379555,-0.25739831913998285,52.528590284526615
"station:[""2"",""신촌""]",2,신촌,240,subway/data/raw/2024/station/서울교통공사_1_8호선 역사 좌표(위경도) 정보_20260917.csv,49,신촌,240,37.555153,126.93689,exact_matched,False,ELIGIBLE,,EPSG:4326,ANALYTICAL_ASSUMPTION,analysis assumption supported by official national station-data standard; not source-specific CRS explicitly verified. Batch2R-C official 2024 공공데이터 제공 표준 section42 도시철도역사정보 items10 역위도/11 역경도 explicitly specifies WGS84; longitude=x latitude=y geographic degrees. https://www.data.go.kr/bbs/rcr/selectRecsroom.do?originId=PDS_0000000001227&atchFileId=FILE_000000003049184 standard SHA256=d3d464f6a9dd9f6dfd3ff61fec966c95ccce8aec085c234ba3af9e665d3c67cd,False,SNAPSHOT_STABILITY_ASSUMPTION,"Official same-source snapshots labelled2023-10-31,2024-10-31,2025-08-14 corroborate identical coordinates for existing276source rows; practical pre-existing-station spatial stability assumption approved by human; not continuous-observation proof, not verified unchanged throughout2024. Historical2023/2024 file SHA256=9da58a78b07852906b9b9c75c539770d8a50a16c0cb5b8c21b23383327f85ce6; residual temporal uncertainty retained; see Batch2R-C temporal audit.",,adopted exact_matched; coordinate source=subway/data/raw/2024/station/서울교통공사_1_8호선 역사 좌표(위경도) 정보_20260917.csv row=49.0; ,,11130750,서대문구,신촌동,20240630,950263.0894985739,1950794.1468528486,MAPPED,11130750,UNIQUE_STRICT_WITHIN,longitude=x latitude=y; EPSG:4326 analytical assumption -> EPSG:5179; strict contains; non-within touches checked; no repair/fallback,82.0,subway/data/raw/2024/boundary/bnd_dong_11_2024_2Q.shp,boundary,2024 Q2,2024-06-30,population_direct_65_plus,subway/data/raw/2024/population_direct_65_plus/201_DT_201004_O020003_2024Q2_20261006.csv,210.0,e48f83ca75f7f92a5a83e39834440c0f3149ace1113c3533102797e4d0338d76,DT_201004_O020003,https://stat.eseoul.go.kr/statHtml/statHtml.do?orgId=201&tblId=DT_201004_O020003&conn_path=I2,001013024,001013,002 계 (14210.MT0047 명),006 65세이상고령자 (14999671.ga028 명),명,official source code parents + exact complete Q2 boundary parent/name-set bijection; SGIS codes not equated to statistics codes,seoul_2024,IN_CURRENT_STUDY_AREA,STRICTLY_INSIDE_CONFIGURED_BOUNDARY_UNION,current configured validated boundary union; no replacement coordinates or correction,2,0.7349698662354843,27212,2216,0.08143466117889167,-2.4234149084207113,-0.06734631896454644,80.413820747046
"station:[""2"",""아현""]",2,아현,242,subway/data/raw/2024/station/서울교통공사_1_8호선 역사 좌표(위경도) 정보_20260917.csv,51,아현,242,37.557407,126.956079,exact_matched,False,ELIGIBLE,,EPSG:4326,ANALYTICAL_ASSUMPTION,analysis assumption supported by official national station-data standard; not source-specific CRS explicitly verified. Batch2R-C official 2024 공공데이터 제공 표준 section42 도시철도역사정보 items10 역위도/11 역경도 explicitly specifies WGS84; longitude=x latitude=y geographic degrees. https://www.data.go.kr/bbs/rcr/selectRecsroom.do?originId=PDS_0000000001227&atchFileId=FILE_000000003049184 standard SHA256=d3d464f6a9dd9f6dfd3ff61fec966c95ccce8aec085c234ba3af9e665d3c67cd,False,SNAPSHOT_STABILITY_ASSUMPTION,"Official same-source snapshots labelled2023-10-31,2024-10-31,2025-08-14 corroborate identical coordinates for existing276source rows; practical pre-existing-station spatial stability assumption approved by human; not continuous-observation proof, not verified unchanged throughout2024. Historical2023/2024 file SHA256=9da58a78b07852906b9b9c75c539770d8a50a16c0cb5b8c21b23383327f85ce6; residual temporal uncertainty retained; see Batch2R-C temporal audit.",,adopted exact_matched; coordinate source=subway/data/raw/2024/station/서울교통공사_1_8호선 역사 좌표(위경도) 정보_20260917.csv row=51.0; ,,11130740,서대문구,북아현동,20240630,951959.425935813,1951034.2363532488,MAPPED,11130740,UNIQUE_STRICT_WITHIN,longitude=x latitude=y; EPSG:4326 analytical assumption -> EPSG:5179; strict contains; non-within touches checked; no repair/fallback,81.0,subway/data/raw/2024/boundary/bnd_dong_11_2024_2Q.shp,boundary,2024 Q2,2024-06-30,population_direct_65_plus,subway/data/raw/2024/population_direct_65_plus/201_DT_201004_O020003_2024Q2_20261006.csv,208.0,e48f83ca75f7f92a5a83e39834440c0f3149ace1113c3533102797e4d0338d76,DT_201004_O020003,https://stat.eseoul.go.kr/statHtml/statHtml.do?orgId=201&tblId=DT_201004_O020003&conn_path=I2,001013023,001013,002 계 (14210.MT0047 명),006 65세이상고령자 (14999671.ga028 명),명,official source code parents + exact complete Q2 boundary parent/name-set bijection; SGIS codes not equated to statistics codes,seoul_2024,IN_CURRENT_STUDY_AREA,STRICTLY_INSIDE_CONFIGURED_BOUNDARY_UNION,current configured validated boundary union; no replacement coordinates or correction,0,0.0,15817,2471,0.15622431560978695,-0.6566840164835464,-0.4903575546703421,240.3682491648849
"station:[""2"",""양천구청""]",2,양천구청,248,subway/data/raw/2024/station/서울교통공사_1_8호선 역사 좌표(위경도) 정보_20260917.csv,59,양천구청,248,37.512194,126.865193,exact_matched,False,ELIGIBLE,,EPSG:4326,ANALYTICAL_ASSUMPTION,analysis assumption supported by official national station-data standard; not source-specific CRS explicitly verified. Batch2R-C official 2024 공공데이터 제공 표준 section42 도시철도역사정보 items10 역위도/11 역경도 explicitly specifies WGS84; longitude=x latitude=y geographic degrees. https://www.data.go.kr/bbs/rcr/selectRecsroom.do?originId=PDS_0000000001227&atchFileId=FILE_000000003049184 standard SHA256=d3d464f6a9dd9f6dfd3ff61fec966c95ccce8aec085c234ba3af9e665d3c67cd,False,SNAPSHOT_STABILITY_ASSUMPTION,"Official same-source snapshots labelled2023-10-31,2024-10-31,2025-08-14 corroborate identical coordinates for existing276source rows; practical pre-existing-station spatial stability assumption approved by human; not continuous-observation proof, not verified unchanged throughout2024. Historical2023/2024 file SHA256=9da58a78b07852906b9b9c75c539770d8a50a16c0cb5b8c21b23383327f85ce6; residual temporal uncertainty retained; see Batch2R-C temporal audit.",,adopted exact_matched; coordinate source=subway/data/raw/2024/station/서울교통공사_1_8호선 역사 좌표(위경도) 정보_20260917.csv row=59.0; ,,11150700,양천구,신정7동,20240630,943898.188483607,1946068.4111886201,MAPPED,11150700,UNIQUE_STRICT_WITHIN,longitude=x latitude=y; EPSG:4326 analytical assumption -> EPSG:5179; strict contains; non-within touches checked; no repair/fallback,265.0,subway/data/raw/2024/boundary/bnd_dong_11_2024_2Q.shp,boundary,2024 Q2,2024-06-30,population_direct_65_plus,subway/data/raw/2024/population_direct_65_plus/201_DT_201004_O020003_2024Q2_20261006.csv,256.0,e48f83ca75f7f92a5a83e39834440c0f3149ace1113c3533102797e4d0338d76,DT_201004_O020003,https://stat.eseoul.go.kr/statHtml/statHtml.do?orgId=201&tblId=DT_201004_O020003&conn_path=I2,001015020,001015,002 계 (14210.MT0047 명),006 65세이상고령자 (14999671.ga028 명),명,official source code parents + exact complete Q2 boundary parent/name-set bijection; SGIS codes not equated to statistics codes,seoul_2024,IN_CURRENT_STUDY_AREA,STRICTLY_INSIDE_CONFIGURED_BOUNDARY_UNION,current configured validated boundary union; no replacement coordinates or correction,0,0.0,28337,5727,0.20210325722553552,0.4270988149616651,-0.4903575546703421,578.3920630819157
"station:[""2"",""역삼""]",2,역삼,221,subway/data/raw/2024/station/서울교통공사_1_8호선 역사 좌표(위경도) 정보_20260917.csv,30,역삼,221,37.500658,127.03643,exact_matched,False,ELIGIBLE,,EPSG:4326,ANALYTICAL_ASSUMPTION,analysis assumption supported by official national station-data standard; not source-specific CRS explicitly verified. Batch2R-C official 2024 공공데이터 제공 표준 section42 도시철도역사정보 items10 역위도/11 역경도 explicitly specifies WGS84; longitude=x latitude=y geographic degrees. https://www.data.go.kr/bbs/rcr/selectRecsroom.do?originId=PDS_0000000001227&atchFileId=FILE_000000003049184 standard SHA256=d3d464f6a9dd9f6dfd3ff61fec966c95ccce8aec085c234ba3af9e665d3c67cd,False,SNAPSHOT_STABILITY_ASSUMPTION,"Official same-source snapshots labelled2023-10-31,2024-10-31,2025-08-14 corroborate identical coordinates for existing276source rows; practical pre-existing-station spatial stability assumption approved by human; not continuous-observation proof, not verified unchanged throughout2024. Historical2023/2024 file SHA256=9da58a78b07852906b9b9c75c539770d8a50a16c0cb5b8c21b23383327f85ce6; residual temporal uncertainty retained; see Batch2R-C temporal audit.",,adopted exact_matched; coordinate source=subway/data/raw/2024/station/서울교통공사_1_8호선 역사 좌표(위경도) 정보_20260917.csv row=30.0; ,,11230640,강남구,역삼1동,20240630,959025.2560843565,1944700.2329723185,MAPPED,11230640,UNIQUE_STRICT_WITHIN,longitude=x latitude=y; EPSG:4326 analytical assumption -> EPSG:5179; strict contains; non-within touches checked; no repair/fallback,344.0,subway/data/raw/2024/boundary/bnd_dong_11_2024_2Q.shp,boundary,2024 Q2,2024-06-30,population_direct_65_plus,subway/data/raw/2024/population_direct_65_plus/201_DT_201004_O020003_2024Q2_20261006.csv,393.0,e48f83ca75f7f92a5a83e39834440c0f3149ace1113c3533102797e4d0338d76,DT_201004_O020003,https://stat.eseoul.go.kr/statHtml/statHtml.do?orgId=201&tblId=DT_201004_O020003&conn_path=I2,001023014,001023,002 계 (14210.MT0047 명),006 65세이상고령자 (14999671.ga028 명),명,official source code parents + exact complete Q2 boundary parent/name-set bijection; SGIS codes not equated to statistics codes,seoul_2024,IN_CURRENT_STUDY_AREA,STRICTLY_INSIDE_CONFIGURED_BOUNDARY_UNION,current configured validated boundary union; no replacement coordinates or correction,8,2.2562540542065035,35457,3899,0.10996418196688947,-1.7494716191801933,0.8082274069480814,110.65498060421639
"station:[""2"",""영등포구청""]",2,영등포구청,236,subway/data/raw/2024/station/서울교통공사_1_8호선 역사 좌표(위경도) 정보_20260917.csv,45,영등포구청,236,37.525766,126.896627,exact_matched,False,ELIGIBLE,,EPSG:4326,ANALYTICAL_ASSUMPTION,analysis assumption supported by official national station-data standard; not source-specific CRS explicitly verified. Batch2R-C official 2024 공공데이터 제공 표준 section42 도시철도역사정보 items10 역위도/11 역경도 explicitly specifies WGS84; longitude=x latitude=y geographic degrees. https://www.data.go.kr/bbs/rcr/selectRecsroom.do?originId=PDS_0000000001227&atchFileId=FILE_000000003049184 standard SHA256=d3d464f6a9dd9f6dfd3ff61fec966c95ccce8aec085c234ba3af9e665d3c67cd,False,SNAPSHOT_STABILITY_ASSUMPTION,"Official same-source snapshots labelled2023-10-31,2024-10-31,2025-08-14 corroborate identical coordinates for existing276source rows; practical pre-existing-station spatial stability assumption approved by human; not continuous-observation proof, not verified unchanged throughout2024. Historical2023/2024 file SHA256=9da58a78b07852906b9b9c75c539770d8a50a16c0cb5b8c21b23383327f85ce6; residual temporal uncertainty retained; see Batch2R-C temporal audit.",,adopted exact_matched; coordinate source=subway/data/raw/2024/station/서울교통공사_1_8호선 역사 좌표(위경도) 정보_20260917.csv row=45.0; ,,11190550,영등포구,당산1동,20240630,946685.8900102131,1947555.8722485788,MAPPED,11190550,UNIQUE_STRICT_WITHIN,longitude=x latitude=y; EPSG:4326 analytical assumption -> EPSG:5179; strict contains; non-within touches checked; no repair/fallback,288.0,subway/data/raw/2024/boundary/bnd_dong_11_2024_2Q.shp,boundary,2024 Q2,2024-06-30,population_direct_65_plus,subway/data/raw/2024/population_direct_65_plus/201_DT_201004_O020003_2024Q2_20261006.csv,310.0,e48f83ca75f7f92a5a83e39834440c0f3149ace1113c3533102797e4d0338d76,DT_201004_O020003,https://stat.eseoul.go.kr/statHtml/statHtml.do?orgId=201&tblId=DT_201004_O020003&conn_path=I2,001019005,001019,002 계 (14210.MT0047 명),006 65세이상고령자 (14999671.ga028 명),명,official source code parents + exact complete Q2 boundary parent/name-set bijection; SGIS codes not equated to statistics codes,seoul_2024,IN_CURRENT_STUDY_AREA,STRICTLY_INSIDE_CONFIGURED_BOUNDARY_UNION,current configured validated boundary union; no replacement coordinates or correction,2,0.9258830609693995,21601,3698,0.17119577797324198,-0.30301818855235046,0.04253359601833487,65.72848021356822
"station:[""2"",""왕십리(성동구청)""]",2,왕십리(성동구청),208,subway/data/raw/2024/station/서울교통공사_1_8호선 역사 좌표(위경도) 정보_20260917.csv,17,왕십리,208,37.561159,127.035505,alias_matched,False,ELIGIBLE,,EPSG:4326,ANALYTICAL_ASSUMPTION,analysis assumption supported by official national station-data standard; not source-specific CRS explicitly verified. Batch2R-C official 2024 공공데이터 제공 표준 section42 도시철도역사정보 items10 역위도/11 역경도 explicitly specifies WGS84; longitude=x latitude=y geographic degrees. https://www.data.go.kr/bbs/rcr/selectRecsroom.do?originId=PDS_0000000001227&atchFileId=FILE_000000003049184 standard SHA256=d3d464f6a9dd9f6dfd3ff61fec966c95ccce8aec085c234ba3af9e665d3c67cd,False,SNAPSHOT_STABILITY_ASSUMPTION,"Official same-source snapshots labelled2023-10-31,2024-10-31,2025-08-14 corroborate identical coordinates for existing276source rows; practical pre-existing-station spatial stability assumption approved by human; not continuous-observation proof, not verified unchanged throughout2024. Historical2023/2024 file SHA256=9da58a78b07852906b9b9c75c539770d8a50a16c0cb5b8c21b23383327f85ce6; residual temporal uncertainty retained; see Batch2R-C temporal audit.",,adopted alias_matched; coordinate source=subway/data/raw/2024/station/서울교통공사_1_8호선 역사 좌표(위경도) 정보_20260917.csv row=17.0; P-S2-2RA scoped source alias; provider family=서울교통공사; station_file=subway/data/raw/2024/station/서울교통공사_1_8호선 역사 좌표(위경도) 정보_20260917.csv; total_file=subway/data/raw/2024/total_ridership/서울교통공사_역별 일별 시간대별 승하차인원 정보_20260831.csv; station_row=17; normalized_line=2; external_code=208; station_raw=왕십리; canonical_2024_total=왕십리(성동구청); relation=B adjunct/display source difference; source code+line unique on both sides; explicit reviewed display variant; not an official rename claim; OA-22477 row=6 previous=왕십리 changed=왕십리(성동구청) revision=2014-12-18 note=병기역명; https://data.seoul.go.kr/dataList/OA-22477/F/1/datasetView.do; candidate identities station=1 total=1; no code-line contradiction or competing candidate; raw names preserved,,11040560,성동구,행당1동,20240630,958976.6455709717,1951412.8695301241,MAPPED,11040560,UNIQUE_STRICT_WITHIN,longitude=x latitude=y; EPSG:4326 analytical assumption -> EPSG:5179; strict contains; non-within touches checked; no repair/fallback,117.0,subway/data/raw/2024/boundary/bnd_dong_11_2024_2Q.shp,boundary,2024 Q2,2024-06-30,population_direct_65_plus,subway/data/raw/2024/population_direct_65_plus/201_DT_201004_O020003_2024Q2_20261006.csv,58.0,e48f83ca75f7f92a5a83e39834440c0f3149ace1113c3533102797e4d0338d76,DT_201004_O020003,https://stat.eseoul.go.kr/statHtml/statHtml.do?orgId=201&tblId=DT_201004_O020003&conn_path=I2,001004006,001004,002 계 (14210.MT0047 명),006 65세이상고령자 (14999671.ga028 명),명,official source code parents + exact complete Q2 boundary parent/name-set bijection; SGIS codes not equated to statistics codes,seoul_2024,IN_CURRENT_STUDY_AREA,STRICTLY_INSIDE_CONFIGURED_BOUNDARY_UNION,current configured validated boundary union; no replacement coordinates or correction,4,2.850220892119139,14034,2320,0.16531281174291007,-0.4419895242864137,1.1500844783959412,201.11234725497366
"station:[""2"",""용답""]",2,용답,244,subway/data/raw/2024/station/서울교통공사_1_8호선 역사 좌표(위경도) 정보_20260917.csv,57,용답,244,37.566412,126.977863,exact_matched,False,ELIGIBLE,,EPSG:4326,ANALYTICAL_ASSUMPTION,analysis assumption supported by official national station-data standard; not source-specific CRS explicitly verified. Batch2R-C official 2024 공공데이터 제공 표준 section42 도시철도역사정보 items10 역위도/11 역경도 explicitly specifies WGS84; longitude=x latitude=y geographic degrees. https://www.data.go.kr/bbs/rcr/selectRecsroom.do?originId=PDS_0000000001227&atchFileId=FILE_000000003049184 standard SHA256=d3d464f6a9dd9f6dfd3ff61fec966c95ccce8aec085c234ba3af9e665d3c67cd,False,SNAPSHOT_STABILITY_ASSUMPTION,"Official same-source snapshots labelled2023-10-31,2024-10-31,2025-08-14 corroborate identical coordinates for existing276source rows; practical pre-existing-station spatial stability assumption approved by human; not continuous-observation proof, not verified unchanged throughout2024. Historical2023/2024 file SHA256=9da58a78b07852906b9b9c75c539770d8a50a16c0cb5b8c21b23383327f85ce6; residual temporal uncertainty retained; see Batch2R-C temporal audit.",,adopted exact_matched; coordinate source=subway/data/raw/2024/station/서울교통공사_1_8호선 역사 좌표(위경도) 정보_20260917.csv row=57.0; ,,11020550,중구,명동,20240630,953889.0122430653,1952022.3850259243,MAPPED,11020550,UNIQUE_STRICT_WITHIN,longitude=x latitude=y; EPSG:4326 analytical assumption -> EPSG:5179; strict contains; non-within touches checked; no repair/fallback,41.0,subway/data/raw/2024/boundary/bnd_dong_11_2024_2Q.shp,boundary,2024 Q2,2024-06-30,population_direct_65_plus,subway/data/raw/2024/population_direct_65_plus/201_DT_201004_O020003_2024Q2_20261006.csv,23.0,e48f83ca75f7f92a5a83e39834440c0f3149ace1113c3533102797e4d0338d76,DT_201004_O020003,https://stat.eseoul.go.kr/statHtml/statHtml.do?orgId=201&tblId=DT_201004_O020003&conn_path=I2,001002003,001002,002 계 (14210.MT0047 명),006 65세이상고령자 (14999671.ga028 명),명,official source code parents + exact complete Q2 boundary parent/name-set bijection; SGIS codes not equated to statistics codes,seoul_2024,IN_CURRENT_STUDY_AREA,STRICTLY_INSIDE_CONFIGURED_BOUNDARY_UNION,current configured validated boundary union; no replacement coordinates or correction,6,17.647058823529413,3400,770,0.22647058823529412,1.0027200927518587,9.666391044764461,6.689997203084634
"station:[""2"",""용두(동대문구청)""]",2,용두(동대문구청),250,subway/data/raw/2024/station/서울교통공사_1_8호선 역사 좌표(위경도) 정보_20260917.csv,55,용두,250,37.574012,127.03811,alias_matched,False,ELIGIBLE,,EPSG:4326,ANALYTICAL_ASSUMPTION,analysis assumption supported by official national station-data standard; not source-specific CRS explicitly verified. Batch2R-C official 2024 공공데이터 제공 표준 section42 도시철도역사정보 items10 역위도/11 역경도 explicitly specifies WGS84; longitude=x latitude=y geographic degrees. https://www.data.go.kr/bbs/rcr/selectRecsroom.do?originId=PDS_0000000001227&atchFileId=FILE_000000003049184 standard SHA256=d3d464f6a9dd9f6dfd3ff61fec966c95ccce8aec085c234ba3af9e665d3c67cd,False,SNAPSHOT_STABILITY_ASSUMPTION,"Official same-source snapshots labelled2023-10-31,2024-10-31,2025-08-14 corroborate identical coordinates for existing276source rows; practical pre-existing-station spatial stability assumption approved by human; not continuous-observation proof, not verified unchanged throughout2024. Historical2023/2024 file SHA256=9da58a78b07852906b9b9c75c539770d8a50a16c0cb5b8c21b23383327f85ce6; residual temporal uncertainty retained; see Batch2R-C temporal audit.",,adopted alias_matched; coordinate source=subway/data/raw/2024/station/서울교통공사_1_8호선 역사 좌표(위경도) 정보_20260917.csv row=55.0; P-S2-2RA scoped source alias; provider family=서울교통공사; station_file=subway/data/raw/2024/station/서울교통공사_1_8호선 역사 좌표(위경도) 정보_20260917.csv; total_file=subway/data/raw/2024/total_ridership/서울교통공사_역별 일별 시간대별 승하차인원 정보_20260831.csv; station_row=55; normalized_line=2; external_code=250; station_raw=용두; canonical_2024_total=용두(동대문구청); relation=B adjunct/display source difference; source code+line unique on both sides; explicit reviewed display variant; not an official rename claim; OA-22477 row=22 previous=용두 changed=용두(동대문구청) revision=2005-10-20 note=병기역명; https://data.seoul.go.kr/dataList/OA-22477/F/1/datasetView.do; candidate identities station=1 total=1; no code-line contradiction or competing candidate; raw names preserved,,11060810,동대문구,용신동,20240630,959213.7246526511,1952837.7098172656,MAPPED,11060810,UNIQUE_STRICT_WITHIN,longitude=x latitude=y; EPSG:4326 analytical assumption -> EPSG:5179; strict contains; non-within touches checked; no repair/fallback,149.0,subway/data/raw/2024/boundary/bnd_dong_11_2024_2Q.shp,boundary,2024 Q2,2024-06-30,population_direct_65_plus,subway/data/raw/2024/population_direct_65_plus/201_DT_201004_O020003_2024Q2_20261006.csv,88.0,e48f83ca75f7f92a5a83e39834440c0f3149ace1113c3533102797e4d0338d76,DT_201004_O020003,https://stat.eseoul.go.kr/statHtml/statHtml.do?orgId=201&tblId=DT_201004_O020003&conn_path=I2,001006029,001006,002 계 (14210.MT0047 명),006 65세이상고령자 (14999671.ga028 명),명,official source code parents + exact complete Q2 boundary parent/name-set bijection; SGIS codes not equated to statistics codes,seoul_2024,IN_CURRENT_STUDY_AREA,STRICTLY_INSIDE_CONFIGURED_BOUNDARY_UNION,current configured validated boundary union; no replacement coordinates or correction,1,0.24775779198255787,40362,6816,0.16887171101531143,-0.35791884186798034,-0.3477607836229942,508.39804670349906
"station:[""2"",""을지로3가""]",2,을지로3가,203,subway/data/raw/2024/station/서울교통공사_1_8호선 역사 좌표(위경도) 정보_20260917.csv,12,을지로3가,203,37.566292,126.991773,exact_matched,False,ELIGIBLE,,EPSG:4326,ANALYTICAL_ASSUMPTION,analysis assumption supported by official national station-data standard; not source-specific CRS explicitly verified. Batch2R-C official 2024 공공데이터 제공 표준 section42 도시철도역사정보 items10 역위도/11 역경도 explicitly specifies WGS84; longitude=x latitude=y geographic degrees. https://www.data.go.kr/bbs/rcr/selectRecsroom.do?originId=PDS_0000000001227&atchFileId=FILE_000000003049184 standard SHA256=d3d464f6a9dd9f6dfd3ff61fec966c95ccce8aec085c234ba3af9e665d3c67cd,False,SNAPSHOT_STABILITY_ASSUMPTION,"Official same-source snapshots labelled2023-10-31,2024-10-31,2025-08-14 corroborate identical coordinates for existing276source rows; practical pre-existing-station spatial stability assumption approved by human; not continuous-observation proof, not verified unchanged throughout2024. Historical2023/2024 file SHA256=9da58a78b07852906b9b9c75c539770d8a50a16c0cb5b8c21b23383327f85ce6; residual temporal uncertainty retained; see Batch2R-C temporal audit.",,adopted exact_matched; coordinate source=subway/data/raw/2024/station/서울교통공사_1_8호선 역사 좌표(위경도) 정보_20260917.csv row=12.0; ,,11020600,중구,을지로동,20240630,955117.3692944383,1952002.3371704845,MAPPED,11020600,UNIQUE_STRICT_WITHIN,longitude=x latitude=y; EPSG:4326 analytical assumption -> EPSG:5179; strict contains; non-within touches checked; no repair/fallback,45.0,subway/data/raw/2024/boundary/bnd_dong_11_2024_2Q.shp,boundary,2024 Q2,2024-06-30,population_direct_65_plus,subway/data/raw/2024/population_direct_65_plus/201_DT_201004_O020003_2024Q2_20261006.csv,27.0,e48f83ca75f7f92a5a83e39834440c0f3149ace1113c3533102797e4d0338d76,DT_201004_O020003,https://stat.eseoul.go.kr/statHtml/statHtml.do?orgId=201&tblId=DT_201004_O020003&conn_path=I2,001002007,001002,002 계 (14210.MT0047 명),006 65세이상고령자 (14999671.ga028 명),명,official source code parents + exact complete Q2 boundary parent/name-set bijection; SGIS codes not equated to statistics codes,seoul_2024,IN_CURRENT_STUDY_AREA,STRICTLY_INSIDE_CONFIGURED_BOUNDARY_UNION,current configured validated boundary union; no replacement coordinates or correction,2,5.770340450086555,3466,518,0.14945181765724178,-0.8166684613829198,2.8307566247947795,149.7721057097719
"station:[""2"",""을지로4가""]",2,을지로4가,204,subway/data/raw/2024/station/서울교통공사_1_8호선 역사 좌표(위경도) 정보_20260917.csv,13,을지로4가,204,37.566611,126.998122,exact_matched,False,ELIGIBLE,,EPSG:4326,ANALYTICAL_ASSUMPTION,analysis assumption supported by official national station-data standard; not source-specific CRS explicitly verified. Batch2R-C official 2024 공공데이터 제공 표준 section42 도시철도역사정보 items10 역위도/11 역경도 explicitly specifies WGS84; longitude=x latitude=y geographic degrees. https://www.data.go.kr/bbs/rcr/selectRecsroom.do?originId=PDS_0000000001227&atchFileId=FILE_000000003049184 standard SHA256=d3d464f6a9dd9f6dfd3ff61fec966c95ccce8aec085c234ba3af9e665d3c67cd,False,SNAPSHOT_STABILITY_ASSUMPTION,"Official same-source snapshots labelled2023-10-31,2024-10-31,2025-08-14 corroborate identical coordinates for existing276source rows; practical pre-existing-station spatial stability assumption approved by human; not continuous-observation proof, not verified unchanged throughout2024. Historical2023/2024 file SHA256=9da58a78b07852906b9b9c75c539770d8a50a16c0cb5b8c21b23383327f85ce6; residual temporal uncertainty retained; see Batch2R-C temporal audit.",,adopted exact_matched; coordinate source=subway/data/raw/2024/station/서울교통공사_1_8호선 역사 좌표(위경도) 정보_20260917.csv row=13.0; ,,11020600,중구,을지로동,20240630,955678.2560325207,1952034.7152352945,MAPPED,11020600,UNIQUE_STRICT_WITHIN,longitude=x latitude=y; EPSG:4326 analytical assumption -> EPSG:5179; strict contains; non-within touches checked; no repair/fallback,45.0,subway/data/raw/2024/boundary/bnd_dong_11_2024_2Q.shp,boundary,2024 Q2,2024-06-30,population_direct_65_plus,subway/data/raw/2024/population_direct_65_plus/201_DT_201004_O020003_2024Q2_20261006.csv,27.0,e48f83ca75f7f92a5a83e39834440c0f3149ace1113c3533102797e4d0338d76,DT_201004_O020003,https://stat.eseoul.go.kr/statHtml/statHtml.do?orgId=201&tblId=DT_201004_O020003&conn_path=I2,001002007,001002,002 계 (14210.MT0047 명),006 65세이상고령자 (14999671.ga028 명),명,official source code parents + exact complete Q2 boundary parent/name-set bijection; SGIS codes not equated to statistics codes,seoul_2024,IN_CURRENT_STUDY_AREA,STRICTLY_INSIDE_CONFIGURED_BOUNDARY_UNION,current configured validated boundary union; no replacement coordinates or correction,2,5.770340450086555,3466,518,0.14945181765724178,-0.8166684613829198,2.8307566247947795,330.04588898805565
"station:[""2"",""을지로입구""]",2,을지로입구,202,subway/data/raw/2024/station/서울교통공사_1_8호선 역사 좌표(위경도) 정보_20260917.csv,11,을지로입구,202,37.565998,126.982569,exact_matched,False,ELIGIBLE,,EPSG:4326,ANALYTICAL_ASSUMPTION,analysis assumption supported by official national station-data standard; not source-specific CRS explicitly verified. Batch2R-C official 2024 공공데이터 제공 표준 section42 도시철도역사정보 items10 역위도/11 역경도 explicitly specifies WGS84; longitude=x latitude=y geographic degrees. https://www.data.go.kr/bbs/rcr/selectRecsroom.do?originId=PDS_0000000001227&atchFileId=FILE_000000003049184 standard SHA256=d3d464f6a9dd9f6dfd3ff61fec966c95ccce8aec085c234ba3af9e665d3c67cd,False,SNAPSHOT_STABILITY_ASSUMPTION,"Official same-source snapshots labelled2023-10-31,2024-10-31,2025-08-14 corroborate identical coordinates for existing276source rows; practical pre-existing-station spatial stability assumption approved by human; not continuous-observation proof, not verified unchanged throughout2024. Historical2023/2024 file SHA256=9da58a78b07852906b9b9c75c539770d8a50a16c0cb5b8c21b23383327f85ce6; residual temporal uncertainty retained; see Batch2R-C temporal audit.",,adopted exact_matched; coordinate source=subway/data/raw/2024/station/서울교통공사_1_8호선 역사 좌표(위경도) 정보_20260917.csv row=11.0; ,,11020520,중구,소공동,20240630,954304.3587816654,1951974.1550316717,MAPPED,11020520,UNIQUE_STRICT_WITHIN,longitude=x latitude=y; EPSG:4326 analytical assumption -> EPSG:5179; strict contains; non-within touches checked; no repair/fallback,39.0,subway/data/raw/2024/boundary/bnd_dong_11_2024_2Q.shp,boundary,2024 Q2,2024-06-30,population_direct_65_plus,subway/data/raw/2024/population_direct_65_plus/201_DT_201004_O020003_2024Q2_20261006.csv,21.0,e48f83ca75f7f92a5a83e39834440c0f3149ace1113c3533102797e4d0338d76,DT_201004_O020003,https://stat.eseoul.go.kr/statHtml/statHtml.do?orgId=201&tblId=DT_201004_O020003&conn_path=I2,001002001,001002,002 계 (14210.MT0047 명),006 65세이상고령자 (14999671.ga028 명),명,official source code parents + exact complete Q2 boundary parent/name-set bijection; SGIS codes not equated to statistics codes,seoul_2024,IN_CURRENT_STUDY_AREA,STRICTLY_INSIDE_CONFIGURED_BOUNDARY_UNION,current configured validated boundary union; no replacement coordinates or correction,3,8.92325996430696,3362,347,0.1032123735871505,-1.9089673212488123,4.645416573538808,187.09150457411073
"station:[""2"",""이대""]",2,이대,241,subway/data/raw/2024/station/서울교통공사_1_8호선 역사 좌표(위경도) 정보_20260917.csv,50,이대,241,37.556734,126.945897,exact_matched,False,ELIGIBLE,,EPSG:4326,ANALYTICAL_ASSUMPTION,analysis assumption supported by official national station-data standard; not source-specific CRS explicitly verified. Batch2R-C official 2024 공공데이터 제공 표준 section42 도시철도역사정보 items10 역위도/11 역경도 explicitly specifies WGS84; longitude=x latitude=y geographic degrees. https://www.data.go.kr/bbs/rcr/selectRecsroom.do?originId=PDS_0000000001227&atchFileId=FILE_000000003049184 standard SHA256=d3d464f6a9dd9f6dfd3ff61fec966c95ccce8aec085c234ba3af9e665d3c67cd,False,SNAPSHOT_STABILITY_ASSUMPTION,"Official same-source snapshots labelled2023-10-31,2024-10-31,2025-08-14 corroborate identical coordinates for existing276source rows; practical pre-existing-station spatial stability assumption approved by human; not continuous-observation proof, not verified unchanged throughout2024. Historical2023/2024 file SHA256=9da58a78b07852906b9b9c75c539770d8a50a16c0cb5b8c21b23383327f85ce6; residual temporal uncertainty retained; see Batch2R-C temporal audit.",,adopted exact_matched; coordinate source=subway/data/raw/2024/station/서울교통공사_1_8호선 역사 좌표(위경도) 정보_20260917.csv row=50.0; ,,11140600,마포구,대흥동,20240630,951059.6767792084,1950964.8231776564,MAPPED,11140600,UNIQUE_STRICT_WITHIN,longitude=x latitude=y; EPSG:4326 analytical assumption -> EPSG:5179; strict contains; non-within touches checked; no repair/fallback,126.0,subway/data/raw/2024/boundary/bnd_dong_11_2024_2Q.shp,boundary,2024 Q2,2024-06-30,population_direct_65_plus,subway/data/raw/2024/population_direct_65_plus/201_DT_201004_O020003_2024Q2_20261006.csv,226.0,e48f83ca75f7f92a5a83e39834440c0f3149ace1113c3533102797e4d0338d76,DT_201004_O020003,https://stat.eseoul.go.kr/statHtml/statHtml.do?orgId=201&tblId=DT_201004_O020003&conn_path=I2,001014010,001014,002 계 (14210.MT0047 명),006 65세이상고령자 (14999671.ga028 명),명,official source code parents + exact complete Q2 boundary parent/name-set bijection; SGIS codes not equated to statistics codes,seoul_2024,IN_CURRENT_STUDY_AREA,STRICTLY_INSIDE_CONFIGURED_BOUNDARY_UNION,current configured validated boundary union; no replacement coordinates or correction,2,1.2403100775193798,16125,2032,0.126015503875969,-1.3702966318241359,0.22350177841654853,191.20940030519645
"station:[""2"",""잠실(송파구청)""]",2,잠실(송파구청),216,subway/data/raw/2024/station/서울교통공사_1_8호선 역사 좌표(위경도) 정보_20260917.csv,25,잠실,216,37.513305,127.100129,alias_matched,False,ELIGIBLE,,EPSG:4326,ANALYTICAL_ASSUMPTION,analysis assumption supported by official national station-data standard; not source-specific CRS explicitly verified. Batch2R-C official 2024 공공데이터 제공 표준 section42 도시철도역사정보 items10 역위도/11 역경도 explicitly specifies WGS84; longitude=x latitude=y geographic degrees. https://www.data.go.kr/bbs/rcr/selectRecsroom.do?originId=PDS_0000000001227&atchFileId=FILE_000000003049184 standard SHA256=d3d464f6a9dd9f6dfd3ff61fec966c95ccce8aec085c234ba3af9e665d3c67cd,False,SNAPSHOT_STABILITY_ASSUMPTION,"Official same-source snapshots labelled2023-10-31,2024-10-31,2025-08-14 corroborate identical coordinates for existing276source rows; practical pre-existing-station spatial stability assumption approved by human; not continuous-observation proof, not verified unchanged throughout2024. Historical2023/2024 file SHA256=9da58a78b07852906b9b9c75c539770d8a50a16c0cb5b8c21b23383327f85ce6; residual temporal uncertainty retained; see Batch2R-C temporal audit.",,adopted alias_matched; coordinate source=subway/data/raw/2024/station/서울교통공사_1_8호선 역사 좌표(위경도) 정보_20260917.csv row=25.0; P-S2-2RA scoped source alias; provider family=서울교통공사; station_file=subway/data/raw/2024/station/서울교통공사_1_8호선 역사 좌표(위경도) 정보_20260917.csv; total_file=subway/data/raw/2024/total_ridership/서울교통공사_역별 일별 시간대별 승하차인원 정보_20260831.csv; station_row=25; normalized_line=2; external_code=216; station_raw=잠실; canonical_2024_total=잠실(송파구청); relation=B adjunct/display source difference; source code+line unique on both sides; explicit reviewed display variant; not an official rename claim; OA-22477 row=11 previous=잠실 changed=잠실(송파구청) revision=1998-06-01 note=병기역명; https://data.seoul.go.kr/dataList/OA-22477/F/1/datasetView.do; candidate identities station=1 total=1; no code-line contradiction or competing candidate; raw names preserved,,11240770,송파구,잠실6동,20240630,964661.5701084967,1946077.5079414682,MAPPED,11240770,UNIQUE_STRICT_WITHIN,longitude=x latitude=y; EPSG:4326 analytical assumption -> EPSG:5179; strict contains; non-within touches checked; no repair/fallback,4.0,subway/data/raw/2024/boundary/bnd_dong_11_2024_2Q.shp,boundary,2024 Q2,2024-06-30,population_direct_65_plus,subway/data/raw/2024/population_direct_65_plus/201_DT_201004_O020003_2024Q2_20261006.csv,431.0,e48f83ca75f7f92a5a83e39834440c0f3149ace1113c3533102797e4d0338d76,DT_201004_O020003,https://stat.eseoul.go.kr/statHtml/statHtml.do?orgId=201&tblId=DT_201004_O020003&conn_path=I2,001024027,001024,002 계 (14210.MT0047 명),006 65세이상고령자 (14999671.ga028 명),명,official source code parents + exact complete Q2 boundary parent/name-set bijection; SGIS codes not equated to statistics codes,seoul_2024,IN_CURRENT_STUDY_AREA,STRICTLY_INSIDE_CONFIGURED_BOUNDARY_UNION,current configured validated boundary union; no replacement coordinates or correction,3,1.8053800324968405,16617,3236,0.19474032617199255,0.2531667671873658,0.5487272752652158,133.7198503321761
"station:[""2"",""잠실나루""]",2,잠실나루,215,subway/data/raw/2024/station/서울교통공사_1_8호선 역사 좌표(위경도) 정보_20260917.csv,24,잠실나루,215,37.520688,127.103836,exact_matched,False,ELIGIBLE,,EPSG:4326,ANALYTICAL_ASSUMPTION,analysis assumption supported by official national station-data standard; not source-specific CRS explicitly verified. Batch2R-C official 2024 공공데이터 제공 표준 section42 도시철도역사정보 items10 역위도/11 역경도 explicitly specifies WGS84; longitude=x latitude=y geographic degrees. https://www.data.go.kr/bbs/rcr/selectRecsroom.do?originId=PDS_0000000001227&atchFileId=FILE_000000003049184 standard SHA256=d3d464f6a9dd9f6dfd3ff61fec966c95ccce8aec085c234ba3af9e665d3c67cd,False,SNAPSHOT_STABILITY_ASSUMPTION,"Official same-source snapshots labelled2023-10-31,2024-10-31,2025-08-14 corroborate identical coordinates for existing276source rows; practical pre-existing-station spatial stability assumption approved by human; not continuous-observation proof, not verified unchanged throughout2024. Historical2023/2024 file SHA256=9da58a78b07852906b9b9c75c539770d8a50a16c0cb5b8c21b23383327f85ce6; residual temporal uncertainty retained; see Batch2R-C temporal audit.",,adopted exact_matched; coordinate source=subway/data/raw/2024/station/서울교통공사_1_8호선 역사 좌표(위경도) 정보_20260917.csv row=24.0; ,,11240750,송파구,잠실4동,20240630,964992.6251598711,1946895.2190861388,MAPPED,11240750,UNIQUE_STRICT_WITHIN,longitude=x latitude=y; EPSG:4326 analytical assumption -> EPSG:5179; strict contains; non-within touches checked; no repair/fallback,1.0,subway/data/raw/2024/boundary/bnd_dong_11_2024_2Q.shp,boundary,2024 Q2,2024-06-30,population_direct_65_plus,subway/data/raw/2024/population_direct_65_plus/201_DT_201004_O020003_2024Q2_20261006.csv,430.0,e48f83ca75f7f92a5a83e39834440c0f3149ace1113c3533102797e4d0338d76,DT_201004_O020003,https://stat.eseoul.go.kr/statHtml/statHtml.do?orgId=201&tblId=DT_201004_O020003&conn_path=I2,001024025,001024,002 계 (14210.MT0047 명),006 65세이상고령자 (14999671.ga028 명),명,official source code parents + exact complete Q2 boundary parent/name-set bijection; SGIS codes not equated to statistics codes,seoul_2024,IN_CURRENT_STUDY_AREA,STRICTLY_INSIDE_CONFIGURED_BOUNDARY_UNION,current configured validated boundary union; no replacement coordinates or correction,1,0.4728132387706856,21150,3218,0.1521513002364066,-0.7528994909130341,-0.21823032663189973,210.85957711449848
"station:[""2"",""잠실새내""]",2,잠실새내,217,subway/data/raw/2024/station/서울교통공사_1_8호선 역사 좌표(위경도) 정보_20260917.csv,26,잠실새내,217,37.520731,127.103738,exact_matched,False,ELIGIBLE,,EPSG:4326,ANALYTICAL_ASSUMPTION,analysis assumption supported by official national station-data standard; not source-specific CRS explicitly verified. Batch2R-C official 2024 공공데이터 제공 표준 section42 도시철도역사정보 items10 역위도/11 역경도 explicitly specifies WGS84; longitude=x latitude=y geographic degrees. https://www.data.go.kr/bbs/rcr/selectRecsroom.do?originId=PDS_0000000001227&atchFileId=FILE_000000003049184 standard SHA256=d3d464f6a9dd9f6dfd3ff61fec966c95ccce8aec085c234ba3af9e665d3c67cd,False,SNAPSHOT_STABILITY_ASSUMPTION,"Official same-source snapshots labelled2023-10-31,2024-10-31,2025-08-14 corroborate identical coordinates for existing276source rows; practical pre-existing-station spatial stability assumption approved by human; not continuous-observation proof, not verified unchanged throughout2024. Historical2023/2024 file SHA256=9da58a78b07852906b9b9c75c539770d8a50a16c0cb5b8c21b23383327f85ce6; residual temporal uncertainty retained; see Batch2R-C temporal audit.",,adopted exact_matched; coordinate source=subway/data/raw/2024/station/서울교통공사_1_8호선 역사 좌표(위경도) 정보_20260917.csv row=26.0; ,,11240750,송파구,잠실4동,20240630,964983.9853640981,1946900.0261397175,MAPPED,11240750,UNIQUE_STRICT_WITHIN,longitude=x latitude=y; EPSG:4326 analytical assumption -> EPSG:5179; strict contains; non-within touches checked; no repair/fallback,1.0,subway/data/raw/2024/boundary/bnd_dong_11_2024_2Q.shp,boundary,2024 Q2,2024-06-30,population_direct_65_plus,subway/data/raw/2024/population_direct_65_plus/201_DT_201004_O020003_2024Q2_20261006.csv,430.0,e48f83ca75f7f92a5a83e39834440c0f3149ace1113c3533102797e4d0338d76,DT_201004_O020003,https://stat.eseoul.go.kr/statHtml/statHtml.do?orgId=201&tblId=DT_201004_O020003&conn_path=I2,001024025,001024,002 계 (14210.MT0047 명),006 65세이상고령자 (14999671.ga028 명),명,official source code parents + exact complete Q2 boundary parent/name-set bijection; SGIS codes not equated to statistics codes,seoul_2024,IN_CURRENT_STUDY_AREA,STRICTLY_INSIDE_CONFIGURED_BOUNDARY_UNION,current configured validated boundary union; no replacement coordinates or correction,1,0.4728132387706856,21150,3218,0.1521513002364066,-0.7528994909130341,-0.21823032663189973,219.84686376062433
"station:[""2"",""종합운동장""]",2,종합운동장,218,subway/data/raw/2024/station/서울교통공사_1_8호선 역사 좌표(위경도) 정보_20260917.csv,27,종합운동장,218,37.511008,127.073641,exact_matched,False,ELIGIBLE,,EPSG:4326,ANALYTICAL_ASSUMPTION,analysis assumption supported by official national station-data standard; not source-specific CRS explicitly verified. Batch2R-C official 2024 공공데이터 제공 표준 section42 도시철도역사정보 items10 역위도/11 역경도 explicitly specifies WGS84; longitude=x latitude=y geographic degrees. https://www.data.go.kr/bbs/rcr/selectRecsroom.do?originId=PDS_0000000001227&atchFileId=FILE_000000003049184 standard SHA256=d3d464f6a9dd9f6dfd3ff61fec966c95ccce8aec085c234ba3af9e665d3c67cd,False,SNAPSHOT_STABILITY_ASSUMPTION,"Official same-source snapshots labelled2023-10-31,2024-10-31,2025-08-14 corroborate identical coordinates for existing276source rows; practical pre-existing-station spatial stability assumption approved by human; not continuous-observation proof, not verified unchanged throughout2024. Historical2023/2024 file SHA256=9da58a78b07852906b9b9c75c539770d8a50a16c0cb5b8c21b23383327f85ce6; residual temporal uncertainty retained; see Batch2R-C temporal audit.",,adopted exact_matched; coordinate source=subway/data/raw/2024/station/서울교통공사_1_8호선 역사 좌표(위경도) 정보_20260917.csv row=27.0; ,,11240780,송파구,잠실7동,20240630,962319.538664193,1945832.9484287833,MAPPED,11240780,UNIQUE_STRICT_WITHIN,longitude=x latitude=y; EPSG:4326 analytical assumption -> EPSG:5179; strict contains; non-within touches checked; no repair/fallback,2.0,subway/data/raw/2024/boundary/bnd_dong_11_2024_2Q.shp,boundary,2024 Q2,2024-06-30,population_direct_65_plus,subway/data/raw/2024/population_direct_65_plus/201_DT_201004_O020003_2024Q2_20261006.csv,432.0,e48f83ca75f7f92a5a83e39834440c0f3149ace1113c3533102797e4d0338d76,DT_201004_O020003,https://stat.eseoul.go.kr/statHtml/statHtml.do?orgId=201&tblId=DT_201004_O020003&conn_path=I2,001024028,001024,002 계 (14210.MT0047 명),006 65세이상고령자 (14999671.ga028 명),명,official source code parents + exact complete Q2 boundary parent/name-set bijection; SGIS codes not equated to statistics codes,seoul_2024,IN_CURRENT_STUDY_AREA,STRICTLY_INSIDE_CONFIGURED_BOUNDARY_UNION,current configured validated boundary union; no replacement coordinates or correction,0,0.0,9384,2362,0.2517050298380222,1.5988248329003467,-0.4903575546703421,789.5540456741462
"station:[""2"",""충정로(경기대입구)""]",2,충정로(경기대입구),243,subway/data/raw/2024/station/서울교통공사_1_8호선 역사 좌표(위경도) 정보_20260917.csv,52,충정로,243,37.559742,126.964455,alias_matched,False,ELIGIBLE,,EPSG:4326,ANALYTICAL_ASSUMPTION,analysis assumption supported by official national station-data standard; not source-specific CRS explicitly verified. Batch2R-C official 2024 공공데이터 제공 표준 section42 도시철도역사정보 items10 역위도/11 역경도 explicitly specifies WGS84; longitude=x latitude=y geographic degrees. https://www.data.go.kr/bbs/rcr/selectRecsroom.do?originId=PDS_0000000001227&atchFileId=FILE_000000003049184 standard SHA256=d3d464f6a9dd9f6dfd3ff61fec966c95ccce8aec085c234ba3af9e665d3c67cd,False,SNAPSHOT_STABILITY_ASSUMPTION,"Official same-source snapshots labelled2023-10-31,2024-10-31,2025-08-14 corroborate identical coordinates for existing276source rows; practical pre-existing-station spatial stability assumption approved by human; not continuous-observation proof, not verified unchanged throughout2024. Historical2023/2024 file SHA256=9da58a78b07852906b9b9c75c539770d8a50a16c0cb5b8c21b23383327f85ce6; residual temporal uncertainty retained; see Batch2R-C temporal audit.",,adopted alias_matched; coordinate source=subway/data/raw/2024/station/서울교통공사_1_8호선 역사 좌표(위경도) 정보_20260917.csv row=52.0; P-S2-2RA scoped source alias; provider family=서울교통공사; station_file=subway/data/raw/2024/station/서울교통공사_1_8호선 역사 좌표(위경도) 정보_20260917.csv; total_file=subway/data/raw/2024/total_ridership/서울교통공사_역별 일별 시간대별 승하차인원 정보_20260831.csv; station_row=52; normalized_line=2; external_code=243; station_raw=충정로; canonical_2024_total=충정로(경기대입구); relation=B adjunct/display source difference; source code+line unique on both sides; explicit reviewed display variant; not an official rename claim; OA-22477 row=20 previous=충정로 changed=충정로(경기대입구) revision=1987-11-01 note=병기역명; https://data.seoul.go.kr/dataList/OA-22477/F/1/datasetView.do; candidate identities station=1 total=1; no code-line contradiction or competing candidate; raw names preserved,,11130730,서대문구,충현동,20240630,952700.6986147431,1951289.0448293868,MAPPED,11130730,UNIQUE_STRICT_WITHIN,longitude=x latitude=y; EPSG:4326 analytical assumption -> EPSG:5179; strict contains; non-within touches checked; no repair/fallback,80.0,subway/data/raw/2024/boundary/bnd_dong_11_2024_2Q.shp,boundary,2024 Q2,2024-06-30,population_direct_65_plus,subway/data/raw/2024/population_direct_65_plus/201_DT_201004_O020003_2024Q2_20261006.csv,209.0,e48f83ca75f7f92a5a83e39834440c0f3149ace1113c3533102797e4d0338d76,DT_201004_O020003,https://stat.eseoul.go.kr/statHtml/statHtml.do?orgId=201&tblId=DT_201004_O020003&conn_path=I2,001013022,001013,002 계 (14210.MT0047 명),006 65세이상고령자 (14999671.ga028 명),명,official source code parents + exact complete Q2 boundary parent/name-set bijection; SGIS codes not equated to statistics codes,seoul_2024,IN_CURRENT_STUDY_AREA,STRICTLY_INSIDE_CONFIGURED_BOUNDARY_UNION,current configured validated boundary union; no replacement coordinates or correction,2,0.9963632740497185,20073,3670,0.18283266078812335,-0.028124013531123204,0.08309841832951397,110.88965154538141
"station:[""2"",""한양대""]",2,한양대,209,subway/data/raw/2024/station/서울교통공사_1_8호선 역사 좌표(위경도) 정보_20260917.csv,18,한양대,209,37.55658,127.043504,exact_matched,False,ELIGIBLE,,EPSG:4326,ANALYTICAL_ASSUMPTION,analysis assumption supported by official national station-data standard; not source-specific CRS explicitly verified. Batch2R-C official 2024 공공데이터 제공 표준 section42 도시철도역사정보 items10 역위도/11 역경도 explicitly specifies WGS84; longitude=x latitude=y geographic degrees. https://www.data.go.kr/bbs/rcr/selectRecsroom.do?originId=PDS_0000000001227&atchFileId=FILE_000000003049184 standard SHA256=d3d464f6a9dd9f6dfd3ff61fec966c95ccce8aec085c234ba3af9e665d3c67cd,False,SNAPSHOT_STABILITY_ASSUMPTION,"Official same-source snapshots labelled2023-10-31,2024-10-31,2025-08-14 corroborate identical coordinates for existing276source rows; practical pre-existing-station spatial stability assumption approved by human; not continuous-observation proof, not verified unchanged throughout2024. Historical2023/2024 file SHA256=9da58a78b07852906b9b9c75c539770d8a50a16c0cb5b8c21b23383327f85ce6; residual temporal uncertainty retained; see Batch2R-C temporal audit.",,adopted exact_matched; coordinate source=subway/data/raw/2024/station/서울교통공사_1_8호선 역사 좌표(위경도) 정보_20260917.csv row=18.0; ,,11040550,성동구,사근동,20240630,959680.6392903356,1950901.3925182186,MAPPED,11040550,UNIQUE_STRICT_WITHIN,longitude=x latitude=y; EPSG:4326 analytical assumption -> EPSG:5179; strict contains; non-within touches checked; no repair/fallback,116.0,subway/data/raw/2024/boundary/bnd_dong_11_2024_2Q.shp,boundary,2024 Q2,2024-06-30,population_direct_65_plus,subway/data/raw/2024/population_direct_65_plus/201_DT_201004_O020003_2024Q2_20261006.csv,57.0,e48f83ca75f7f92a5a83e39834440c0f3149ace1113c3533102797e4d0338d76,DT_201004_O020003,https://stat.eseoul.go.kr/statHtml/statHtml.do?orgId=201&tblId=DT_201004_O020003&conn_path=I2,001004005,001004,002 계 (14210.MT0047 명),006 65세이상고령자 (14999671.ga028 명),명,official source code parents + exact complete Q2 boundary parent/name-set bijection; SGIS codes not equated to statistics codes,seoul_2024,IN_CURRENT_STUDY_AREA,STRICTLY_INSIDE_CONFIGURED_BOUNDARY_UNION,current configured validated boundary union; no replacement coordinates or correction,2,1.4151277152763038,14133,1567,0.11087525649189839,-1.727949611618606,0.3241179102717163,375.35859560424416
"station:[""2"",""합정""]",2,합정,238,subway/data/raw/2024/station/서울교통공사_1_8호선 역사 좌표(위경도) 정보_20260917.csv,47,합정,238,37.550025,126.914557,exact_matched,False,ELIGIBLE,,EPSG:4326,ANALYTICAL_ASSUMPTION,analysis assumption supported by official national station-data standard; not source-specific CRS explicitly verified. Batch2R-C official 2024 공공데이터 제공 표준 section42 도시철도역사정보 items10 역위도/11 역경도 explicitly specifies WGS84; longitude=x latitude=y geographic degrees. https://www.data.go.kr/bbs/rcr/selectRecsroom.do?originId=PDS_0000000001227&atchFileId=FILE_000000003049184 standard SHA256=d3d464f6a9dd9f6dfd3ff61fec966c95ccce8aec085c234ba3af9e665d3c67cd,False,SNAPSHOT_STABILITY_ASSUMPTION,"Official same-source snapshots labelled2023-10-31,2024-10-31,2025-08-14 corroborate identical coordinates for existing276source rows; practical pre-existing-station spatial stability assumption approved by human; not continuous-observation proof, not verified unchanged throughout2024. Historical2023/2024 file SHA256=9da58a78b07852906b9b9c75c539770d8a50a16c0cb5b8c21b23383327f85ce6; residual temporal uncertainty retained; see Batch2R-C temporal audit.",,adopted exact_matched; coordinate source=subway/data/raw/2024/station/서울교통공사_1_8호선 역사 좌표(위경도) 정보_20260917.csv row=47.0; ,,11140660,마포구,서교동,20240630,948286.9578445771,1950237.2716897617,MAPPED,11140660,UNIQUE_STRICT_WITHIN,longitude=x latitude=y; EPSG:4326 analytical assumption -> EPSG:5179; strict contains; non-within touches checked; no repair/fallback,129.0,subway/data/raw/2024/boundary/bnd_dong_11_2024_2Q.shp,boundary,2024 Q2,2024-06-30,population_direct_65_plus,subway/data/raw/2024/population_direct_65_plus/201_DT_201004_O020003_2024Q2_20261006.csv,230.0,e48f83ca75f7f92a5a83e39834440c0f3149ace1113c3533102797e4d0338d76,DT_201004_O020003,https://stat.eseoul.go.kr/statHtml/statHtml.do?orgId=201&tblId=DT_201004_O020003&conn_path=I2,001014016,001014,002 계 (14210.MT0047 명),006 65세이상고령자 (14999671.ga028 명),명,official source code parents + exact complete Q2 boundary parent/name-set bijection; SGIS codes not equated to statistics codes,seoul_2024,IN_CURRENT_STUDY_AREA,STRICTLY_INSIDE_CONFIGURED_BOUNDARY_UNION,current configured validated boundary union; no replacement coordinates or correction,5,1.9157088122605364,26100,3460,0.13256704980842912,-1.2155316622986037,0.6122269037612778,39.787607061198244
"station:[""2"",""홍대입구""]",2,홍대입구,239,subway/data/raw/2024/station/서울교통공사_1_8호선 역사 좌표(위경도) 정보_20260917.csv,48,홍대입구,239,37.556748,126.923643,exact_matched,False,ELIGIBLE,,EPSG:4326,ANALYTICAL_ASSUMPTION,analysis assumption supported by official national station-data standard; not source-specific CRS explicitly verified. Batch2R-C official 2024 공공데이터 제공 표준 section42 도시철도역사정보 items10 역위도/11 역경도 explicitly specifies WGS84; longitude=x latitude=y geographic degrees. https://www.data.go.kr/bbs/rcr/selectRecsroom.do?originId=PDS_0000000001227&atchFileId=FILE_000000003049184 standard SHA256=d3d464f6a9dd9f6dfd3ff61fec966c95ccce8aec085c234ba3af9e665d3c67cd,False,SNAPSHOT_STABILITY_ASSUMPTION,"Official same-source snapshots labelled2023-10-31,2024-10-31,2025-08-14 corroborate identical coordinates for existing276source rows; practical pre-existing-station spatial stability assumption approved by human; not continuous-observation proof, not verified unchanged throughout2024. Historical2023/2024 file SHA256=9da58a78b07852906b9b9c75c539770d8a50a16c0cb5b8c21b23383327f85ce6; residual temporal uncertainty retained; see Batch2R-C temporal audit.",,adopted exact_matched; coordinate source=subway/data/raw/2024/station/서울교통공사_1_8호선 역사 좌표(위경도) 정보_20260917.csv row=48.0; ,,11140660,마포구,서교동,20240630,949094.1179820655,1950978.196258571,MAPPED,11140660,UNIQUE_STRICT_WITHIN,longitude=x latitude=y; EPSG:4326 analytical assumption -> EPSG:5179; strict contains; non-within touches checked; no repair/fallback,129.0,subway/data/raw/2024/boundary/bnd_dong_11_2024_2Q.shp,boundary,2024 Q2,2024-06-30,population_direct_65_plus,subway/data/raw/2024/population_direct_65_plus/201_DT_201004_O020003_2024Q2_20261006.csv,230.0,e48f83ca75f7f92a5a83e39834440c0f3149ace1113c3533102797e4d0338d76,DT_201004_O020003,https://stat.eseoul.go.kr/statHtml/statHtml.do?orgId=201&tblId=DT_201004_O020003&conn_path=I2,001014016,001014,002 계 (14210.MT0047 명),006 65세이상고령자 (14999671.ga028 명),명,official source code parents + exact complete Q2 boundary parent/name-set bijection; SGIS codes not equated to statistics codes,seoul_2024,IN_CURRENT_STUDY_AREA,STRICTLY_INSIDE_CONFIGURED_BOUNDARY_UNION,current configured validated boundary union; no replacement coordinates or correction,5,1.9157088122605364,26100,3460,0.13256704980842912,-1.2155316622986037,0.6122269037612778,87.72643637005339
"station:[""3"",""가락시장""]",3,가락시장,340,subway/data/raw/2024/station/서울교통공사_1_8호선 역사 좌표(위경도) 정보_20260917.csv,93,가락시장,340,37.492368,127.118101,exact_matched,False,ELIGIBLE,,EPSG:4326,ANALYTICAL_ASSUMPTION,analysis assumption supported by official national station-data standard; not source-specific CRS explicitly verified. Batch2R-C official 2024 공공데이터 제공 표준 section42 도시철도역사정보 items10 역위도/11 역경도 explicitly specifies WGS84; longitude=x latitude=y geographic degrees. https://www.data.go.kr/bbs/rcr/selectRecsroom.do?originId=PDS_0000000001227&atchFileId=FILE_000000003049184 standard SHA256=d3d464f6a9dd9f6dfd3ff61fec966c95ccce8aec085c234ba3af9e665d3c67cd,False,SNAPSHOT_STABILITY_ASSUMPTION,"Official same-source snapshots labelled2023-10-31,2024-10-31,2025-08-14 corroborate identical coordinates for existing276source rows; practical pre-existing-station spatial stability assumption approved by human; not continuous-observation proof, not verified unchanged throughout2024. Historical2023/2024 file SHA256=9da58a78b07852906b9b9c75c539770d8a50a16c0cb5b8c21b23383327f85ce6; residual temporal uncertainty retained; see Batch2R-C temporal audit.",,adopted exact_matched; coordinate source=subway/data/raw/2024/station/서울교통공사_1_8호선 역사 좌표(위경도) 정보_20260917.csv row=93.0; ,,11240660,송파구,가락1동,20240630,966240.4183558461,1943748.088864503,MAPPED,11240660,UNIQUE_STRICT_WITHIN,longitude=x latitude=y; EPSG:4326 analytical assumption -> EPSG:5179; strict contains; non-within touches checked; no repair/fallback,367.0,subway/data/raw/2024/boundary/bnd_dong_11_2024_2Q.shp,boundary,2024 Q2,2024-06-30,population_direct_65_plus,subway/data/raw/2024/population_direct_65_plus/201_DT_201004_O020003_2024Q2_20261006.csv,421.0,e48f83ca75f7f92a5a83e39834440c0f3149ace1113c3533102797e4d0338d76,DT_201004_O020003,https://stat.eseoul.go.kr/statHtml/statHtml.do?orgId=201&tblId=DT_201004_O020003&conn_path=I2,001024016,001024,002 계 (14210.MT0047 명),006 65세이상고령자 (14999671.ga028 명),명,official source code parents + exact complete Q2 boundary parent/name-set bijection; SGIS codes not equated to statistics codes,seoul_2024,IN_CURRENT_STUDY_AREA,STRICTLY_INSIDE_CONFIGURED_BOUNDARY_UNION,current configured validated boundary union; no replacement coordinates or correction,1,0.36210892236384706,27616,4071,0.14741454229432213,-0.8647943331554436,-0.2819460949001706,151.6304383450251
"station:[""3"",""경복궁(정부서울청사)""]",3,경복궁(정부서울청사),317,subway/data/raw/2024/station/서울교통공사_1_8호선 역사 좌표(위경도) 정보_20260917.csv,70,경복궁,317,37.575844,126.973576,alias_matched,False,ELIGIBLE,,EPSG:4326,ANALYTICAL_ASSUMPTION,analysis assumption supported by official national station-data standard; not source-specific CRS explicitly verified. Batch2R-C official 2024 공공데이터 제공 표준 section42 도시철도역사정보 items10 역위도/11 역경도 explicitly specifies WGS84; longitude=x latitude=y geographic degrees. https://www.data.go.kr/bbs/rcr/selectRecsroom.do?originId=PDS_0000000001227&atchFileId=FILE_000000003049184 standard SHA256=d3d464f6a9dd9f6dfd3ff61fec966c95ccce8aec085c234ba3af9e665d3c67cd,False,SNAPSHOT_STABILITY_ASSUMPTION,"Official same-source snapshots labelled2023-10-31,2024-10-31,2025-08-14 corroborate identical coordinates for existing276source rows; practical pre-existing-station spatial stability assumption approved by human; not continuous-observation proof, not verified unchanged throughout2024. Historical2023/2024 file SHA256=9da58a78b07852906b9b9c75c539770d8a50a16c0cb5b8c21b23383327f85ce6; residual temporal uncertainty retained; see Batch2R-C temporal audit.",,adopted alias_matched; coordinate source=subway/data/raw/2024/station/서울교통공사_1_8호선 역사 좌표(위경도) 정보_20260917.csv row=70.0; P-S2-2RA scoped source alias; provider family=서울교통공사; station_file=subway/data/raw/2024/station/서울교통공사_1_8호선 역사 좌표(위경도) 정보_20260917.csv; total_file=subway/data/raw/2024/total_ridership/서울교통공사_역별 일별 시간대별 승하차인원 정보_20260831.csv; station_row=70; normalized_line=3; external_code=317; station_raw=경복궁; canonical_2024_total=경복궁(정부서울청사); relation=B adjunct/display source difference; source code+line unique on both sides; explicit reviewed display variant; not an official rename claim; candidate identities station=1 total=1; no code-line contradiction or competing candidate; raw names preserved,,11010530,종로구,사직동,20240630,953516.2782926572,1953070.932288911,MAPPED,11010530,UNIQUE_STRICT_WITHIN,longitude=x latitude=y; EPSG:4326 analytical assumption -> EPSG:5179; strict contains; non-within touches checked; no repair/fallback,384.0,subway/data/raw/2024/boundary/bnd_dong_11_2024_2Q.shp,boundary,2024 Q2,2024-06-30,population_direct_65_plus,subway/data/raw/2024/population_direct_65_plus/201_DT_201004_O020003_2024Q2_20261006.csv,4.0,e48f83ca75f7f92a5a83e39834440c0f3149ace1113c3533102797e4d0338d76,DT_201004_O020003,https://stat.eseoul.go.kr/statHtml/statHtml.do?orgId=201&tblId=DT_201004_O020003&conn_path=I2,001001003,001001,002 계 (14210.MT0047 명),006 65세이상고령자 (14999671.ga028 명),명,official source code parents + exact complete Q2 boundary parent/name-set bijection; SGIS codes not equated to statistics codes,seoul_2024,IN_CURRENT_STUDY_AREA,STRICTLY_INSIDE_CONFIGURED_BOUNDARY_UNION,current configured validated boundary union; no replacement coordinates or correction,3,3.243593902043464,9249,1895,0.20488701481241214,0.4928585856388208,1.376489955226854,86.91729824105519
"station:[""3"",""경찰병원""]",3,경찰병원,341,subway/data/raw/2024/station/서울교통공사_1_8호선 역사 좌표(위경도) 정보_20260917.csv,94,경찰병원,341,37.495754,127.124198,exact_matched,False,ELIGIBLE,,EPSG:4326,ANALYTICAL_ASSUMPTION,analysis assumption supported by official national station-data standard; not source-specific CRS explicitly verified. Batch2R-C official 2024 공공데이터 제공 표준 section42 도시철도역사정보 items10 역위도/11 역경도 explicitly specifies WGS84; longitude=x latitude=y geographic degrees. https://www.data.go.kr/bbs/rcr/selectRecsroom.do?originId=PDS_0000000001227&atchFileId=FILE_000000003049184 standard SHA256=d3d464f6a9dd9f6dfd3ff61fec966c95ccce8aec085c234ba3af9e665d3c67cd,False,SNAPSHOT_STABILITY_ASSUMPTION,"Official same-source snapshots labelled2023-10-31,2024-10-31,2025-08-14 corroborate identical coordinates for existing276source rows; practical pre-existing-station spatial stability assumption approved by human; not continuous-observation proof, not verified unchanged throughout2024. Historical2023/2024 file SHA256=9da58a78b07852906b9b9c75c539770d8a50a16c0cb5b8c21b23383327f85ce6; residual temporal uncertainty retained; see Batch2R-C temporal audit.",,adopted exact_matched; coordinate source=subway/data/raw/2024/station/서울교통공사_1_8호선 역사 좌표(위경도) 정보_20260917.csv row=94.0; ,,11240650,송파구,가락본동,20240630,966780.8903153058,1944121.5732353157,MAPPED,11240650,UNIQUE_STRICT_WITHIN,longitude=x latitude=y; EPSG:4326 analytical assumption -> EPSG:5179; strict contains; non-within touches checked; no repair/fallback,366.0,subway/data/raw/2024/boundary/bnd_dong_11_2024_2Q.shp,boundary,2024 Q2,2024-06-30,population_direct_65_plus,subway/data/raw/2024/population_direct_65_plus/201_DT_201004_O020003_2024Q2_20261006.csv,420.0,e48f83ca75f7f92a5a83e39834440c0f3149ace1113c3533102797e4d0338d76,DT_201004_O020003,https://stat.eseoul.go.kr/statHtml/statHtml.do?orgId=201&tblId=DT_201004_O020003&conn_path=I2,001024015,001024,002 계 (14210.MT0047 명),006 65세이상고령자 (14999671.ga028 명),명,official source code parents + exact complete Q2 boundary parent/name-set bijection; SGIS codes not equated to statistics codes,seoul_2024,IN_CURRENT_STUDY_AREA,STRICTLY_INSIDE_CONFIGURED_BOUNDARY_UNION,current configured validated boundary union; no replacement coordinates or correction,1,0.3950539248607435,25313,4374,0.1727965867340892,-0.26520282075324303,-0.2629846287819426,564.3319115764107
"station:[""3"",""고속터미널""]",3,고속터미널,329,subway/data/raw/2024/station/서울교통공사_1_8호선 역사 좌표(위경도) 정보_20260917.csv,82,고속터미널,329,37.504953,127.004916,exact_matched,False,ELIGIBLE,,EPSG:4326,ANALYTICAL_ASSUMPTION,analysis assumption supported by official national station-data standard; not source-specific CRS explicitly verified. Batch2R-C official 2024 공공데이터 제공 표준 section42 도시철도역사정보 items10 역위도/11 역경도 explicitly specifies WGS84; longitude=x latitude=y geographic degrees. https://www.data.go.kr/bbs/rcr/selectRecsroom.do?originId=PDS_0000000001227&atchFileId=FILE_000000003049184 standard SHA256=d3d464f6a9dd9f6dfd3ff61fec966c95ccce8aec085c234ba3af9e665d3c67cd,False,SNAPSHOT_STABILITY_ASSUMPTION,"Official same-source snapshots labelled2023-10-31,2024-10-31,2025-08-14 corroborate identical coordinates for existing276source rows; practical pre-existing-station spatial stability assumption approved by human; not continuous-observation proof, not verified unchanged throughout2024. Historical2023/2024 file SHA256=9da58a78b07852906b9b9c75c539770d8a50a16c0cb5b8c21b23383327f85ce6; residual temporal uncertainty retained; see Batch2R-C temporal audit.",,adopted exact_matched; coordinate source=subway/data/raw/2024/station/서울교통공사_1_8호선 역사 좌표(위경도) 정보_20260917.csv row=82.0; ,,11220600,서초구,반포4동,20240630,956242.2369752744,1945190.9231607118,MAPPED,11220600,UNIQUE_STRICT_WITHIN,longitude=x latitude=y; EPSG:4326 analytical assumption -> EPSG:5179; strict contains; non-within touches checked; no repair/fallback,247.0,subway/data/raw/2024/boundary/bnd_dong_11_2024_2Q.shp,boundary,2024 Q2,2024-06-30,population_direct_65_plus,subway/data/raw/2024/population_direct_65_plus/201_DT_201004_O020003_2024Q2_20261006.csv,373.0,e48f83ca75f7f92a5a83e39834440c0f3149ace1113c3533102797e4d0338d76,DT_201004_O020003,https://stat.eseoul.go.kr/statHtml/statHtml.do?orgId=201&tblId=DT_201004_O020003&conn_path=I2,001022010,001022,002 계 (14210.MT0047 명),006 65세이상고령자 (14999671.ga028 명),명,official source code parents + exact complete Q2 boundary parent/name-set bijection; SGIS codes not equated to statistics codes,seoul_2024,IN_CURRENT_STUDY_AREA,STRICTLY_INSIDE_CONFIGURED_BOUNDARY_UNION,current configured validated boundary union; no replacement coordinates or correction,1,0.517464424320828,19325,3245,0.16791720569210866,-0.38046680059105425,-0.19253137754159405,182.21737992845263
"station:[""3"",""교대(법원.검찰청)""]",3,교대(법원.검찰청),330,subway/data/raw/2024/station/서울교통공사_1_8호선 역사 좌표(위경도) 정보_20260917.csv,83,교대,330,37.49306,127.013796,alias_matched,False,ELIGIBLE,,EPSG:4326,ANALYTICAL_ASSUMPTION,analysis assumption supported by official national station-data standard; not source-specific CRS explicitly verified. Batch2R-C official 2024 공공데이터 제공 표준 section42 도시철도역사정보 items10 역위도/11 역경도 explicitly specifies WGS84; longitude=x latitude=y geographic degrees. https://www.data.go.kr/bbs/rcr/selectRecsroom.do?originId=PDS_0000000001227&atchFileId=FILE_000000003049184 standard SHA256=d3d464f6a9dd9f6dfd3ff61fec966c95ccce8aec085c234ba3af9e665d3c67cd,False,SNAPSHOT_STABILITY_ASSUMPTION,"Official same-source snapshots labelled2023-10-31,2024-10-31,2025-08-14 corroborate identical coordinates for existing276source rows; practical pre-existing-station spatial stability assumption approved by human; not continuous-observation proof, not verified unchanged throughout2024. Historical2023/2024 file SHA256=9da58a78b07852906b9b9c75c539770d8a50a16c0cb5b8c21b23383327f85ce6; residual temporal uncertainty retained; see Batch2R-C temporal audit.",,adopted alias_matched; coordinate source=subway/data/raw/2024/station/서울교통공사_1_8호선 역사 좌표(위경도) 정보_20260917.csv row=83.0; P-S2-2RA scoped source alias; provider family=서울교통공사; station_file=subway/data/raw/2024/station/서울교통공사_1_8호선 역사 좌표(위경도) 정보_20260917.csv; total_file=subway/data/raw/2024/total_ridership/서울교통공사_역별 일별 시간대별 승하차인원 정보_20260831.csv; station_row=83; normalized_line=3; external_code=330; station_raw=교대; canonical_2024_total=교대(법원.검찰청); relation=B adjunct/display source difference; source code+line unique on both sides; explicit reviewed display variant; not an official rename claim; candidate identities station=1 total=1; no code-line contradiction or competing candidate; raw names preserved,,11220510,서초구,서초1동,20240630,957020.2803776376,1943867.3780540533,MAPPED,11220510,UNIQUE_STRICT_WITHIN,longitude=x latitude=y; EPSG:4326 analytical assumption -> EPSG:5179; strict contains; non-within touches checked; no repair/fallback,325.0,subway/data/raw/2024/boundary/bnd_dong_11_2024_2Q.shp,boundary,2024 Q2,2024-06-30,population_direct_65_plus,subway/data/raw/2024/population_direct_65_plus/201_DT_201004_O020003_2024Q2_20261006.csv,364.0,e48f83ca75f7f92a5a83e39834440c0f3149ace1113c3533102797e4d0338d76,DT_201004_O020003,https://stat.eseoul.go.kr/statHtml/statHtml.do?orgId=201&tblId=DT_201004_O020003&conn_path=I2,001022001,001022,002 계 (14210.MT0047 명),006 65세이상고령자 (14999671.ga028 명),명,official source code parents + exact complete Q2 boundary parent/name-set bijection; SGIS codes not equated to statistics codes,seoul_2024,IN_CURRENT_STUDY_AREA,STRICTLY_INSIDE_CONFIGURED_BOUNDARY_UNION,current configured validated boundary union; no replacement coordinates or correction,1,0.48851978505129456,20470,3344,0.16336101612115292,-0.4880961368379164,-0.2091904382554395,67.49539688648811
"station:[""3"",""구파발""]",3,구파발,310,subway/data/raw/2024/station/서울교통공사_1_8호선 역사 좌표(위경도) 정보_20260917.csv,63,구파발,310,37.636612,126.918827,exact_matched,False,ELIGIBLE,,EPSG:4326,ANALYTICAL_ASSUMPTION,analysis assumption supported by official national station-data standard; not source-specific CRS explicitly verified. Batch2R-C official 2024 공공데이터 제공 표준 section42 도시철도역사정보 items10 역위도/11 역경도 explicitly specifies WGS84; longitude=x latitude=y geographic degrees. https://www.data.go.kr/bbs/rcr/selectRecsroom.do?originId=PDS_0000000001227&atchFileId=FILE_000000003049184 standard SHA256=d3d464f6a9dd9f6dfd3ff61fec966c95ccce8aec085c234ba3af9e665d3c67cd,False,SNAPSHOT_STABILITY_ASSUMPTION,"Official same-source snapshots labelled2023-10-31,2024-10-31,2025-08-14 corroborate identical coordinates for existing276source rows; practical pre-existing-station spatial stability assumption approved by human; not continuous-observation proof, not verified unchanged throughout2024. Historical2023/2024 file SHA256=9da58a78b07852906b9b9c75c539770d8a50a16c0cb5b8c21b23383327f85ce6; residual temporal uncertainty retained; see Batch2R-C temporal audit.",,adopted exact_matched; coordinate source=subway/data/raw/2024/station/서울교통공사_1_8호선 역사 좌표(위경도) 정보_20260917.csv row=63.0; ,,11120710,은평구,진관동,20240630,948723.5834779643,1959841.4017480116,MAPPED,11120710,UNIQUE_STRICT_WITHIN,longitude=x latitude=y; EPSG:4326 analytical assumption -> EPSG:5179; strict contains; non-within touches checked; no repair/fallback,121.0,subway/data/raw/2024/boundary/bnd_dong_11_2024_2Q.shp,boundary,2024 Q2,2024-06-30,population_direct_65_plus,subway/data/raw/2024/population_direct_65_plus/201_DT_201004_O020003_2024Q2_20261006.csv,205.0,e48f83ca75f7f92a5a83e39834440c0f3149ace1113c3533102797e4d0338d76,DT_201004_O020003,https://stat.eseoul.go.kr/statHtml/statHtml.do?orgId=201&tblId=DT_201004_O020003&conn_path=I2,001012021,001012,002 계 (14210.MT0047 명),006 65세이상고령자 (14999671.ga028 명),명,official source code parents + exact complete Q2 boundary parent/name-set bijection; SGIS codes not equated to statistics codes,seoul_2024,IN_CURRENT_STUDY_AREA,STRICTLY_INSIDE_CONFIGURED_BOUNDARY_UNION,current configured validated boundary union; no replacement coordinates or correction,3,0.555103249204352,54044,9388,0.1737103101176819,-0.24361824009482919,-0.17086838623278816,148.69918805543074
"station:[""3"",""금호""]",3,금호,324,subway/data/raw/2024/station/서울교통공사_1_8호선 역사 좌표(위경도) 정보_20260917.csv,77,금호,324,37.548269,127.015785,exact_matched,False,ELIGIBLE,,EPSG:4326,ANALYTICAL_ASSUMPTION,analysis assumption supported by official national station-data standard; not source-specific CRS explicitly verified. Batch2R-C official 2024 공공데이터 제공 표준 section42 도시철도역사정보 items10 역위도/11 역경도 explicitly specifies WGS84; longitude=x latitude=y geographic degrees. https://www.data.go.kr/bbs/rcr/selectRecsroom.do?originId=PDS_0000000001227&atchFileId=FILE_000000003049184 standard SHA256=d3d464f6a9dd9f6dfd3ff61fec966c95ccce8aec085c234ba3af9e665d3c67cd,False,SNAPSHOT_STABILITY_ASSUMPTION,"Official same-source snapshots labelled2023-10-31,2024-10-31,2025-08-14 corroborate identical coordinates for existing276source rows; practical pre-existing-station spatial stability assumption approved by human; not continuous-observation proof, not verified unchanged throughout2024. Historical2023/2024 file SHA256=9da58a78b07852906b9b9c75c539770d8a50a16c0cb5b8c21b23383327f85ce6; residual temporal uncertainty retained; see Batch2R-C temporal audit.",,adopted exact_matched; coordinate source=subway/data/raw/2024/station/서울교통공사_1_8호선 역사 좌표(위경도) 정보_20260917.csv row=77.0; ,,11040720,성동구,금호2·3가동,20240630,957227.633771583,1949991.5825828626,MAPPED,11040720,UNIQUE_STRICT_WITHIN,longitude=x latitude=y; EPSG:4326 analytical assumption -> EPSG:5179; strict contains; non-within touches checked; no repair/fallback,36.0,subway/data/raw/2024/boundary/bnd_dong_11_2024_2Q.shp,boundary,2024 Q2,2024-06-30,population_direct_65_plus,subway/data/raw/2024/population_direct_65_plus/201_DT_201004_O020003_2024Q2_20261006.csv,62.0,e48f83ca75f7f92a5a83e39834440c0f3149ace1113c3533102797e4d0338d76,DT_201004_O020003,https://stat.eseoul.go.kr/statHtml/statHtml.do?orgId=201&tblId=DT_201004_O020003&conn_path=I2,001004022,001004,002 계 (14210.MT0047 명),006 65세이상고령자 (14999671.ga028 명),명,official source code parents + exact complete Q2 boundary parent/name-set bijection; SGIS codes not equated to statistics codes,seoul_2024,IN_CURRENT_STUDY_AREA,STRICTLY_INSIDE_CONFIGURED_BOUNDARY_UNION,current configured validated boundary union; no replacement coordinates or correction,1,0.45462811420258226,21996,4196,0.19076195671940352,0.15918708156222855,-0.22869675847953216,102.07158549488987
"station:[""3"",""남부터미널(예술의전당)""]",3,남부터미널(예술의전당),331,subway/data/raw/2024/station/서울교통공사_1_8호선 역사 좌표(위경도) 정보_20260917.csv,84,남부터미널,331,37.48494,127.016289,alias_matched,False,ELIGIBLE,,EPSG:4326,ANALYTICAL_ASSUMPTION,analysis assumption supported by official national station-data standard; not source-specific CRS explicitly verified. Batch2R-C official 2024 공공데이터 제공 표준 section42 도시철도역사정보 items10 역위도/11 역경도 explicitly specifies WGS84; longitude=x latitude=y geographic degrees. https://www.data.go.kr/bbs/rcr/selectRecsroom.do?originId=PDS_0000000001227&atchFileId=FILE_000000003049184 standard SHA256=d3d464f6a9dd9f6dfd3ff61fec966c95ccce8aec085c234ba3af9e665d3c67cd,False,SNAPSHOT_STABILITY_ASSUMPTION,"Official same-source snapshots labelled2023-10-31,2024-10-31,2025-08-14 corroborate identical coordinates for existing276source rows; practical pre-existing-station spatial stability assumption approved by human; not continuous-observation proof, not verified unchanged throughout2024. Historical2023/2024 file SHA256=9da58a78b07852906b9b9c75c539770d8a50a16c0cb5b8c21b23383327f85ce6; residual temporal uncertainty retained; see Batch2R-C temporal audit.",,adopted alias_matched; coordinate source=subway/data/raw/2024/station/서울교통공사_1_8호선 역사 좌표(위경도) 정보_20260917.csv row=84.0; P-S2-2RA scoped source alias; provider family=서울교통공사; station_file=subway/data/raw/2024/station/서울교통공사_1_8호선 역사 좌표(위경도) 정보_20260917.csv; total_file=subway/data/raw/2024/total_ridership/서울교통공사_역별 일별 시간대별 승하차인원 정보_20260831.csv; station_row=84; normalized_line=3; external_code=331; station_raw=남부터미널; canonical_2024_total=남부터미널(예술의전당); relation=B adjunct/display source difference; source code+line unique on both sides; explicit reviewed display variant; not an official rename claim; OA-22477 row=28 previous=남부터미널 changed=남부터미널(예술의전당) revision=1990-04-01 note=병기역명; https://data.seoul.go.kr/dataList/OA-22477/F/1/datasetView.do; candidate identities station=1 total=1; no code-line contradiction or competing candidate; raw names preserved,,11220530,서초구,서초3동,20240630,957236.0304741138,1942965.38169992,MAPPED,11220530,UNIQUE_STRICT_WITHIN,longitude=x latitude=y; EPSG:4326 analytical assumption -> EPSG:5179; strict contains; non-within touches checked; no repair/fallback,237.0,subway/data/raw/2024/boundary/bnd_dong_11_2024_2Q.shp,boundary,2024 Q2,2024-06-30,population_direct_65_plus,subway/data/raw/2024/population_direct_65_plus/201_DT_201004_O020003_2024Q2_20261006.csv,366.0,e48f83ca75f7f92a5a83e39834440c0f3149ace1113c3533102797e4d0338d76,DT_201004_O020003,https://stat.eseoul.go.kr/statHtml/statHtml.do?orgId=201&tblId=DT_201004_O020003&conn_path=I2,001022003,001022,002 계 (14210.MT0047 명),006 65세이상고령자 (14999671.ga028 명),명,official source code parents + exact complete Q2 boundary parent/name-set bijection; SGIS codes not equated to statistics codes,seoul_2024,IN_CURRENT_STUDY_AREA,STRICTLY_INSIDE_CONFIGURED_BOUNDARY_UNION,current configured validated boundary union; no replacement coordinates or correction,5,1.5415921563791084,32434,5346,0.16482703336005428,-0.45346490389817024,0.39690440392450527,85.36922980809724
"station:[""3"",""녹번""]",3,녹번,313,subway/data/raw/2024/station/서울교통공사_1_8호선 역사 좌표(위경도) 정보_20260917.csv,66,녹번,313,37.600882,126.935758,exact_matched,False,ELIGIBLE,,EPSG:4326,ANALYTICAL_ASSUMPTION,analysis assumption supported by official national station-data standard; not source-specific CRS explicitly verified. Batch2R-C official 2024 공공데이터 제공 표준 section42 도시철도역사정보 items10 역위도/11 역경도 explicitly specifies WGS84; longitude=x latitude=y geographic degrees. https://www.data.go.kr/bbs/rcr/selectRecsroom.do?originId=PDS_0000000001227&atchFileId=FILE_000000003049184 standard SHA256=d3d464f6a9dd9f6dfd3ff61fec966c95ccce8aec085c234ba3af9e665d3c67cd,False,SNAPSHOT_STABILITY_ASSUMPTION,"Official same-source snapshots labelled2023-10-31,2024-10-31,2025-08-14 corroborate identical coordinates for existing276source rows; practical pre-existing-station spatial stability assumption approved by human; not continuous-observation proof, not verified unchanged throughout2024. Historical2023/2024 file SHA256=9da58a78b07852906b9b9c75c539770d8a50a16c0cb5b8c21b23383327f85ce6; residual temporal uncertainty retained; see Batch2R-C temporal audit.",,adopted exact_matched; coordinate source=subway/data/raw/2024/station/서울교통공사_1_8호선 역사 좌표(위경도) 정보_20260917.csv row=66.0; ,,11120510,은평구,녹번동,20240630,950193.5745007633,1955868.173378589,MAPPED,11120510,UNIQUE_STRICT_WITHIN,longitude=x latitude=y; EPSG:4326 analytical assumption -> EPSG:5179; strict contains; non-within touches checked; no repair/fallback,236.0,subway/data/raw/2024/boundary/bnd_dong_11_2024_2Q.shp,boundary,2024 Q2,2024-06-30,population_direct_65_plus,subway/data/raw/2024/population_direct_65_plus/201_DT_201004_O020003_2024Q2_20261006.csv,190.0,e48f83ca75f7f92a5a83e39834440c0f3149ace1113c3533102797e4d0338d76,DT_201004_O020003,https://stat.eseoul.go.kr/statHtml/statHtml.do?orgId=201&tblId=DT_201004_O020003&conn_path=I2,001012001,001012,002 계 (14210.MT0047 명),006 65세이상고령자 (14999671.ga028 명),명,official source code parents + exact complete Q2 boundary parent/name-set bijection; SGIS codes not equated to statistics codes,seoul_2024,IN_CURRENT_STUDY_AREA,STRICTLY_INSIDE_CONFIGURED_BOUNDARY_UNION,current configured validated boundary union; no replacement coordinates or correction,2,0.5515263491713317,36263,7799,0.21506769985936078,0.7333534897855735,-0.17292706778216096,101.7515744636011
"station:[""3"",""대청""]",3,대청,337,subway/data/raw/2024/station/서울교통공사_1_8호선 역사 좌표(위경도) 정보_20260917.csv,90,대청,337,37.493607,127.079526,exact_matched,False,ELIGIBLE,,EPSG:4326,ANALYTICAL_ASSUMPTION,analysis assumption supported by official national station-data standard; not source-specific CRS explicitly verified. Batch2R-C official 2024 공공데이터 제공 표준 section42 도시철도역사정보 items10 역위도/11 역경도 explicitly specifies WGS84; longitude=x latitude=y geographic degrees. https://www.data.go.kr/bbs/rcr/selectRecsroom.do?originId=PDS_0000000001227&atchFileId=FILE_000000003049184 standard SHA256=d3d464f6a9dd9f6dfd3ff61fec966c95ccce8aec085c234ba3af9e665d3c67cd,False,SNAPSHOT_STABILITY_ASSUMPTION,"Official same-source snapshots labelled2023-10-31,2024-10-31,2025-08-14 corroborate identical coordinates for existing276source rows; practical pre-existing-station spatial stability assumption approved by human; not continuous-observation proof, not verified unchanged throughout2024. Historical2023/2024 file SHA256=9da58a78b07852906b9b9c75c539770d8a50a16c0cb5b8c21b23383327f85ce6; residual temporal uncertainty retained; see Batch2R-C temporal audit.",,adopted exact_matched; coordinate source=subway/data/raw/2024/station/서울교통공사_1_8호선 역사 좌표(위경도) 정보_20260917.csv row=90.0; ,,11230511,강남구,개포3동,20240630,962831.0163650457,1943900.0807275993,MAPPED,11230511,UNIQUE_STRICT_WITHIN,longitude=x latitude=y; EPSG:4326 analytical assumption -> EPSG:5179; strict contains; non-within touches checked; no repair/fallback,338.0,subway/data/raw/2024/boundary/bnd_dong_11_2024_2Q.shp,boundary,2024 Q2,2024-06-30,population_direct_65_plus,subway/data/raw/2024/population_direct_65_plus/201_DT_201004_O020003_2024Q2_20261006.csv,399.0,e48f83ca75f7f92a5a83e39834440c0f3149ace1113c3533102797e4d0338d76,DT_201004_O020003,https://stat.eseoul.go.kr/statHtml/statHtml.do?orgId=201&tblId=DT_201004_O020003&conn_path=I2,001023020,001023,002 계 (14210.MT0047 명),006 65세이상고령자 (14999671.ga028 명),명,official source code parents + exact complete Q2 boundary parent/name-set bijection; SGIS codes not equated to statistics codes,seoul_2024,IN_CURRENT_STUDY_AREA,STRICTLY_INSIDE_CONFIGURED_BOUNDARY_UNION,current configured validated boundary union; no replacement coordinates or correction,0,0.0,16788,3726,0.22194424588992137,0.8957958274921184,-0.4903575546703421,807.4285642986003
"station:[""3"",""대치""]",3,대치,335,subway/data/raw/2024/station/서울교통공사_1_8호선 역사 좌표(위경도) 정보_20260917.csv,88,대치,335,37.494601,127.063449,exact_matched,False,ELIGIBLE,,EPSG:4326,ANALYTICAL_ASSUMPTION,analysis assumption supported by official national station-data standard; not source-specific CRS explicitly verified. Batch2R-C official 2024 공공데이터 제공 표준 section42 도시철도역사정보 items10 역위도/11 역경도 explicitly specifies WGS84; longitude=x latitude=y geographic degrees. https://www.data.go.kr/bbs/rcr/selectRecsroom.do?originId=PDS_0000000001227&atchFileId=FILE_000000003049184 standard SHA256=d3d464f6a9dd9f6dfd3ff61fec966c95ccce8aec085c234ba3af9e665d3c67cd,False,SNAPSHOT_STABILITY_ASSUMPTION,"Official same-source snapshots labelled2023-10-31,2024-10-31,2025-08-14 corroborate identical coordinates for existing276source rows; practical pre-existing-station spatial stability assumption approved by human; not continuous-observation proof, not verified unchanged throughout2024. Historical2023/2024 file SHA256=9da58a78b07852906b9b9c75c539770d8a50a16c0cb5b8c21b23383327f85ce6; residual temporal uncertainty retained; see Batch2R-C temporal audit.",,adopted exact_matched; coordinate source=subway/data/raw/2024/station/서울교통공사_1_8호선 역사 좌표(위경도) 정보_20260917.csv row=88.0; ,,11230600,강남구,대치1동,20240630,961410.3490427616,1944016.8281046797,MAPPED,11230600,UNIQUE_STRICT_WITHIN,longitude=x latitude=y; EPSG:4326 analytical assumption -> EPSG:5179; strict contains; non-within touches checked; no repair/fallback,330.0,subway/data/raw/2024/boundary/bnd_dong_11_2024_2Q.shp,boundary,2024 Q2,2024-06-30,population_direct_65_plus,subway/data/raw/2024/population_direct_65_plus/201_DT_201004_O020003_2024Q2_20261006.csv,390.0,e48f83ca75f7f92a5a83e39834440c0f3149ace1113c3533102797e4d0338d76,DT_201004_O020003,https://stat.eseoul.go.kr/statHtml/statHtml.do?orgId=201&tblId=DT_201004_O020003&conn_path=I2,001023010,001023,002 계 (14210.MT0047 명),006 65세이상고령자 (14999671.ga028 명),명,official source code parents + exact complete Q2 boundary parent/name-set bijection; SGIS codes not equated to statistics codes,seoul_2024,IN_CURRENT_STUDY_AREA,STRICTLY_INSIDE_CONFIGURED_BOUNDARY_UNION,current configured validated boundary union; no replacement coordinates or correction,2,0.8399832003359933,23810,2837,0.11915161696766065,-1.5324399273367029,-0.006905990368531455,291.8445117405283
"station:[""3"",""도곡""]",3,도곡,334,subway/data/raw/2024/station/서울교통공사_1_8호선 역사 좌표(위경도) 정보_20260917.csv,87,도곡,334,37.491129,127.055694,exact_matched,False,ELIGIBLE,,EPSG:4326,ANALYTICAL_ASSUMPTION,analysis assumption supported by official national station-data standard; not source-specific CRS explicitly verified. Batch2R-C official 2024 공공데이터 제공 표준 section42 도시철도역사정보 items10 역위도/11 역경도 explicitly specifies WGS84; longitude=x latitude=y geographic degrees. https://www.data.go.kr/bbs/rcr/selectRecsroom.do?originId=PDS_0000000001227&atchFileId=FILE_000000003049184 standard SHA256=d3d464f6a9dd9f6dfd3ff61fec966c95ccce8aec085c234ba3af9e665d3c67cd,False,SNAPSHOT_STABILITY_ASSUMPTION,"Official same-source snapshots labelled2023-10-31,2024-10-31,2025-08-14 corroborate identical coordinates for existing276source rows; practical pre-existing-station spatial stability assumption approved by human; not continuous-observation proof, not verified unchanged throughout2024. Historical2023/2024 file SHA256=9da58a78b07852906b9b9c75c539770d8a50a16c0cb5b8c21b23383327f85ce6; residual temporal uncertainty retained; see Batch2R-C temporal audit.",,adopted exact_matched; coordinate source=subway/data/raw/2024/station/서울교통공사_1_8호선 역사 좌표(위경도) 정보_20260917.csv row=87.0; ,,11230600,강남구,대치1동,20240630,960723.0112343251,1943634.840249602,MAPPED,11230600,UNIQUE_STRICT_WITHIN,longitude=x latitude=y; EPSG:4326 analytical assumption -> EPSG:5179; strict contains; non-within touches checked; no repair/fallback,330.0,subway/data/raw/2024/boundary/bnd_dong_11_2024_2Q.shp,boundary,2024 Q2,2024-06-30,population_direct_65_plus,subway/data/raw/2024/population_direct_65_plus/201_DT_201004_O020003_2024Q2_20261006.csv,390.0,e48f83ca75f7f92a5a83e39834440c0f3149ace1113c3533102797e4d0338d76,DT_201004_O020003,https://stat.eseoul.go.kr/statHtml/statHtml.do?orgId=201&tblId=DT_201004_O020003&conn_path=I2,001023010,001023,002 계 (14210.MT0047 명),006 65세이상고령자 (14999671.ga028 명),명,official source code parents + exact complete Q2 boundary parent/name-set bijection; SGIS codes not equated to statistics codes,seoul_2024,IN_CURRENT_STUDY_AREA,STRICTLY_INSIDE_CONFIGURED_BOUNDARY_UNION,current configured validated boundary union; no replacement coordinates or correction,2,0.8399832003359933,23810,2837,0.11915161696766065,-1.5324399273367029,-0.006905990368531455,59.57535241056415
"station:[""3"",""독립문""]",3,독립문,316,subway/data/raw/2024/station/서울교통공사_1_8호선 역사 좌표(위경도) 정보_20260917.csv,69,독립문,316,37.574534,126.957902,exact_matched,False,ELIGIBLE,,EPSG:4326,ANALYTICAL_ASSUMPTION,analysis assumption supported by official national station-data standard; not source-specific CRS explicitly verified. Batch2R-C official 2024 공공데이터 제공 표준 section42 도시철도역사정보 items10 역위도/11 역경도 explicitly specifies WGS84; longitude=x latitude=y geographic degrees. https://www.data.go.kr/bbs/rcr/selectRecsroom.do?originId=PDS_0000000001227&atchFileId=FILE_000000003049184 standard SHA256=d3d464f6a9dd9f6dfd3ff61fec966c95ccce8aec085c234ba3af9e665d3c67cd,False,SNAPSHOT_STABILITY_ASSUMPTION,"Official same-source snapshots labelled2023-10-31,2024-10-31,2025-08-14 corroborate identical coordinates for existing276source rows; practical pre-existing-station spatial stability assumption approved by human; not continuous-observation proof, not verified unchanged throughout2024. Historical2023/2024 file SHA256=9da58a78b07852906b9b9c75c539770d8a50a16c0cb5b8c21b23383327f85ce6; residual temporal uncertainty retained; see Batch2R-C temporal audit.",,adopted exact_matched; coordinate source=subway/data/raw/2024/station/서울교통공사_1_8호선 역사 좌표(위경도) 정보_20260917.csv row=69.0; ,,11010570,종로구,무악동,20240630,952131.4006222052,1952933.4641144508,MAPPED,11010570,UNIQUE_STRICT_WITHIN,longitude=x latitude=y; EPSG:4326 analytical assumption -> EPSG:5179; strict contains; non-within touches checked; no repair/fallback,84.0,subway/data/raw/2024/boundary/bnd_dong_11_2024_2Q.shp,boundary,2024 Q2,2024-06-30,population_direct_65_plus,subway/data/raw/2024/population_direct_65_plus/201_DT_201004_O020003_2024Q2_20261006.csv,8.0,e48f83ca75f7f92a5a83e39834440c0f3149ace1113c3533102797e4d0338d76,DT_201004_O020003,https://stat.eseoul.go.kr/statHtml/statHtml.do?orgId=201&tblId=DT_201004_O020003&conn_path=I2,001001007,001001,002 계 (14210.MT0047 명),006 65세이상고령자 (14999671.ga028 명),명,official source code parents + exact complete Q2 boundary parent/name-set bijection; SGIS codes not equated to statistics codes,seoul_2024,IN_CURRENT_STUDY_AREA,STRICTLY_INSIDE_CONFIGURED_BOUNDARY_UNION,current configured validated boundary union; no replacement coordinates or correction,0,0.0,7968,1543,0.1936495983935743,0.2274008711488157,-0.4903575546703421,808.699979999133
"station:[""3"",""동대입구""]",3,동대입구,322,subway/data/raw/2024/station/서울교통공사_1_8호선 역사 좌표(위경도) 정보_20260917.csv,75,동대입구,322,37.55816,127.005273,exact_matched,False,ELIGIBLE,,EPSG:4326,ANALYTICAL_ASSUMPTION,analysis assumption supported by official national station-data standard; not source-specific CRS explicitly verified. Batch2R-C official 2024 공공데이터 제공 표준 section42 도시철도역사정보 items10 역위도/11 역경도 explicitly specifies WGS84; longitude=x latitude=y geographic degrees. https://www.data.go.kr/bbs/rcr/selectRecsroom.do?originId=PDS_0000000001227&atchFileId=FILE_000000003049184 standard SHA256=d3d464f6a9dd9f6dfd3ff61fec966c95ccce8aec085c234ba3af9e665d3c67cd,False,SNAPSHOT_STABILITY_ASSUMPTION,"Official same-source snapshots labelled2023-10-31,2024-10-31,2025-08-14 corroborate identical coordinates for existing276source rows; practical pre-existing-station spatial stability assumption approved by human; not continuous-observation proof, not verified unchanged throughout2024. Historical2023/2024 file SHA256=9da58a78b07852906b9b9c75c539770d8a50a16c0cb5b8c21b23383327f85ce6; residual temporal uncertainty retained; see Batch2R-C temporal audit.",,adopted exact_matched; coordinate source=subway/data/raw/2024/station/서울교통공사_1_8호선 역사 좌표(위경도) 정보_20260917.csv row=75.0; ,,11020580,중구,장충동,20240630,956304.8422232015,1951093.7712904084,MAPPED,11020580,UNIQUE_STRICT_WITHIN,longitude=x latitude=y; EPSG:4326 analytical assumption -> EPSG:5179; strict contains; non-within touches checked; no repair/fallback,43.0,subway/data/raw/2024/boundary/bnd_dong_11_2024_2Q.shp,boundary,2024 Q2,2024-06-30,population_direct_65_plus,subway/data/raw/2024/population_direct_65_plus/201_DT_201004_O020003_2024Q2_20261006.csv,25.0,e48f83ca75f7f92a5a83e39834440c0f3149ace1113c3533102797e4d0338d76,DT_201004_O020003,https://stat.eseoul.go.kr/statHtml/statHtml.do?orgId=201&tblId=DT_201004_O020003&conn_path=I2,001002005,001002,002 계 (14210.MT0047 명),006 65세이상고령자 (14999671.ga028 명),명,official source code parents + exact complete Q2 boundary parent/name-set bijection; SGIS codes not equated to statistics codes,seoul_2024,IN_CURRENT_STUDY_AREA,STRICTLY_INSIDE_CONFIGURED_BOUNDARY_UNION,current configured validated boundary union; no replacement coordinates or correction,0,0.0,5458,914,0.16746060828142176,-0.3912528478963596,-0.4903575546703421,256.17639502714684
"station:[""3"",""매봉""]",3,매봉,333,subway/data/raw/2024/station/서울교통공사_1_8호선 역사 좌표(위경도) 정보_20260917.csv,86,매봉,333,37.487114,127.046907,exact_matched,False,ELIGIBLE,,EPSG:4326,ANALYTICAL_ASSUMPTION,analysis assumption supported by official national station-data standard; not source-specific CRS explicitly verified. Batch2R-C official 2024 공공데이터 제공 표준 section42 도시철도역사정보 items10 역위도/11 역경도 explicitly specifies WGS84; longitude=x latitude=y geographic degrees. https://www.data.go.kr/bbs/rcr/selectRecsroom.do?originId=PDS_0000000001227&atchFileId=FILE_000000003049184 standard SHA256=d3d464f6a9dd9f6dfd3ff61fec966c95ccce8aec085c234ba3af9e665d3c67cd,False,SNAPSHOT_STABILITY_ASSUMPTION,"Official same-source snapshots labelled2023-10-31,2024-10-31,2025-08-14 corroborate identical coordinates for existing276source rows; practical pre-existing-station spatial stability assumption approved by human; not continuous-observation proof, not verified unchanged throughout2024. Historical2023/2024 file SHA256=9da58a78b07852906b9b9c75c539770d8a50a16c0cb5b8c21b23383327f85ce6; residual temporal uncertainty retained; see Batch2R-C temporal audit.",,adopted exact_matched; coordinate source=subway/data/raw/2024/station/서울교통공사_1_8호선 역사 좌표(위경도) 정보_20260917.csv row=86.0; ,,11230660,강남구,도곡1동,20240630,959944.085665741,1943193.105262789,MAPPED,11230660,UNIQUE_STRICT_WITHIN,longitude=x latitude=y; EPSG:4326 analytical assumption -> EPSG:5179; strict contains; non-within touches checked; no repair/fallback,346.0,subway/data/raw/2024/boundary/bnd_dong_11_2024_2Q.shp,boundary,2024 Q2,2024-06-30,population_direct_65_plus,subway/data/raw/2024/population_direct_65_plus/201_DT_201004_O020003_2024Q2_20261006.csv,395.0,e48f83ca75f7f92a5a83e39834440c0f3149ace1113c3533102797e4d0338d76,DT_201004_O020003,https://stat.eseoul.go.kr/statHtml/statHtml.do?orgId=201&tblId=DT_201004_O020003&conn_path=I2,001023016,001023,002 계 (14210.MT0047 명),006 65세이상고령자 (14999671.ga028 명),명,official source code parents + exact complete Q2 boundary parent/name-set bijection; SGIS codes not equated to statistics codes,seoul_2024,IN_CURRENT_STUDY_AREA,STRICTLY_INSIDE_CONFIGURED_BOUNDARY_UNION,current configured validated boundary union; no replacement coordinates or correction,2,0.9701673538685422,20615,3273,0.15876788746058695,-0.5965980727943374,0.06802138037822014,577.1169911560197
"station:[""3"",""무악재""]",3,무악재,315,subway/data/raw/2024/station/서울교통공사_1_8호선 역사 좌표(위경도) 정보_20260917.csv,68,무악재,315,37.582658,126.950131,exact_matched,False,ELIGIBLE,,EPSG:4326,ANALYTICAL_ASSUMPTION,analysis assumption supported by official national station-data standard; not source-specific CRS explicitly verified. Batch2R-C official 2024 공공데이터 제공 표준 section42 도시철도역사정보 items10 역위도/11 역경도 explicitly specifies WGS84; longitude=x latitude=y geographic degrees. https://www.data.go.kr/bbs/rcr/selectRecsroom.do?originId=PDS_0000000001227&atchFileId=FILE_000000003049184 standard SHA256=d3d464f6a9dd9f6dfd3ff61fec966c95ccce8aec085c234ba3af9e665d3c67cd,False,SNAPSHOT_STABILITY_ASSUMPTION,"Official same-source snapshots labelled2023-10-31,2024-10-31,2025-08-14 corroborate identical coordinates for existing276source rows; practical pre-existing-station spatial stability assumption approved by human; not continuous-observation proof, not verified unchanged throughout2024. Historical2023/2024 file SHA256=9da58a78b07852906b9b9c75c539770d8a50a16c0cb5b8c21b23383327f85ce6; residual temporal uncertainty retained; see Batch2R-C temporal audit.",,adopted exact_matched; coordinate source=subway/data/raw/2024/station/서울교통공사_1_8호선 역사 좌표(위경도) 정보_20260917.csv row=68.0; ,,11130620,서대문구,홍제1동,20240630,951450.4719679067,1953838.772453035,MAPPED,11130620,UNIQUE_STRICT_WITHIN,longitude=x latitude=y; EPSG:4326 analytical assumption -> EPSG:5179; strict contains; non-within touches checked; no repair/fallback,245.0,subway/data/raw/2024/boundary/bnd_dong_11_2024_2Q.shp,boundary,2024 Q2,2024-06-30,population_direct_65_plus,subway/data/raw/2024/population_direct_65_plus/201_DT_201004_O020003_2024Q2_20261006.csv,212.0,e48f83ca75f7f92a5a83e39834440c0f3149ace1113c3533102797e4d0338d76,DT_201004_O020003,https://stat.eseoul.go.kr/statHtml/statHtml.do?orgId=201&tblId=DT_201004_O020003&conn_path=I2,001013011,001013,002 계 (14210.MT0047 명),006 65세이상고령자 (14999671.ga028 명),명,official source code parents + exact complete Q2 boundary parent/name-set bijection; SGIS codes not equated to statistics codes,seoul_2024,IN_CURRENT_STUDY_AREA,STRICTLY_INSIDE_CONFIGURED_BOUNDARY_UNION,current configured validated boundary union; no replacement coordinates or correction,2,0.8047642040882022,24852,5172,0.2081120231772091,0.5690418752689012,-0.02717625151461574,705.0041147833559
"station:[""3"",""불광""]",3,불광,312,subway/data/raw/2024/station/서울교통공사_1_8호선 역사 좌표(위경도) 정보_20260917.csv,65,불광,312,37.610554,126.929843,exact_matched,False,ELIGIBLE,,EPSG:4326,ANALYTICAL_ASSUMPTION,analysis assumption supported by official national station-data standard; not source-specific CRS explicitly verified. Batch2R-C official 2024 공공데이터 제공 표준 section42 도시철도역사정보 items10 역위도/11 역경도 explicitly specifies WGS84; longitude=x latitude=y geographic degrees. https://www.data.go.kr/bbs/rcr/selectRecsroom.do?originId=PDS_0000000001227&atchFileId=FILE_000000003049184 standard SHA256=d3d464f6a9dd9f6dfd3ff61fec966c95ccce8aec085c234ba3af9e665d3c67cd,False,SNAPSHOT_STABILITY_ASSUMPTION,"Official same-source snapshots labelled2023-10-31,2024-10-31,2025-08-14 corroborate identical coordinates for existing276source rows; practical pre-existing-station spatial stability assumption approved by human; not continuous-observation proof, not verified unchanged throughout2024. Historical2023/2024 file SHA256=9da58a78b07852906b9b9c75c539770d8a50a16c0cb5b8c21b23383327f85ce6; residual temporal uncertainty retained; see Batch2R-C temporal audit.",,adopted exact_matched; coordinate source=subway/data/raw/2024/station/서울교통공사_1_8호선 역사 좌표(위경도) 정보_20260917.csv row=65.0; ,,11120580,은평구,대조동,20240630,949677.961147914,1956944.3974730496,MAPPED,11120580,UNIQUE_STRICT_WITHIN,longitude=x latitude=y; EPSG:4326 analytical assumption -> EPSG:5179; strict contains; non-within touches checked; no repair/fallback,239.0,subway/data/raw/2024/boundary/bnd_dong_11_2024_2Q.shp,boundary,2024 Q2,2024-06-30,population_direct_65_plus,subway/data/raw/2024/population_direct_65_plus/201_DT_201004_O020003_2024Q2_20261006.csv,196.0,e48f83ca75f7f92a5a83e39834440c0f3149ace1113c3533102797e4d0338d76,DT_201004_O020003,https://stat.eseoul.go.kr/statHtml/statHtml.do?orgId=201&tblId=DT_201004_O020003&conn_path=I2,001012008,001012,002 계 (14210.MT0047 명),006 65세이상고령자 (14999671.ga028 명),명,official source code parents + exact complete Q2 boundary parent/name-set bijection; SGIS codes not equated to statistics codes,seoul_2024,IN_CURRENT_STUDY_AREA,STRICTLY_INSIDE_CONFIGURED_BOUNDARY_UNION,current configured validated boundary union; no replacement coordinates or correction,4,1.4360594528613484,27854,5509,0.19778128814532922,0.32500239071554077,0.3361651527344192,39.608299157526396
"station:[""3"",""수서""]",3,수서,339,subway/data/raw/2024/station/서울교통공사_1_8호선 역사 좌표(위경도) 정보_20260917.csv,92,수서,339,37.487507,127.101324,exact_matched,False,ELIGIBLE,,EPSG:4326,ANALYTICAL_ASSUMPTION,analysis assumption supported by official national station-data standard; not source-specific CRS explicitly verified. Batch2R-C official 2024 공공데이터 제공 표준 section42 도시철도역사정보 items10 역위도/11 역경도 explicitly specifies WGS84; longitude=x latitude=y geographic degrees. https://www.data.go.kr/bbs/rcr/selectRecsroom.do?originId=PDS_0000000001227&atchFileId=FILE_000000003049184 standard SHA256=d3d464f6a9dd9f6dfd3ff61fec966c95ccce8aec085c234ba3af9e665d3c67cd,False,SNAPSHOT_STABILITY_ASSUMPTION,"Official same-source snapshots labelled2023-10-31,2024-10-31,2025-08-14 corroborate identical coordinates for existing276source rows; practical pre-existing-station spatial stability assumption approved by human; not continuous-observation proof, not verified unchanged throughout2024. Historical2023/2024 file SHA256=9da58a78b07852906b9b9c75c539770d8a50a16c0cb5b8c21b23383327f85ce6; residual temporal uncertainty retained; see Batch2R-C temporal audit.",,adopted exact_matched; coordinate source=subway/data/raw/2024/station/서울교통공사_1_8호선 역사 좌표(위경도) 정보_20260917.csv row=92.0; ,,11230750,강남구,수서동,20240630,964755.0542540723,1943214.9431940548,MAPPED,11230750,UNIQUE_STRICT_WITHIN,longitude=x latitude=y; EPSG:4326 analytical assumption -> EPSG:5179; strict contains; non-within touches checked; no repair/fallback,352.0,subway/data/raw/2024/boundary/bnd_dong_11_2024_2Q.shp,boundary,2024 Q2,2024-06-30,population_direct_65_plus,subway/data/raw/2024/population_direct_65_plus/201_DT_201004_O020003_2024Q2_20261006.csv,404.0,e48f83ca75f7f92a5a83e39834440c0f3149ace1113c3533102797e4d0338d76,DT_201004_O020003,https://stat.eseoul.go.kr/statHtml/statHtml.do?orgId=201&tblId=DT_201004_O020003&conn_path=I2,001023025,001023,002 계 (14210.MT0047 명),006 65세이상고령자 (14999671.ga028 명),명,official source code parents + exact complete Q2 boundary parent/name-set bijection; SGIS codes not equated to statistics codes,seoul_2024,IN_CURRENT_STUDY_AREA,STRICTLY_INSIDE_CONFIGURED_BOUNDARY_UNION,current configured validated boundary union; no replacement coordinates or correction,0,0.0,13918,5227,0.3755568328782871,4.524534386158594,-0.4903575546703421,1125.4014626120825
"station:[""3"",""신사""]",3,신사,327,subway/data/raw/2024/station/서울교통공사_1_8호선 역사 좌표(위경도) 정보_20260917.csv,80,신사,327,37.516438,127.020247,exact_matched,False,ELIGIBLE,,EPSG:4326,ANALYTICAL_ASSUMPTION,analysis assumption supported by official national station-data standard; not source-specific CRS explicitly verified. Batch2R-C official 2024 공공데이터 제공 표준 section42 도시철도역사정보 items10 역위도/11 역경도 explicitly specifies WGS84; longitude=x latitude=y geographic degrees. https://www.data.go.kr/bbs/rcr/selectRecsroom.do?originId=PDS_0000000001227&atchFileId=FILE_000000003049184 standard SHA256=d3d464f6a9dd9f6dfd3ff61fec966c95ccce8aec085c234ba3af9e665d3c67cd,False,SNAPSHOT_STABILITY_ASSUMPTION,"Official same-source snapshots labelled2023-10-31,2024-10-31,2025-08-14 corroborate identical coordinates for existing276source rows; practical pre-existing-station spatial stability assumption approved by human; not continuous-observation proof, not verified unchanged throughout2024. Historical2023/2024 file SHA256=9da58a78b07852906b9b9c75c539770d8a50a16c0cb5b8c21b23383327f85ce6; residual temporal uncertainty retained; see Batch2R-C temporal audit.",,adopted exact_matched; coordinate source=subway/data/raw/2024/station/서울교통공사_1_8호선 역사 좌표(위경도) 정보_20260917.csv row=80.0; ,,11230510,강남구,신사동,20240630,957603.7651922586,1946458.0950235503,MAPPED,11230510,UNIQUE_STRICT_WITHIN,longitude=x latitude=y; EPSG:4326 analytical assumption -> EPSG:5179; strict contains; non-within touches checked; no repair/fallback,337.0,subway/data/raw/2024/boundary/bnd_dong_11_2024_2Q.shp,boundary,2024 Q2,2024-06-30,population_direct_65_plus,subway/data/raw/2024/population_direct_65_plus/201_DT_201004_O020003_2024Q2_20261006.csv,383.0,e48f83ca75f7f92a5a83e39834440c0f3149ace1113c3533102797e4d0338d76,DT_201004_O020003,https://stat.eseoul.go.kr/statHtml/statHtml.do?orgId=201&tblId=DT_201004_O020003&conn_path=I2,001023001,001023,002 계 (14210.MT0047 명),006 65세이상고령자 (14999671.ga028 명),명,official source code parents + exact complete Q2 boundary parent/name-set bijection; SGIS codes not equated to statistics codes,seoul_2024,IN_CURRENT_STUDY_AREA,STRICTLY_INSIDE_CONFIGURED_BOUNDARY_UNION,current configured validated boundary union; no replacement coordinates or correction,1,0.6413545407901488,15592,3189,0.20452796305797846,0.4843768266149393,-0.12122653408202402,68.00559325364746
"station:[""3"",""안국""]",3,안국,318,subway/data/raw/2024/station/서울교통공사_1_8호선 역사 좌표(위경도) 정보_20260917.csv,71,안국,318,37.576562,126.98547,exact_matched,False,ELIGIBLE,,EPSG:4326,ANALYTICAL_ASSUMPTION,analysis assumption supported by official national station-data standard; not source-specific CRS explicitly verified. Batch2R-C official 2024 공공데이터 제공 표준 section42 도시철도역사정보 items10 역위도/11 역경도 explicitly specifies WGS84; longitude=x latitude=y geographic degrees. https://www.data.go.kr/bbs/rcr/selectRecsroom.do?originId=PDS_0000000001227&atchFileId=FILE_000000003049184 standard SHA256=d3d464f6a9dd9f6dfd3ff61fec966c95ccce8aec085c234ba3af9e665d3c67cd,False,SNAPSHOT_STABILITY_ASSUMPTION,"Official same-source snapshots labelled2023-10-31,2024-10-31,2025-08-14 corroborate identical coordinates for existing276source rows; practical pre-existing-station spatial stability assumption approved by human; not continuous-observation proof, not verified unchanged throughout2024. Historical2023/2024 file SHA256=9da58a78b07852906b9b9c75c539770d8a50a16c0cb5b8c21b23383327f85ce6; residual temporal uncertainty retained; see Batch2R-C temporal audit.",,adopted exact_matched; coordinate source=subway/data/raw/2024/station/서울교통공사_1_8호선 역사 좌표(위경도) 정보_20260917.csv row=71.0; ,,11010610,종로구,종로1·2·3·4가동,20240630,954566.9730346311,1953144.7728506722,MAPPED,11010610,UNIQUE_STRICT_WITHIN,longitude=x latitude=y; EPSG:4326 analytical assumption -> EPSG:5179; strict contains; non-within touches checked; no repair/fallback,19.0,subway/data/raw/2024/boundary/bnd_dong_11_2024_2Q.shp,boundary,2024 Q2,2024-06-30,population_direct_65_plus,subway/data/raw/2024/population_direct_65_plus/201_DT_201004_O020003_2024Q2_20261006.csv,11.0,e48f83ca75f7f92a5a83e39834440c0f3149ace1113c3533102797e4d0338d76,DT_201004_O020003,https://stat.eseoul.go.kr/statHtml/statHtml.do?orgId=201&tblId=DT_201004_O020003&conn_path=I2,001001010,001001,002 계 (14210.MT0047 명),006 65세이상고령자 (14999671.ga028 명),명,official source code parents + exact complete Q2 boundary parent/name-set bijection; SGIS codes not equated to statistics codes,seoul_2024,IN_CURRENT_STUDY_AREA,STRICTLY_INSIDE_CONFIGURED_BOUNDARY_UNION,current configured validated boundary union; no replacement coordinates or correction,5,5.927682276229993,8435,1811,0.21470065204505037,0.724682842524335,2.9213145692259563,404.4491137511081
"station:[""3"",""압구정""]",3,압구정,326,subway/data/raw/2024/station/서울교통공사_1_8호선 역사 좌표(위경도) 정보_20260917.csv,79,압구정,326,37.526169,127.028502,exact_matched,False,ELIGIBLE,,EPSG:4326,ANALYTICAL_ASSUMPTION,analysis assumption supported by official national station-data standard; not source-specific CRS explicitly verified. Batch2R-C official 2024 공공데이터 제공 표준 section42 도시철도역사정보 items10 역위도/11 역경도 explicitly specifies WGS84; longitude=x latitude=y geographic degrees. https://www.data.go.kr/bbs/rcr/selectRecsroom.do?originId=PDS_0000000001227&atchFileId=FILE_000000003049184 standard SHA256=d3d464f6a9dd9f6dfd3ff61fec966c95ccce8aec085c234ba3af9e665d3c67cd,False,SNAPSHOT_STABILITY_ASSUMPTION,"Official same-source snapshots labelled2023-10-31,2024-10-31,2025-08-14 corroborate identical coordinates for existing276source rows; practical pre-existing-station spatial stability assumption approved by human; not continuous-observation proof, not verified unchanged throughout2024. Historical2023/2024 file SHA256=9da58a78b07852906b9b9c75c539770d8a50a16c0cb5b8c21b23383327f85ce6; residual temporal uncertainty retained; see Batch2R-C temporal audit.",,adopted exact_matched; coordinate source=subway/data/raw/2024/station/서울교통공사_1_8호선 역사 좌표(위경도) 정보_20260917.csv row=79.0; ,,11230770,강남구,압구정동,20240630,958338.6829345328,1947534.0033045376,MAPPED,11230770,UNIQUE_STRICT_WITHIN,longitude=x latitude=y; EPSG:4326 analytical assumption -> EPSG:5179; strict contains; non-within touches checked; no repair/fallback,353.0,subway/data/raw/2024/boundary/bnd_dong_11_2024_2Q.shp,boundary,2024 Q2,2024-06-30,population_direct_65_plus,subway/data/raw/2024/population_direct_65_plus/201_DT_201004_O020003_2024Q2_20261006.csv,386.0,e48f83ca75f7f92a5a83e39834440c0f3149ace1113c3533102797e4d0338d76,DT_201004_O020003,https://stat.eseoul.go.kr/statHtml/statHtml.do?orgId=201&tblId=DT_201004_O020003&conn_path=I2,001023027,001023,002 계 (14210.MT0047 명),006 65세이상고령자 (14999671.ga028 명),명,official source code parents + exact complete Q2 boundary parent/name-set bijection; SGIS codes not equated to statistics codes,seoul_2024,IN_CURRENT_STUDY_AREA,STRICTLY_INSIDE_CONFIGURED_BOUNDARY_UNION,current configured validated boundary union; no replacement coordinates or correction,3,1.1684973124561815,25674,5457,0.2125496611357794,0.6738707065865174,0.18217000702784164,220.66540377331884
"station:[""3"",""약수""]",3,약수,323,subway/data/raw/2024/station/서울교통공사_1_8호선 역사 좌표(위경도) 정보_20260917.csv,76,약수,323,37.554674,127.010628,exact_matched,False,ELIGIBLE,,EPSG:4326,ANALYTICAL_ASSUMPTION,analysis assumption supported by official national station-data standard; not source-specific CRS explicitly verified. Batch2R-C official 2024 공공데이터 제공 표준 section42 도시철도역사정보 items10 역위도/11 역경도 explicitly specifies WGS84; longitude=x latitude=y geographic degrees. https://www.data.go.kr/bbs/rcr/selectRecsroom.do?originId=PDS_0000000001227&atchFileId=FILE_000000003049184 standard SHA256=d3d464f6a9dd9f6dfd3ff61fec966c95ccce8aec085c234ba3af9e665d3c67cd,False,SNAPSHOT_STABILITY_ASSUMPTION,"Official same-source snapshots labelled2023-10-31,2024-10-31,2025-08-14 corroborate identical coordinates for existing276source rows; practical pre-existing-station spatial stability assumption approved by human; not continuous-observation proof, not verified unchanged throughout2024. Historical2023/2024 file SHA256=9da58a78b07852906b9b9c75c539770d8a50a16c0cb5b8c21b23383327f85ce6; residual temporal uncertainty retained; see Batch2R-C temporal audit.",,adopted exact_matched; coordinate source=subway/data/raw/2024/station/서울교통공사_1_8호선 역사 좌표(위경도) 정보_20260917.csv row=76.0; ,,11020710,중구,약수동,20240630,956775.794669094,1950704.5418907173,MAPPED,11020710,UNIQUE_STRICT_WITHIN,longitude=x latitude=y; EPSG:4326 analytical assumption -> EPSG:5179; strict contains; non-within touches checked; no repair/fallback,109.0,subway/data/raw/2024/boundary/bnd_dong_11_2024_2Q.shp,boundary,2024 Q2,2024-06-30,population_direct_65_plus,subway/data/raw/2024/population_direct_65_plus/201_DT_201004_O020003_2024Q2_20261006.csv,30.0,e48f83ca75f7f92a5a83e39834440c0f3149ace1113c3533102797e4d0338d76,DT_201004_O020003,https://stat.eseoul.go.kr/statHtml/statHtml.do?orgId=201&tblId=DT_201004_O020003&conn_path=I2,001002018,001002,002 계 (14210.MT0047 명),006 65세이상고령자 (14999671.ga028 명),명,official source code parents + exact complete Q2 boundary parent/name-set bijection; SGIS codes not equated to statistics codes,seoul_2024,IN_CURRENT_STUDY_AREA,STRICTLY_INSIDE_CONFIGURED_BOUNDARY_UNION,current configured validated boundary union; no replacement coordinates or correction,0,0.0,16343,4232,0.25894878541271493,1.7699416383573998,-0.4903575546703421,771.8886079877366
"station:[""3"",""양재(서초구청)""]",3,양재(서초구청),332,subway/data/raw/2024/station/서울교통공사_1_8호선 역사 좌표(위경도) 정보_20260917.csv,85,양재,332,37.48466,127.03513,alias_matched,False,ELIGIBLE,,EPSG:4326,ANALYTICAL_ASSUMPTION,analysis assumption supported by official national station-data standard; not source-specific CRS explicitly verified. Batch2R-C official 2024 공공데이터 제공 표준 section42 도시철도역사정보 items10 역위도/11 역경도 explicitly specifies WGS84; longitude=x latitude=y geographic degrees. https://www.data.go.kr/bbs/rcr/selectRecsroom.do?originId=PDS_0000000001227&atchFileId=FILE_000000003049184 standard SHA256=d3d464f6a9dd9f6dfd3ff61fec966c95ccce8aec085c234ba3af9e665d3c67cd,False,SNAPSHOT_STABILITY_ASSUMPTION,"Official same-source snapshots labelled2023-10-31,2024-10-31,2025-08-14 corroborate identical coordinates for existing276source rows; practical pre-existing-station spatial stability assumption approved by human; not continuous-observation proof, not verified unchanged throughout2024. Historical2023/2024 file SHA256=9da58a78b07852906b9b9c75c539770d8a50a16c0cb5b8c21b23383327f85ce6; residual temporal uncertainty retained; see Batch2R-C temporal audit.",,adopted alias_matched; coordinate source=subway/data/raw/2024/station/서울교통공사_1_8호선 역사 좌표(위경도) 정보_20260917.csv row=85.0; P-S2-2RA scoped source alias; provider family=서울교통공사; station_file=subway/data/raw/2024/station/서울교통공사_1_8호선 역사 좌표(위경도) 정보_20260917.csv; total_file=subway/data/raw/2024/total_ridership/서울교통공사_역별 일별 시간대별 승하차인원 정보_20260831.csv; station_row=85; normalized_line=3; external_code=332; station_raw=양재; canonical_2024_total=양재(서초구청); relation=B adjunct/display source difference; source code+line unique on both sides; explicit reviewed display variant; not an official rename claim; OA-22477 row=29 previous=양재 changed=양재(서초구청) revision=1991-12-01 note=병기역명; https://data.seoul.go.kr/dataList/OA-22477/F/1/datasetView.do; candidate identities station=1 total=1; no code-line contradiction or competing candidate; raw names preserved,,11230660,강남구,도곡1동,20240630,958901.5838374548,1942925.9262837288,MAPPED,11230660,UNIQUE_STRICT_WITHIN,longitude=x latitude=y; EPSG:4326 analytical assumption -> EPSG:5179; strict contains; non-within touches checked; no repair/fallback,346.0,subway/data/raw/2024/boundary/bnd_dong_11_2024_2Q.shp,boundary,2024 Q2,2024-06-30,population_direct_65_plus,subway/data/raw/2024/population_direct_65_plus/201_DT_201004_O020003_2024Q2_20261006.csv,395.0,e48f83ca75f7f92a5a83e39834440c0f3149ace1113c3533102797e4d0338d76,DT_201004_O020003,https://stat.eseoul.go.kr/statHtml/statHtml.do?orgId=201&tblId=DT_201004_O020003&conn_path=I2,001023016,001023,002 계 (14210.MT0047 명),006 65세이상고령자 (14999671.ga028 명),명,official source code parents + exact complete Q2 boundary parent/name-set bijection; SGIS codes not equated to statistics codes,seoul_2024,IN_CURRENT_STUDY_AREA,STRICTLY_INSIDE_CONFIGURED_BOUNDARY_UNION,current configured validated boundary union; no replacement coordinates or correction,2,0.9701673538685422,20615,3273,0.15876788746058695,-0.5965980727943374,0.06802138037822014,94.92037438688926
"station:[""3"",""연신내""]",3,연신내,311,subway/data/raw/2024/station/서울교통공사_1_8호선 역사 좌표(위경도) 정보_20260917.csv,64,연신내,311,37.618855,126.920859,exact_matched,False,ELIGIBLE,,EPSG:4326,ANALYTICAL_ASSUMPTION,analysis assumption supported by official national station-data standard; not source-specific CRS explicitly verified. Batch2R-C official 2024 공공데이터 제공 표준 section42 도시철도역사정보 items10 역위도/11 역경도 explicitly specifies WGS84; longitude=x latitude=y geographic degrees. https://www.data.go.kr/bbs/rcr/selectRecsroom.do?originId=PDS_0000000001227&atchFileId=FILE_000000003049184 standard SHA256=d3d464f6a9dd9f6dfd3ff61fec966c95ccce8aec085c234ba3af9e665d3c67cd,False,SNAPSHOT_STABILITY_ASSUMPTION,"Official same-source snapshots labelled2023-10-31,2024-10-31,2025-08-14 corroborate identical coordinates for existing276source rows; practical pre-existing-station spatial stability assumption approved by human; not continuous-observation proof, not verified unchanged throughout2024. Historical2023/2024 file SHA256=9da58a78b07852906b9b9c75c539770d8a50a16c0cb5b8c21b23383327f85ce6; residual temporal uncertainty retained; see Batch2R-C temporal audit.",,adopted exact_matched; coordinate source=subway/data/raw/2024/station/서울교통공사_1_8호선 역사 좌표(위경도) 정보_20260917.csv row=64.0; ,,11120550,은평구,갈현1동,20240630,948890.7086371949,1957870.2160556938,MAPPED,11120550,UNIQUE_STRICT_WITHIN,longitude=x latitude=y; EPSG:4326 analytical assumption -> EPSG:5179; strict contains; non-within touches checked; no repair/fallback,107.0,subway/data/raw/2024/boundary/bnd_dong_11_2024_2Q.shp,boundary,2024 Q2,2024-06-30,population_direct_65_plus,subway/data/raw/2024/population_direct_65_plus/201_DT_201004_O020003_2024Q2_20261006.csv,193.0,e48f83ca75f7f92a5a83e39834440c0f3149ace1113c3533102797e4d0338d76,DT_201004_O020003,https://stat.eseoul.go.kr/statHtml/statHtml.do?orgId=201&tblId=DT_201004_O020003&conn_path=I2,001012005,001012,002 계 (14210.MT0047 명),006 65세이상고령자 (14999671.ga028 명),명,official source code parents + exact complete Q2 boundary parent/name-set bijection; SGIS codes not equated to statistics codes,seoul_2024,IN_CURRENT_STUDY_AREA,STRICTLY_INSIDE_CONFIGURED_BOUNDARY_UNION,current configured validated boundary union; no replacement coordinates or correction,1,0.6918978758735211,14453,3230,0.2234830139071473,0.9321456276382056,-0.09213636370562499,35.869006251293534
"station:[""3"",""오금""]",3,오금,342,subway/data/raw/2024/station/서울교통공사_1_8호선 역사 좌표(위경도) 정보_20260917.csv,95,오금,342,37.502288,127.128344,exact_matched,False,ELIGIBLE,,EPSG:4326,ANALYTICAL_ASSUMPTION,analysis assumption supported by official national station-data standard; not source-specific CRS explicitly verified. Batch2R-C official 2024 공공데이터 제공 표준 section42 도시철도역사정보 items10 역위도/11 역경도 explicitly specifies WGS84; longitude=x latitude=y geographic degrees. https://www.data.go.kr/bbs/rcr/selectRecsroom.do?originId=PDS_0000000001227&atchFileId=FILE_000000003049184 standard SHA256=d3d464f6a9dd9f6dfd3ff61fec966c95ccce8aec085c234ba3af9e665d3c67cd,False,SNAPSHOT_STABILITY_ASSUMPTION,"Official same-source snapshots labelled2023-10-31,2024-10-31,2025-08-14 corroborate identical coordinates for existing276source rows; practical pre-existing-station spatial stability assumption approved by human; not continuous-observation proof, not verified unchanged throughout2024. Historical2023/2024 file SHA256=9da58a78b07852906b9b9c75c539770d8a50a16c0cb5b8c21b23383327f85ce6; residual temporal uncertainty retained; see Batch2R-C temporal audit.",,adopted exact_matched; coordinate source=subway/data/raw/2024/station/서울교통공사_1_8호선 역사 좌표(위경도) 정보_20260917.csv row=95.0; ,,11240600,송파구,오금동,20240630,967150.2408287843,1944845.0211835566,MAPPED,11240600,UNIQUE_STRICT_WITHIN,longitude=x latitude=y; EPSG:4326 analytical assumption -> EPSG:5179; strict contains; non-within touches checked; no repair/fallback,362.0,subway/data/raw/2024/boundary/bnd_dong_11_2024_2Q.shp,boundary,2024 Q2,2024-06-30,population_direct_65_plus,subway/data/raw/2024/population_direct_65_plus/201_DT_201004_O020003_2024Q2_20261006.csv,415.0,e48f83ca75f7f92a5a83e39834440c0f3149ace1113c3533102797e4d0338d76,DT_201004_O020003,https://stat.eseoul.go.kr/statHtml/statHtml.do?orgId=201&tblId=DT_201004_O020003&conn_path=I2,001024010,001024,002 계 (14210.MT0047 명),006 65세이상고령자 (14999671.ga028 명),명,official source code parents + exact complete Q2 boundary parent/name-set bijection; SGIS codes not equated to statistics codes,seoul_2024,IN_CURRENT_STUDY_AREA,STRICTLY_INSIDE_CONFIGURED_BOUNDARY_UNION,current configured validated boundary union; no replacement coordinates or correction,1,0.26121937202862966,38282,7540,0.19695940650958674,0.305587356825743,-0.34001298351384407,301.68935743099576
"station:[""3"",""옥수""]",3,옥수,325,subway/data/raw/2024/station/서울교통공사_1_8호선 역사 좌표(위경도) 정보_20260917.csv,78,옥수,325,37.541653,127.017303,exact_matched,False,ELIGIBLE,,EPSG:4326,ANALYTICAL_ASSUMPTION,analysis assumption supported by official national station-data standard; not source-specific CRS explicitly verified. Batch2R-C official 2024 공공데이터 제공 표준 section42 도시철도역사정보 items10 역위도/11 역경도 explicitly specifies WGS84; longitude=x latitude=y geographic degrees. https://www.data.go.kr/bbs/rcr/selectRecsroom.do?originId=PDS_0000000001227&atchFileId=FILE_000000003049184 standard SHA256=d3d464f6a9dd9f6dfd3ff61fec966c95ccce8aec085c234ba3af9e665d3c67cd,False,SNAPSHOT_STABILITY_ASSUMPTION,"Official same-source snapshots labelled2023-10-31,2024-10-31,2025-08-14 corroborate identical coordinates for existing276source rows; practical pre-existing-station spatial stability assumption approved by human; not continuous-observation proof, not verified unchanged throughout2024. Historical2023/2024 file SHA256=9da58a78b07852906b9b9c75c539770d8a50a16c0cb5b8c21b23383327f85ce6; residual temporal uncertainty retained; see Batch2R-C temporal audit.",,adopted exact_matched; coordinate source=subway/data/raw/2024/station/서울교통공사_1_8호선 역사 좌표(위경도) 정보_20260917.csv row=78.0; ,,11040730,성동구,옥수동,20240630,957357.9563476443,1949256.884137731,MAPPED,11040730,UNIQUE_STRICT_WITHIN,longitude=x latitude=y; EPSG:4326 analytical assumption -> EPSG:5179; strict contains; non-within touches checked; no repair/fallback,404.0,subway/data/raw/2024/boundary/bnd_dong_11_2024_2Q.shp,boundary,2024 Q2,2024-06-30,population_direct_65_plus,subway/data/raw/2024/population_direct_65_plus/201_DT_201004_O020003_2024Q2_20261006.csv,64.0,e48f83ca75f7f92a5a83e39834440c0f3149ace1113c3533102797e4d0338d76,DT_201004_O020003,https://stat.eseoul.go.kr/statHtml/statHtml.do?orgId=201&tblId=DT_201004_O020003&conn_path=I2,001004023,001004,002 계 (14210.MT0047 명),006 65세이상고령자 (14999671.ga028 명),명,official source code parents + exact complete Q2 boundary parent/name-set bijection; SGIS codes not equated to statistics codes,seoul_2024,IN_CURRENT_STUDY_AREA,STRICTLY_INSIDE_CONFIGURED_BOUNDARY_UNION,current configured validated boundary union; no replacement coordinates or correction,0,0.0,25726,4568,0.17756355438078208,-0.15259434480341644,-0.4903575546703421,766.7865351439659
"station:[""3"",""을지로3가""]",3,을지로3가,320,subway/data/raw/2024/station/서울교통공사_1_8호선 역사 좌표(위경도) 정보_20260917.csv,73,을지로3가,320,37.566299,126.992616,exact_matched,False,ELIGIBLE,,EPSG:4326,ANALYTICAL_ASSUMPTION,analysis assumption supported by official national station-data standard; not source-specific CRS explicitly verified. Batch2R-C official 2024 공공데이터 제공 표준 section42 도시철도역사정보 items10 역위도/11 역경도 explicitly specifies WGS84; longitude=x latitude=y geographic degrees. https://www.data.go.kr/bbs/rcr/selectRecsroom.do?originId=PDS_0000000001227&atchFileId=FILE_000000003049184 standard SHA256=d3d464f6a9dd9f6dfd3ff61fec966c95ccce8aec085c234ba3af9e665d3c67cd,False,SNAPSHOT_STABILITY_ASSUMPTION,"Official same-source snapshots labelled2023-10-31,2024-10-31,2025-08-14 corroborate identical coordinates for existing276source rows; practical pre-existing-station spatial stability assumption approved by human; not continuous-observation proof, not verified unchanged throughout2024. Historical2023/2024 file SHA256=9da58a78b07852906b9b9c75c539770d8a50a16c0cb5b8c21b23383327f85ce6; residual temporal uncertainty retained; see Batch2R-C temporal audit.",,adopted exact_matched; coordinate source=subway/data/raw/2024/station/서울교통공사_1_8호선 역사 좌표(위경도) 정보_20260917.csv row=73.0; ,,11020600,중구,을지로동,20240630,955191.8211541704,1952002.7114962807,MAPPED,11020600,UNIQUE_STRICT_WITHIN,longitude=x latitude=y; EPSG:4326 analytical assumption -> EPSG:5179; strict contains; non-within touches checked; no repair/fallback,45.0,subway/data/raw/2024/boundary/bnd_dong_11_2024_2Q.shp,boundary,2024 Q2,2024-06-30,population_direct_65_plus,subway/data/raw/2024/population_direct_65_plus/201_DT_201004_O020003_2024Q2_20261006.csv,27.0,e48f83ca75f7f92a5a83e39834440c0f3149ace1113c3533102797e4d0338d76,DT_201004_O020003,https://stat.eseoul.go.kr/statHtml/statHtml.do?orgId=201&tblId=DT_201004_O020003&conn_path=I2,001002007,001002,002 계 (14210.MT0047 명),006 65세이상고령자 (14999671.ga028 명),명,official source code parents + exact complete Q2 boundary parent/name-set bijection; SGIS codes not equated to statistics codes,seoul_2024,IN_CURRENT_STUDY_AREA,STRICTLY_INSIDE_CONFIGURED_BOUNDARY_UNION,current configured validated boundary union; no replacement coordinates or correction,2,5.770340450086555,3466,518,0.14945181765724178,-0.8166684613829198,2.8307566247947795,223.63216314228657
"station:[""3"",""일원""]",3,일원,338,subway/data/raw/2024/station/서울교통공사_1_8호선 역사 좌표(위경도) 정보_20260917.csv,91,일원,338,37.48389,127.08416,exact_matched,False,ELIGIBLE,,EPSG:4326,ANALYTICAL_ASSUMPTION,analysis assumption supported by official national station-data standard; not source-specific CRS explicitly verified. Batch2R-C official 2024 공공데이터 제공 표준 section42 도시철도역사정보 items10 역위도/11 역경도 explicitly specifies WGS84; longitude=x latitude=y geographic degrees. https://www.data.go.kr/bbs/rcr/selectRecsroom.do?originId=PDS_0000000001227&atchFileId=FILE_000000003049184 standard SHA256=d3d464f6a9dd9f6dfd3ff61fec966c95ccce8aec085c234ba3af9e665d3c67cd,False,SNAPSHOT_STABILITY_ASSUMPTION,"Official same-source snapshots labelled2023-10-31,2024-10-31,2025-08-14 corroborate identical coordinates for existing276source rows; practical pre-existing-station spatial stability assumption approved by human; not continuous-observation proof, not verified unchanged throughout2024. Historical2023/2024 file SHA256=9da58a78b07852906b9b9c75c539770d8a50a16c0cb5b8c21b23383327f85ce6; residual temporal uncertainty retained; see Batch2R-C temporal audit.",,adopted exact_matched; coordinate source=subway/data/raw/2024/station/서울교통공사_1_8호선 역사 좌표(위경도) 정보_20260917.csv row=91.0; ,,11230720,강남구,일원본동,20240630,963235.8918423272,1942820.2259647362,MAPPED,11230720,UNIQUE_STRICT_WITHIN,longitude=x latitude=y; EPSG:4326 analytical assumption -> EPSG:5179; strict contains; non-within touches checked; no repair/fallback,350.0,subway/data/raw/2024/boundary/bnd_dong_11_2024_2Q.shp,boundary,2024 Q2,2024-06-30,population_direct_65_plus,subway/data/raw/2024/population_direct_65_plus/201_DT_201004_O020003_2024Q2_20261006.csv,402.0,e48f83ca75f7f92a5a83e39834440c0f3149ace1113c3533102797e4d0338d76,DT_201004_O020003,https://stat.eseoul.go.kr/statHtml/statHtml.do?orgId=201&tblId=DT_201004_O020003&conn_path=I2,001023022,001023,002 계 (14210.MT0047 명),006 65세이상고령자 (14999671.ga028 명),명,official source code parents + exact complete Q2 boundary parent/name-set bijection; SGIS codes not equated to statistics codes,seoul_2024,IN_CURRENT_STUDY_AREA,STRICTLY_INSIDE_CONFIGURED_BOUNDARY_UNION,current configured validated boundary union; no replacement coordinates or correction,2,0.8813290441986517,22693,3654,0.16101881637509363,-0.543425134918444,0.01689057233032386,135.37277519698242
"station:[""3"",""잠원""]",3,잠원,328,subway/data/raw/2024/station/서울교통공사_1_8호선 역사 좌표(위경도) 정보_20260917.csv,81,잠원,328,37.512989,127.011613,exact_matched,False,ELIGIBLE,,EPSG:4326,ANALYTICAL_ASSUMPTION,analysis assumption supported by official national station-data standard; not source-specific CRS explicitly verified. Batch2R-C official 2024 공공데이터 제공 표준 section42 도시철도역사정보 items10 역위도/11 역경도 explicitly specifies WGS84; longitude=x latitude=y geographic degrees. https://www.data.go.kr/bbs/rcr/selectRecsroom.do?originId=PDS_0000000001227&atchFileId=FILE_000000003049184 standard SHA256=d3d464f6a9dd9f6dfd3ff61fec966c95ccce8aec085c234ba3af9e665d3c67cd,False,SNAPSHOT_STABILITY_ASSUMPTION,"Official same-source snapshots labelled2023-10-31,2024-10-31,2025-08-14 corroborate identical coordinates for existing276source rows; practical pre-existing-station spatial stability assumption approved by human; not continuous-observation proof, not verified unchanged throughout2024. Historical2023/2024 file SHA256=9da58a78b07852906b9b9c75c539770d8a50a16c0cb5b8c21b23383327f85ce6; residual temporal uncertainty retained; see Batch2R-C temporal audit.",,adopted exact_matched; coordinate source=subway/data/raw/2024/station/서울교통공사_1_8호선 역사 좌표(위경도) 정보_20260917.csv row=81.0; ,,11220550,서초구,잠원동,20240630,956838.7792310375,1946079.3750825748,MAPPED,11220550,UNIQUE_STRICT_WITHIN,longitude=x latitude=y; EPSG:4326 analytical assumption -> EPSG:5179; strict contains; non-within touches checked; no repair/fallback,328.0,subway/data/raw/2024/boundary/bnd_dong_11_2024_2Q.shp,boundary,2024 Q2,2024-06-30,population_direct_65_plus,subway/data/raw/2024/population_direct_65_plus/201_DT_201004_O020003_2024Q2_20261006.csv,368.0,e48f83ca75f7f92a5a83e39834440c0f3149ace1113c3533102797e4d0338d76,DT_201004_O020003,https://stat.eseoul.go.kr/statHtml/statHtml.do?orgId=201&tblId=DT_201004_O020003&conn_path=I2,001022005,001022,002 계 (14210.MT0047 명),006 65세이상고령자 (14999671.ga028 명),명,official source code parents + exact complete Q2 boundary parent/name-set bijection; SGIS codes not equated to statistics codes,seoul_2024,IN_CURRENT_STUDY_AREA,STRICTLY_INSIDE_CONFIGURED_BOUNDARY_UNION,current configured validated boundary union; no replacement coordinates or correction,2,0.7423629412419731,26941,3693,0.13707731710033036,-1.1089871326289495,-0.06309124139221174,638.1763010106912
"station:[""3"",""종로3가""]",3,종로3가,319,subway/data/raw/2024/station/서울교통공사_1_8호선 역사 좌표(위경도) 정보_20260917.csv,72,종로3가,319,37.571537,126.991237,exact_matched,False,ELIGIBLE,,EPSG:4326,ANALYTICAL_ASSUMPTION,analysis assumption supported by official national station-data standard; not source-specific CRS explicitly verified. Batch2R-C official 2024 공공데이터 제공 표준 section42 도시철도역사정보 items10 역위도/11 역경도 explicitly specifies WGS84; longitude=x latitude=y geographic degrees. https://www.data.go.kr/bbs/rcr/selectRecsroom.do?originId=PDS_0000000001227&atchFileId=FILE_000000003049184 standard SHA256=d3d464f6a9dd9f6dfd3ff61fec966c95ccce8aec085c234ba3af9e665d3c67cd,False,SNAPSHOT_STABILITY_ASSUMPTION,"Official same-source snapshots labelled2023-10-31,2024-10-31,2025-08-14 corroborate identical coordinates for existing276source rows; practical pre-existing-station spatial stability assumption approved by human; not continuous-observation proof, not verified unchanged throughout2024. Historical2023/2024 file SHA256=9da58a78b07852906b9b9c75c539770d8a50a16c0cb5b8c21b23383327f85ce6; residual temporal uncertainty retained; see Batch2R-C temporal audit.",,adopted exact_matched; coordinate source=subway/data/raw/2024/station/서울교통공사_1_8호선 역사 좌표(위경도) 정보_20260917.csv row=72.0; ,,11010610,종로구,종로1·2·3·4가동,20240630,955073.184187036,1952584.500212677,MAPPED,11010610,UNIQUE_STRICT_WITHIN,longitude=x latitude=y; EPSG:4326 analytical assumption -> EPSG:5179; strict contains; non-within touches checked; no repair/fallback,19.0,subway/data/raw/2024/boundary/bnd_dong_11_2024_2Q.shp,boundary,2024 Q2,2024-06-30,population_direct_65_plus,subway/data/raw/2024/population_direct_65_plus/201_DT_201004_O020003_2024Q2_20261006.csv,11.0,e48f83ca75f7f92a5a83e39834440c0f3149ace1113c3533102797e4d0338d76,DT_201004_O020003,https://stat.eseoul.go.kr/statHtml/statHtml.do?orgId=201&tblId=DT_201004_O020003&conn_path=I2,001001010,001001,002 계 (14210.MT0047 명),006 65세이상고령자 (14999671.ga028 명),명,official source code parents + exact complete Q2 boundary parent/name-set bijection; SGIS codes not equated to statistics codes,seoul_2024,IN_CURRENT_STUDY_AREA,STRICTLY_INSIDE_CONFIGURED_BOUNDARY_UNION,current configured validated boundary union; no replacement coordinates or correction,5,5.927682276229993,8435,1811,0.21470065204505037,0.724682842524335,2.9213145692259563,124.458229375568
"station:[""3"",""학여울""]",3,학여울,336,subway/data/raw/2024/station/서울교통공사_1_8호선 역사 좌표(위경도) 정보_20260917.csv,89,학여울,336,37.496757,127.070541,exact_matched,False,ELIGIBLE,,EPSG:4326,ANALYTICAL_ASSUMPTION,analysis assumption supported by official national station-data standard; not source-specific CRS explicitly verified. Batch2R-C official 2024 공공데이터 제공 표준 section42 도시철도역사정보 items10 역위도/11 역경도 explicitly specifies WGS84; longitude=x latitude=y geographic degrees. https://www.data.go.kr/bbs/rcr/selectRecsroom.do?originId=PDS_0000000001227&atchFileId=FILE_000000003049184 standard SHA256=d3d464f6a9dd9f6dfd3ff61fec966c95ccce8aec085c234ba3af9e665d3c67cd,False,SNAPSHOT_STABILITY_ASSUMPTION,"Official same-source snapshots labelled2023-10-31,2024-10-31,2025-08-14 corroborate identical coordinates for existing276source rows; practical pre-existing-station spatial stability assumption approved by human; not continuous-observation proof, not verified unchanged throughout2024. Historical2023/2024 file SHA256=9da58a78b07852906b9b9c75c539770d8a50a16c0cb5b8c21b23383327f85ce6; residual temporal uncertainty retained; see Batch2R-C temporal audit.",,adopted exact_matched; coordinate source=subway/data/raw/2024/station/서울교통공사_1_8호선 역사 좌표(위경도) 정보_20260917.csv row=89.0; ,,11230790,강남구,대치2동,20240630,962038.3526076374,1944253.1381302124,MAPPED,11230790,UNIQUE_STRICT_WITHIN,longitude=x latitude=y; EPSG:4326 analytical assumption -> EPSG:5179; strict contains; non-within touches checked; no repair/fallback,355.0,subway/data/raw/2024/boundary/bnd_dong_11_2024_2Q.shp,boundary,2024 Q2,2024-06-30,population_direct_65_plus,subway/data/raw/2024/population_direct_65_plus/201_DT_201004_O020003_2024Q2_20261006.csv,391.0,e48f83ca75f7f92a5a83e39834440c0f3149ace1113c3533102797e4d0338d76,DT_201004_O020003,https://stat.eseoul.go.kr/statHtml/statHtml.do?orgId=201&tblId=DT_201004_O020003&conn_path=I2,001023011,001023,002 계 (14210.MT0047 명),006 65세이상고령자 (14999671.ga028 명),명,official source code parents + exact complete Q2 boundary parent/name-set bijection; SGIS codes not equated to statistics codes,seoul_2024,IN_CURRENT_STUDY_AREA,STRICTLY_INSIDE_CONFIGURED_BOUNDARY_UNION,current configured validated boundary union; no replacement coordinates or correction,3,0.7833920877399138,38295,5731,0.14965400182791488,-0.811892332613413,-0.03947695357257044,280.4919751912796
"station:[""3"",""홍제""]",3,홍제,314,subway/data/raw/2024/station/서울교통공사_1_8호선 역사 좌표(위경도) 정보_20260917.csv,67,홍제,314,37.588851,126.944092,exact_matched,False,ELIGIBLE,,EPSG:4326,ANALYTICAL_ASSUMPTION,analysis assumption supported by official national station-data standard; not source-specific CRS explicitly verified. Batch2R-C official 2024 공공데이터 제공 표준 section42 도시철도역사정보 items10 역위도/11 역경도 explicitly specifies WGS84; longitude=x latitude=y geographic degrees. https://www.data.go.kr/bbs/rcr/selectRecsroom.do?originId=PDS_0000000001227&atchFileId=FILE_000000003049184 standard SHA256=d3d464f6a9dd9f6dfd3ff61fec966c95ccce8aec085c234ba3af9e665d3c67cd,False,SNAPSHOT_STABILITY_ASSUMPTION,"Official same-source snapshots labelled2023-10-31,2024-10-31,2025-08-14 corroborate identical coordinates for existing276source rows; practical pre-existing-station spatial stability assumption approved by human; not continuous-observation proof, not verified unchanged throughout2024. Historical2023/2024 file SHA256=9da58a78b07852906b9b9c75c539770d8a50a16c0cb5b8c21b23383327f85ce6; residual temporal uncertainty retained; see Batch2R-C temporal audit.",,adopted exact_matched; coordinate source=subway/data/raw/2024/station/서울교통공사_1_8호선 역사 좌표(위경도) 정보_20260917.csv row=67.0; ,,11130640,서대문구,홍제3동,20240630,950921.3331351083,1954528.996833168,MAPPED,11130640,UNIQUE_STRICT_WITHIN,longitude=x latitude=y; EPSG:4326 analytical assumption -> EPSG:5179; strict contains; non-within touches checked; no repair/fallback,246.0,subway/data/raw/2024/boundary/bnd_dong_11_2024_2Q.shp,boundary,2024 Q2,2024-06-30,population_direct_65_plus,subway/data/raw/2024/population_direct_65_plus/201_DT_201004_O020003_2024Q2_20261006.csv,213.0,e48f83ca75f7f92a5a83e39834440c0f3149ace1113c3533102797e4d0338d76,DT_201004_O020003,https://stat.eseoul.go.kr/statHtml/statHtml.do?orgId=201&tblId=DT_201004_O020003&conn_path=I2,001013013,001013,002 계 (14210.MT0047 명),006 65세이상고령자 (14999671.ga028 명),명,official source code parents + exact complete Q2 boundary parent/name-set bijection; SGIS codes not equated to statistics codes,seoul_2024,IN_CURRENT_STUDY_AREA,STRICTLY_INSIDE_CONFIGURED_BOUNDARY_UNION,current configured validated boundary union; no replacement coordinates or correction,1,0.5643977875606727,17718,4156,0.2345637205102156,1.1939014387741085,-0.16551892316492076,22.26117877829655
"station:[""4"",""길음""]",4,길음,417,subway/data/raw/2024/station/서울교통공사_1_8호선 역사 좌표(위경도) 정보_20260917.csv,104,길음,417,37.604087,127.025353,exact_matched,False,ELIGIBLE,,EPSG:4326,ANALYTICAL_ASSUMPTION,analysis assumption supported by official national station-data standard; not source-specific CRS explicitly verified. Batch2R-C official 2024 공공데이터 제공 표준 section42 도시철도역사정보 items10 역위도/11 역경도 explicitly specifies WGS84; longitude=x latitude=y geographic degrees. https://www.data.go.kr/bbs/rcr/selectRecsroom.do?originId=PDS_0000000001227&atchFileId=FILE_000000003049184 standard SHA256=d3d464f6a9dd9f6dfd3ff61fec966c95ccce8aec085c234ba3af9e665d3c67cd,False,SNAPSHOT_STABILITY_ASSUMPTION,"Official same-source snapshots labelled2023-10-31,2024-10-31,2025-08-14 corroborate identical coordinates for existing276source rows; practical pre-existing-station spatial stability assumption approved by human; not continuous-observation proof, not verified unchanged throughout2024. Historical2023/2024 file SHA256=9da58a78b07852906b9b9c75c539770d8a50a16c0cb5b8c21b23383327f85ce6; residual temporal uncertainty retained; see Batch2R-C temporal audit.",,adopted exact_matched; coordinate source=subway/data/raw/2024/station/서울교통공사_1_8호선 역사 좌표(위경도) 정보_20260917.csv row=104.0; ,,11080680,성북구,길음2동,20240630,958104.0981953957,1956180.0039853258,MAPPED,11080680,UNIQUE_STRICT_WITHIN,longitude=x latitude=y; EPSG:4326 analytical assumption -> EPSG:5179; strict contains; non-within touches checked; no repair/fallback,174.0,subway/data/raw/2024/boundary/bnd_dong_11_2024_2Q.shp,boundary,2024 Q2,2024-06-30,population_direct_65_plus,subway/data/raw/2024/population_direct_65_plus/201_DT_201004_O020003_2024Q2_20261006.csv,132.0,e48f83ca75f7f92a5a83e39834440c0f3149ace1113c3533102797e4d0338d76,DT_201004_O020003,https://stat.eseoul.go.kr/statHtml/statHtml.do?orgId=201&tblId=DT_201004_O020003&conn_path=I2,001008017,001008,002 계 (14210.MT0047 명),006 65세이상고령자 (14999671.ga028 명),명,official source code parents + exact complete Q2 boundary parent/name-set bijection; SGIS codes not equated to statistics codes,seoul_2024,IN_CURRENT_STUDY_AREA,STRICTLY_INSIDE_CONFIGURED_BOUNDARY_UNION,current configured validated boundary union; no replacement coordinates or correction,0,0.0,21523,3289,0.15281326952562374,-0.7372620126859589,-0.4903575546703421,172.3513148696516
"station:[""4"",""남태령""]",4,남태령,434,subway/data/raw/2024/station/서울교통공사_1_8호선 역사 좌표(위경도) 정보_20260917.csv,121,남태령,434,37.464339,126.989081,exact_matched,False,ELIGIBLE,,EPSG:4326,ANALYTICAL_ASSUMPTION,analysis assumption supported by official national station-data standard; not source-specific CRS explicitly verified. Batch2R-C official 2024 공공데이터 제공 표준 section42 도시철도역사정보 items10 역위도/11 역경도 explicitly specifies WGS84; longitude=x latitude=y geographic degrees. https://www.data.go.kr/bbs/rcr/selectRecsroom.do?originId=PDS_0000000001227&atchFileId=FILE_000000003049184 standard SHA256=d3d464f6a9dd9f6dfd3ff61fec966c95ccce8aec085c234ba3af9e665d3c67cd,False,SNAPSHOT_STABILITY_ASSUMPTION,"Official same-source snapshots labelled2023-10-31,2024-10-31,2025-08-14 corroborate identical coordinates for existing276source rows; practical pre-existing-station spatial stability assumption approved by human; not continuous-observation proof, not verified unchanged throughout2024. Historical2023/2024 file SHA256=9da58a78b07852906b9b9c75c539770d8a50a16c0cb5b8c21b23383327f85ce6; residual temporal uncertainty retained; see Batch2R-C temporal audit.",,adopted exact_matched; coordinate source=subway/data/raw/2024/station/서울교통공사_1_8호선 역사 좌표(위경도) 정보_20260917.csv row=121.0; ,,11220630,서초구,방배2동,20240630,954818.2065321176,1940692.5443602798,MAPPED,11220630,UNIQUE_STRICT_WITHIN,longitude=x latitude=y; EPSG:4326 analytical assumption -> EPSG:5179; strict contains; non-within touches checked; no repair/fallback,250.0,subway/data/raw/2024/boundary/bnd_dong_11_2024_2Q.shp,boundary,2024 Q2,2024-06-30,population_direct_65_plus,subway/data/raw/2024/population_direct_65_plus/201_DT_201004_O020003_2024Q2_20261006.csv,376.0,e48f83ca75f7f92a5a83e39834440c0f3149ace1113c3533102797e4d0338d76,DT_201004_O020003,https://stat.eseoul.go.kr/statHtml/statHtml.do?orgId=201&tblId=DT_201004_O020003&conn_path=I2,001022013,001022,002 계 (14210.MT0047 명),006 65세이상고령자 (14999671.ga028 명),명,official source code parents + exact complete Q2 boundary parent/name-set bijection; SGIS codes not equated to statistics codes,seoul_2024,IN_CURRENT_STUDY_AREA,STRICTLY_INSIDE_CONFIGURED_BOUNDARY_UNION,current configured validated boundary union; no replacement coordinates or correction,2,1.1043622308117063,18110,3764,0.20784097183876313,0.562638920520984,0.1452571193233692,1683.5838724135995
"station:[""4"",""노원""]",4,노원,411,subway/data/raw/2024/station/서울교통공사_1_8호선 역사 좌표(위경도) 정보_20260917.csv,98,노원,411,37.656274,127.063183,exact_matched,False,ELIGIBLE,,EPSG:4326,ANALYTICAL_ASSUMPTION,analysis assumption supported by official national station-data standard; not source-specific CRS explicitly verified. Batch2R-C official 2024 공공데이터 제공 표준 section42 도시철도역사정보 items10 역위도/11 역경도 explicitly specifies WGS84; longitude=x latitude=y geographic degrees. https://www.data.go.kr/bbs/rcr/selectRecsroom.do?originId=PDS_0000000001227&atchFileId=FILE_000000003049184 standard SHA256=d3d464f6a9dd9f6dfd3ff61fec966c95ccce8aec085c234ba3af9e665d3c67cd,False,SNAPSHOT_STABILITY_ASSUMPTION,"Official same-source snapshots labelled2023-10-31,2024-10-31,2025-08-14 corroborate identical coordinates for existing276source rows; practical pre-existing-station spatial stability assumption approved by human; not continuous-observation proof, not verified unchanged throughout2024. Historical2023/2024 file SHA256=9da58a78b07852906b9b9c75c539770d8a50a16c0cb5b8c21b23383327f85ce6; residual temporal uncertainty retained; see Batch2R-C temporal audit.",,adopted exact_matched; coordinate source=subway/data/raw/2024/station/서울교통공사_1_8호선 역사 좌표(위경도) 정보_20260917.csv row=98.0; ,,11110660,노원구,상계2동,20240630,961470.2268333565,1961953.7316516235,MAPPED,11110660,UNIQUE_STRICT_WITHIN,longitude=x latitude=y; EPSG:4326 analytical assumption -> EPSG:5179; strict contains; non-within touches checked; no repair/fallback,218.0,subway/data/raw/2024/boundary/bnd_dong_11_2024_2Q.shp,boundary,2024 Q2,2024-06-30,population_direct_65_plus,subway/data/raw/2024/population_direct_65_plus/201_DT_201004_O020003_2024Q2_20261006.csv,182.0,e48f83ca75f7f92a5a83e39834440c0f3149ace1113c3533102797e4d0338d76,DT_201004_O020003,https://stat.eseoul.go.kr/statHtml/statHtml.do?orgId=201&tblId=DT_201004_O020003&conn_path=I2,001011016,001011,002 계 (14210.MT0047 명),006 65세이상고령자 (14999671.ga028 명),명,official source code parents + exact complete Q2 boundary parent/name-set bijection; SGIS codes not equated to statistics codes,seoul_2024,IN_CURRENT_STUDY_AREA,STRICTLY_INSIDE_CONFIGURED_BOUNDARY_UNION,current configured validated boundary union; no replacement coordinates or correction,1,0.5215123859191656,19175,3852,0.20088657105606259,0.39835744614859364,-0.19020157693824008,127.52435575233052
"station:[""4"",""당고개""]",4,당고개,409,subway/data/raw/2024/station/서울교통공사_1_8호선 역사 좌표(위경도) 정보_20260917.csv,96,당고개,409,37.66956,127.078404,exact_matched,False,ELIGIBLE,,EPSG:4326,ANALYTICAL_ASSUMPTION,analysis assumption supported by official national station-data standard; not source-specific CRS explicitly verified. Batch2R-C official 2024 공공데이터 제공 표준 section42 도시철도역사정보 items10 역위도/11 역경도 explicitly specifies WGS84; longitude=x latitude=y geographic degrees. https://www.data.go.kr/bbs/rcr/selectRecsroom.do?originId=PDS_0000000001227&atchFileId=FILE_000000003049184 standard SHA256=d3d464f6a9dd9f6dfd3ff61fec966c95ccce8aec085c234ba3af9e665d3c67cd,False,SNAPSHOT_STABILITY_ASSUMPTION,"Official same-source snapshots labelled2023-10-31,2024-10-31,2025-08-14 corroborate identical coordinates for existing276source rows; practical pre-existing-station spatial stability assumption approved by human; not continuous-observation proof, not verified unchanged throughout2024. Historical2023/2024 file SHA256=9da58a78b07852906b9b9c75c539770d8a50a16c0cb5b8c21b23383327f85ce6; residual temporal uncertainty retained; see Batch2R-C temporal audit.",,adopted exact_matched; coordinate source=subway/data/raw/2024/station/서울교통공사_1_8호선 역사 좌표(위경도) 정보_20260917.csv row=96.0; ,,11110760,노원구,상계3·4동,20240630,962819.4403164793,1963421.622176757,MAPPED,11110760,UNIQUE_STRICT_WITHIN,longitude=x latitude=y; EPSG:4326 analytical assumption -> EPSG:5179; strict contains; non-within touches checked; no repair/fallback,227.0,subway/data/raw/2024/boundary/bnd_dong_11_2024_2Q.shp,boundary,2024 Q2,2024-06-30,population_direct_65_plus,subway/data/raw/2024/population_direct_65_plus/201_DT_201004_O020003_2024Q2_20261006.csv,183.0,e48f83ca75f7f92a5a83e39834440c0f3149ace1113c3533102797e4d0338d76,DT_201004_O020003,https://stat.eseoul.go.kr/statHtml/statHtml.do?orgId=201&tblId=DT_201004_O020003&conn_path=I2,001011027,001011,002 계 (14210.MT0047 명),006 65세이상고령자 (14999671.ga028 명),명,official source code parents + exact complete Q2 boundary parent/name-set bijection; SGIS codes not equated to statistics codes,seoul_2024,IN_CURRENT_STUDY_AREA,STRICTLY_INSIDE_CONFIGURED_BOUNDARY_UNION,current configured validated boundary union; no replacement coordinates or correction,1,0.3643783704999271,27444,6736,0.2454452703687509,1.4509526370115904,-0.2806399160967721,685.0164603056637
"station:[""4"",""동대문""]",4,동대문,421,subway/data/raw/2024/station/서울교통공사_1_8호선 역사 좌표(위경도) 정보_20260917.csv,108,동대문,421,37.5708397,127.009403,exact_matched,False,ELIGIBLE,,EPSG:4326,ANALYTICAL_ASSUMPTION,analysis assumption supported by official national station-data standard; not source-specific CRS explicitly verified. Batch2R-C official 2024 공공데이터 제공 표준 section42 도시철도역사정보 items10 역위도/11 역경도 explicitly specifies WGS84; longitude=x latitude=y geographic degrees. https://www.data.go.kr/bbs/rcr/selectRecsroom.do?originId=PDS_0000000001227&atchFileId=FILE_000000003049184 standard SHA256=d3d464f6a9dd9f6dfd3ff61fec966c95ccce8aec085c234ba3af9e665d3c67cd,False,SNAPSHOT_STABILITY_ASSUMPTION,"Official same-source snapshots labelled2023-10-31,2024-10-31,2025-08-14 corroborate identical coordinates for existing276source rows; practical pre-existing-station spatial stability assumption approved by human; not continuous-observation proof, not verified unchanged throughout2024. Historical2023/2024 file SHA256=9da58a78b07852906b9b9c75c539770d8a50a16c0cb5b8c21b23383327f85ce6; residual temporal uncertainty retained; see Batch2R-C temporal audit.",,adopted exact_matched; coordinate source=subway/data/raw/2024/station/서울교통공사_1_8호선 역사 좌표(위경도) 정보_20260917.csv row=108.0; ,,11010630,종로구,종로5·6가동,20240630,956676.9570668061,1952498.6075216336,MAPPED,11010630,UNIQUE_STRICT_WITHIN,longitude=x latitude=y; EPSG:4326 analytical assumption -> EPSG:5179; strict contains; non-within touches checked; no repair/fallback,20.0,subway/data/raw/2024/boundary/bnd_dong_11_2024_2Q.shp,boundary,2024 Q2,2024-06-30,population_direct_65_plus,subway/data/raw/2024/population_direct_65_plus/201_DT_201004_O020003_2024Q2_20261006.csv,12.0,e48f83ca75f7f92a5a83e39834440c0f3149ace1113c3533102797e4d0338d76,DT_201004_O020003,https://stat.eseoul.go.kr/statHtml/statHtml.do?orgId=201&tblId=DT_201004_O020003&conn_path=I2,001001011,001001,002 계 (14210.MT0047 명),006 65세이상고령자 (14999671.ga028 명),명,official source code parents + exact complete Q2 boundary parent/name-set bijection; SGIS codes not equated to statistics codes,seoul_2024,IN_CURRENT_STUDY_AREA,STRICTLY_INSIDE_CONFIGURED_BOUNDARY_UNION,current configured validated boundary union; no replacement coordinates or correction,3,5.192107995846314,5778,1101,0.1905503634475597,0.15418868475538242,2.497955463508815,130.6640548017983
"station:[""4"",""동대문역사문화공원(DDP)""]",4,동대문역사문화공원(DDP),422,subway/data/raw/2024/station/서울교통공사_1_8호선 역사 좌표(위경도) 정보_20260917.csv,109,동대문역사문화공원,422,37.565083,127.007645,alias_matched,False,ELIGIBLE,,EPSG:4326,ANALYTICAL_ASSUMPTION,analysis assumption supported by official national station-data standard; not source-specific CRS explicitly verified. Batch2R-C official 2024 공공데이터 제공 표준 section42 도시철도역사정보 items10 역위도/11 역경도 explicitly specifies WGS84; longitude=x latitude=y geographic degrees. https://www.data.go.kr/bbs/rcr/selectRecsroom.do?originId=PDS_0000000001227&atchFileId=FILE_000000003049184 standard SHA256=d3d464f6a9dd9f6dfd3ff61fec966c95ccce8aec085c234ba3af9e665d3c67cd,False,SNAPSHOT_STABILITY_ASSUMPTION,"Official same-source snapshots labelled2023-10-31,2024-10-31,2025-08-14 corroborate identical coordinates for existing276source rows; practical pre-existing-station spatial stability assumption approved by human; not continuous-observation proof, not verified unchanged throughout2024. Historical2023/2024 file SHA256=9da58a78b07852906b9b9c75c539770d8a50a16c0cb5b8c21b23383327f85ce6; residual temporal uncertainty retained; see Batch2R-C temporal audit.",,adopted alias_matched; coordinate source=subway/data/raw/2024/station/서울교통공사_1_8호선 역사 좌표(위경도) 정보_20260917.csv row=109.0; P-S2-2RA scoped source alias; provider family=서울교통공사; station_file=subway/data/raw/2024/station/서울교통공사_1_8호선 역사 좌표(위경도) 정보_20260917.csv; total_file=subway/data/raw/2024/total_ridership/서울교통공사_역별 일별 시간대별 승하차인원 정보_20260831.csv; station_row=109; normalized_line=4; external_code=422; station_raw=동대문역사문화공원; canonical_2024_total=동대문역사문화공원(DDP); relation=B adjunct/display source difference; source code+line unique on both sides; explicit reviewed display variant; not an official rename claim; OA-22477 row=36 previous=동대문역사문화공원 changed=동대문역사문화공원(DDP) revision=2019-12-26 note=병기역명; https://data.seoul.go.kr/dataList/OA-22477/F/1/datasetView.do; candidate identities station=1 total=1; no code-line contradiction or competing candidate; raw names preserved,,11020590,중구,광희동,20240630,956518.366449547,1951860.7425275268,MAPPED,11020590,UNIQUE_STRICT_WITHIN,longitude=x latitude=y; EPSG:4326 analytical assumption -> EPSG:5179; strict contains; non-within touches checked; no repair/fallback,44.0,subway/data/raw/2024/boundary/bnd_dong_11_2024_2Q.shp,boundary,2024 Q2,2024-06-30,population_direct_65_plus,subway/data/raw/2024/population_direct_65_plus/201_DT_201004_O020003_2024Q2_20261006.csv,26.0,e48f83ca75f7f92a5a83e39834440c0f3149ace1113c3533102797e4d0338d76,DT_201004_O020003,https://stat.eseoul.go.kr/statHtml/statHtml.do?orgId=201&tblId=DT_201004_O020003&conn_path=I2,001002006,001002,002 계 (14210.MT0047 명),006 65세이상고령자 (14999671.ga028 명),명,official source code parents + exact complete Q2 boundary parent/name-set bijection; SGIS codes not equated to statistics codes,seoul_2024,IN_CURRENT_STUDY_AREA,STRICTLY_INSIDE_CONFIGURED_BOUNDARY_UNION,current configured validated boundary union; no replacement coordinates or correction,0,0.0,7070,1213,0.17157001414427156,-0.29417773315421575,-0.4903575546703421,482.1803439948035
"station:[""4"",""동작(현충원)""]",4,동작(현충원),431,subway/data/raw/2024/station/서울교통공사_1_8호선 역사 좌표(위경도) 정보_20260917.csv,118,동작,431,37.503567,126.980171,alias_matched,False,ELIGIBLE,,EPSG:4326,ANALYTICAL_ASSUMPTION,analysis assumption supported by official national station-data standard; not source-specific CRS explicitly verified. Batch2R-C official 2024 공공데이터 제공 표준 section42 도시철도역사정보 items10 역위도/11 역경도 explicitly specifies WGS84; longitude=x latitude=y geographic degrees. https://www.data.go.kr/bbs/rcr/selectRecsroom.do?originId=PDS_0000000001227&atchFileId=FILE_000000003049184 standard SHA256=d3d464f6a9dd9f6dfd3ff61fec966c95ccce8aec085c234ba3af9e665d3c67cd,False,SNAPSHOT_STABILITY_ASSUMPTION,"Official same-source snapshots labelled2023-10-31,2024-10-31,2025-08-14 corroborate identical coordinates for existing276source rows; practical pre-existing-station spatial stability assumption approved by human; not continuous-observation proof, not verified unchanged throughout2024. Historical2023/2024 file SHA256=9da58a78b07852906b9b9c75c539770d8a50a16c0cb5b8c21b23383327f85ce6; residual temporal uncertainty retained; see Batch2R-C temporal audit.",,adopted alias_matched; coordinate source=subway/data/raw/2024/station/서울교통공사_1_8호선 역사 좌표(위경도) 정보_20260917.csv row=118.0; P-S2-2RA scoped source alias; provider family=서울교통공사; station_file=subway/data/raw/2024/station/서울교통공사_1_8호선 역사 좌표(위경도) 정보_20260917.csv; total_file=subway/data/raw/2024/total_ridership/서울교통공사_역별 일별 시간대별 승하차인원 정보_20260831.csv; station_row=118; normalized_line=4; external_code=431; station_raw=동작; canonical_2024_total=동작(현충원); relation=B adjunct/display source difference; source code+line unique on both sides; explicit reviewed display variant; not an official rename claim; OA-22477 row=40 previous=동작 changed=동작(현충원) revision=2009-07-24 note=병기역명; https://data.seoul.go.kr/dataList/OA-22477/F/1/datasetView.do; candidate identities station=1 total=1; no code-line contradiction or competing candidate; raw names preserved,,11200730,동작구,사당2동,20240630,954054.297266833,1945048.9486030915,MAPPED,11200730,UNIQUE_STRICT_WITHIN,longitude=x latitude=y; EPSG:4326 analytical assumption -> EPSG:5179; strict contains; non-within touches checked; no repair/fallback,214.0,subway/data/raw/2024/boundary/bnd_dong_11_2024_2Q.shp,boundary,2024 Q2,2024-06-30,population_direct_65_plus,subway/data/raw/2024/population_direct_65_plus/201_DT_201004_O020003_2024Q2_20261006.csv,334.0,e48f83ca75f7f92a5a83e39834440c0f3149ace1113c3533102797e4d0338d76,DT_201004_O020003,https://stat.eseoul.go.kr/statHtml/statHtml.do?orgId=201&tblId=DT_201004_O020003&conn_path=I2,001020014,001020,002 계 (14210.MT0047 명),006 65세이상고령자 (14999671.ga028 명),명,official source code parents + exact complete Q2 boundary parent/name-set bijection; SGIS codes not equated to statistics codes,seoul_2024,IN_CURRENT_STUDY_AREA,STRICTLY_INSIDE_CONFIGURED_BOUNDARY_UNION,current configured validated boundary union; no replacement coordinates or correction,2,0.7035812284528248,28426,6169,0.21701962991627383,0.77946327805362,-0.08541202079198743,865.2764496822517
"station:[""4"",""명동""]",4,명동,424,subway/data/raw/2024/station/서울교통공사_1_8호선 역사 좌표(위경도) 정보_20260917.csv,111,명동,424,37.561055,126.988271,exact_matched,False,ELIGIBLE,,EPSG:4326,ANALYTICAL_ASSUMPTION,analysis assumption supported by official national station-data standard; not source-specific CRS explicitly verified. Batch2R-C official 2024 공공데이터 제공 표준 section42 도시철도역사정보 items10 역위도/11 역경도 explicitly specifies WGS84; longitude=x latitude=y geographic degrees. https://www.data.go.kr/bbs/rcr/selectRecsroom.do?originId=PDS_0000000001227&atchFileId=FILE_000000003049184 standard SHA256=d3d464f6a9dd9f6dfd3ff61fec966c95ccce8aec085c234ba3af9e665d3c67cd,False,SNAPSHOT_STABILITY_ASSUMPTION,"Official same-source snapshots labelled2023-10-31,2024-10-31,2025-08-14 corroborate identical coordinates for existing276source rows; practical pre-existing-station spatial stability assumption approved by human; not continuous-observation proof, not verified unchanged throughout2024. Historical2023/2024 file SHA256=9da58a78b07852906b9b9c75c539770d8a50a16c0cb5b8c21b23383327f85ce6; residual temporal uncertainty retained; see Batch2R-C temporal audit.",,adopted exact_matched; coordinate source=subway/data/raw/2024/station/서울교통공사_1_8호선 역사 좌표(위경도) 정보_20260917.csv row=111.0; ,,11020570,중구,필동,20240630,954804.9342448618,1951422.996610264,MAPPED,11020570,UNIQUE_STRICT_WITHIN,longitude=x latitude=y; EPSG:4326 analytical assumption -> EPSG:5179; strict contains; non-within touches checked; no repair/fallback,42.0,subway/data/raw/2024/boundary/bnd_dong_11_2024_2Q.shp,boundary,2024 Q2,2024-06-30,population_direct_65_plus,subway/data/raw/2024/population_direct_65_plus/201_DT_201004_O020003_2024Q2_20261006.csv,24.0,e48f83ca75f7f92a5a83e39834440c0f3149ace1113c3533102797e4d0338d76,DT_201004_O020003,https://stat.eseoul.go.kr/statHtml/statHtml.do?orgId=201&tblId=DT_201004_O020003&conn_path=I2,001002004,001002,002 계 (14210.MT0047 명),006 65세이상고령자 (14999671.ga028 명),명,official source code parents + exact complete Q2 boundary parent/name-set bijection; SGIS codes not equated to statistics codes,seoul_2024,IN_CURRENT_STUDY_AREA,STRICTLY_INSIDE_CONFIGURED_BOUNDARY_UNION,current configured validated boundary union; no replacement coordinates or correction,3,5.716463414634146,5248,914,0.17416158536585366,-0.23295791644741426,2.799747746213645,260.56254032712894
"station:[""4"",""미아(서울사이버대학)""]",4,미아(서울사이버대학),415,subway/data/raw/2024/station/서울교통공사_1_8호선 역사 좌표(위경도) 정보_20260917.csv,102,미아,415,37.626435,127.026151,alias_matched,False,ELIGIBLE,,EPSG:4326,ANALYTICAL_ASSUMPTION,analysis assumption supported by official national station-data standard; not source-specific CRS explicitly verified. Batch2R-C official 2024 공공데이터 제공 표준 section42 도시철도역사정보 items10 역위도/11 역경도 explicitly specifies WGS84; longitude=x latitude=y geographic degrees. https://www.data.go.kr/bbs/rcr/selectRecsroom.do?originId=PDS_0000000001227&atchFileId=FILE_000000003049184 standard SHA256=d3d464f6a9dd9f6dfd3ff61fec966c95ccce8aec085c234ba3af9e665d3c67cd,False,SNAPSHOT_STABILITY_ASSUMPTION,"Official same-source snapshots labelled2023-10-31,2024-10-31,2025-08-14 corroborate identical coordinates for existing276source rows; practical pre-existing-station spatial stability assumption approved by human; not continuous-observation proof, not verified unchanged throughout2024. Historical2023/2024 file SHA256=9da58a78b07852906b9b9c75c539770d8a50a16c0cb5b8c21b23383327f85ce6; residual temporal uncertainty retained; see Batch2R-C temporal audit.",,adopted alias_matched; coordinate source=subway/data/raw/2024/station/서울교통공사_1_8호선 역사 좌표(위경도) 정보_20260917.csv row=102.0; P-S2-2RA scoped source alias; provider family=서울교통공사; station_file=subway/data/raw/2024/station/서울교통공사_1_8호선 역사 좌표(위경도) 정보_20260917.csv; total_file=subway/data/raw/2024/total_ridership/서울교통공사_역별 일별 시간대별 승하차인원 정보_20260831.csv; station_row=102; normalized_line=4; external_code=415; station_raw=미아; canonical_2024_total=미아(서울사이버대학); relation=B adjunct/display source difference; source code+line unique on both sides; explicit reviewed display variant; not an official rename claim; OA-22477 row=32 previous=미아 changed=미아(서울사이버대학) revision=2009-12-01 note=병기역명; https://data.seoul.go.kr/dataList/OA-22477/F/1/datasetView.do; candidate identities station=1 total=1; no code-line contradiction or competing candidate; raw names preserved,,11090700,강북구,미아동,20240630,958187.0519153128,1958659.0647389938,MAPPED,11090700,UNIQUE_STRICT_WITHIN,longitude=x latitude=y; EPSG:4326 analytical assumption -> EPSG:5179; strict contains; non-within touches checked; no repair/fallback,14.0,subway/data/raw/2024/boundary/bnd_dong_11_2024_2Q.shp,boundary,2024 Q2,2024-06-30,population_direct_65_plus,subway/data/raw/2024/population_direct_65_plus/201_DT_201004_O020003_2024Q2_20261006.csv,142.0,e48f83ca75f7f92a5a83e39834440c0f3149ace1113c3533102797e4d0338d76,DT_201004_O020003,https://stat.eseoul.go.kr/statHtml/statHtml.do?orgId=201&tblId=DT_201004_O020003&conn_path=I2,001009019,001009,002 계 (14210.MT0047 명),006 65세이상고령자 (14999671.ga028 명),명,official source code parents + exact complete Q2 boundary parent/name-set bijection; SGIS codes not equated to statistics codes,seoul_2024,IN_CURRENT_STUDY_AREA,STRICTLY_INSIDE_CONFIGURED_BOUNDARY_UNION,current configured validated boundary union; no replacement coordinates or correction,1,0.4663526558783752,21443,4994,0.23289651634566058,1.1545176346490709,-0.2219487092190034,210.0403410672792
"station:[""4"",""미아사거리""]",4,미아사거리,416,subway/data/raw/2024/station/서울교통공사_1_8호선 역사 좌표(위경도) 정보_20260917.csv,103,미아사거리,416,37.613276,127.030083,exact_matched,False,ELIGIBLE,,EPSG:4326,ANALYTICAL_ASSUMPTION,analysis assumption supported by official national station-data standard; not source-specific CRS explicitly verified. Batch2R-C official 2024 공공데이터 제공 표준 section42 도시철도역사정보 items10 역위도/11 역경도 explicitly specifies WGS84; longitude=x latitude=y geographic degrees. https://www.data.go.kr/bbs/rcr/selectRecsroom.do?originId=PDS_0000000001227&atchFileId=FILE_000000003049184 standard SHA256=d3d464f6a9dd9f6dfd3ff61fec966c95ccce8aec085c234ba3af9e665d3c67cd,False,SNAPSHOT_STABILITY_ASSUMPTION,"Official same-source snapshots labelled2023-10-31,2024-10-31,2025-08-14 corroborate identical coordinates for existing276source rows; practical pre-existing-station spatial stability assumption approved by human; not continuous-observation proof, not verified unchanged throughout2024. Historical2023/2024 file SHA256=9da58a78b07852906b9b9c75c539770d8a50a16c0cb5b8c21b23383327f85ce6; residual temporal uncertainty retained; see Batch2R-C temporal audit.",,adopted exact_matched; coordinate source=subway/data/raw/2024/station/서울교통공사_1_8호선 역사 좌표(위경도) 정보_20260917.csv row=103.0; ,,11090710,강북구,송중동,20240630,958526.7086386887,1957197.3835389363,MAPPED,11090710,UNIQUE_STRICT_WITHIN,longitude=x latitude=y; EPSG:4326 analytical assumption -> EPSG:5179; strict contains; non-within touches checked; no repair/fallback,15.0,subway/data/raw/2024/boundary/bnd_dong_11_2024_2Q.shp,boundary,2024 Q2,2024-06-30,population_direct_65_plus,subway/data/raw/2024/population_direct_65_plus/201_DT_201004_O020003_2024Q2_20261006.csv,143.0,e48f83ca75f7f92a5a83e39834440c0f3149ace1113c3533102797e4d0338d76,DT_201004_O020003,https://stat.eseoul.go.kr/statHtml/statHtml.do?orgId=201&tblId=DT_201004_O020003&conn_path=I2,001009020,001009,002 계 (14210.MT0047 명),006 65세이상고령자 (14999671.ga028 명),명,official source code parents + exact complete Q2 boundary parent/name-set bijection; SGIS codes not equated to statistics codes,seoul_2024,IN_CURRENT_STUDY_AREA,STRICTLY_INSIDE_CONFIGURED_BOUNDARY_UNION,current configured validated boundary union; no replacement coordinates or correction,1,0.34460181260553435,29019,6564,0.2261966297942727,0.996248464496019,-0.29202229594285123,73.86753144193234
"station:[""4"",""사당""]",4,사당,433,subway/data/raw/2024/station/서울교통공사_1_8호선 역사 좌표(위경도) 정보_20260917.csv,120,사당,433,37.476563,126.981746,exact_matched,False,ELIGIBLE,,EPSG:4326,ANALYTICAL_ASSUMPTION,analysis assumption supported by official national station-data standard; not source-specific CRS explicitly verified. Batch2R-C official 2024 공공데이터 제공 표준 section42 도시철도역사정보 items10 역위도/11 역경도 explicitly specifies WGS84; longitude=x latitude=y geographic degrees. https://www.data.go.kr/bbs/rcr/selectRecsroom.do?originId=PDS_0000000001227&atchFileId=FILE_000000003049184 standard SHA256=d3d464f6a9dd9f6dfd3ff61fec966c95ccce8aec085c234ba3af9e665d3c67cd,False,SNAPSHOT_STABILITY_ASSUMPTION,"Official same-source snapshots labelled2023-10-31,2024-10-31,2025-08-14 corroborate identical coordinates for existing276source rows; practical pre-existing-station spatial stability assumption approved by human; not continuous-observation proof, not verified unchanged throughout2024. Historical2023/2024 file SHA256=9da58a78b07852906b9b9c75c539770d8a50a16c0cb5b8c21b23383327f85ce6; residual temporal uncertainty retained; see Batch2R-C temporal audit.",,adopted exact_matched; coordinate source=subway/data/raw/2024/station/서울교통공사_1_8호선 역사 좌표(위경도) 정보_20260917.csv row=120.0; ,,11220630,서초구,방배2동,20240630,954177.0130555783,1942052.2586756696,MAPPED,11220630,UNIQUE_STRICT_WITHIN,longitude=x latitude=y; EPSG:4326 analytical assumption -> EPSG:5179; strict contains; non-within touches checked; no repair/fallback,250.0,subway/data/raw/2024/boundary/bnd_dong_11_2024_2Q.shp,boundary,2024 Q2,2024-06-30,population_direct_65_plus,subway/data/raw/2024/population_direct_65_plus/201_DT_201004_O020003_2024Q2_20261006.csv,376.0,e48f83ca75f7f92a5a83e39834440c0f3149ace1113c3533102797e4d0338d76,DT_201004_O020003,https://stat.eseoul.go.kr/statHtml/statHtml.do?orgId=201&tblId=DT_201004_O020003&conn_path=I2,001022013,001022,002 계 (14210.MT0047 명),006 65세이상고령자 (14999671.ga028 명),명,official source code parents + exact complete Q2 boundary parent/name-set bijection; SGIS codes not equated to statistics codes,seoul_2024,IN_CURRENT_STUDY_AREA,STRICTLY_INSIDE_CONFIGURED_BOUNDARY_UNION,current configured validated boundary union; no replacement coordinates or correction,2,1.1043622308117063,18110,3764,0.20784097183876313,0.562638920520984,0.1452571193233692,212.99938717864768
"station:[""4"",""삼각지""]",4,삼각지,428,subway/data/raw/2024/station/서울교통공사_1_8호선 역사 좌표(위경도) 정보_20260917.csv,115,삼각지,428,37.535057,126.973354,exact_matched,False,ELIGIBLE,,EPSG:4326,ANALYTICAL_ASSUMPTION,analysis assumption supported by official national station-data standard; not source-specific CRS explicitly verified. Batch2R-C official 2024 공공데이터 제공 표준 section42 도시철도역사정보 items10 역위도/11 역경도 explicitly specifies WGS84; longitude=x latitude=y geographic degrees. https://www.data.go.kr/bbs/rcr/selectRecsroom.do?originId=PDS_0000000001227&atchFileId=FILE_000000003049184 standard SHA256=d3d464f6a9dd9f6dfd3ff61fec966c95ccce8aec085c234ba3af9e665d3c67cd,False,SNAPSHOT_STABILITY_ASSUMPTION,"Official same-source snapshots labelled2023-10-31,2024-10-31,2025-08-14 corroborate identical coordinates for existing276source rows; practical pre-existing-station spatial stability assumption approved by human; not continuous-observation proof, not verified unchanged throughout2024. Historical2023/2024 file SHA256=9da58a78b07852906b9b9c75c539770d8a50a16c0cb5b8c21b23383327f85ce6; residual temporal uncertainty retained; see Batch2R-C temporal audit.",,adopted exact_matched; coordinate source=subway/data/raw/2024/station/서울교통공사_1_8호선 역사 좌표(위경도) 정보_20260917.csv row=115.0; ,,11030730,용산구,한강로동,20240630,953471.3221960545,1948545.932393764,MAPPED,11030730,UNIQUE_STRICT_WITHIN,longitude=x latitude=y; EPSG:4326 analytical assumption -> EPSG:5179; strict contains; non-within touches checked; no repair/fallback,400.0,subway/data/raw/2024/boundary/bnd_dong_11_2024_2Q.shp,boundary,2024 Q2,2024-06-30,population_direct_65_plus,subway/data/raw/2024/population_direct_65_plus/201_DT_201004_O020003_2024Q2_20261006.csv,45.0,e48f83ca75f7f92a5a83e39834440c0f3149ace1113c3533102797e4d0338d76,DT_201004_O020003,https://stat.eseoul.go.kr/statHtml/statHtml.do?orgId=201&tblId=DT_201004_O020003&conn_path=I2,001003022,001003,002 계 (14210.MT0047 명),006 65세이상고령자 (14999671.ga028 명),명,official source code parents + exact complete Q2 boundary parent/name-set bijection; SGIS codes not equated to statistics codes,seoul_2024,IN_CURRENT_STUDY_AREA,STRICTLY_INSIDE_CONFIGURED_BOUNDARY_UNION,current configured validated boundary union; no replacement coordinates or correction,2,0.8844469995135542,22613,3395,0.15013487816742582,-0.800532752325465,0.018685108666062284,909.6568031014459
"station:[""4"",""상계""]",4,상계,410,subway/data/raw/2024/station/서울교통공사_1_8호선 역사 좌표(위경도) 정보_20260917.csv,97,상계,410,37.660576,127.073199,exact_matched,False,ELIGIBLE,,EPSG:4326,ANALYTICAL_ASSUMPTION,analysis assumption supported by official national station-data standard; not source-specific CRS explicitly verified. Batch2R-C official 2024 공공데이터 제공 표준 section42 도시철도역사정보 items10 역위도/11 역경도 explicitly specifies WGS84; longitude=x latitude=y geographic degrees. https://www.data.go.kr/bbs/rcr/selectRecsroom.do?originId=PDS_0000000001227&atchFileId=FILE_000000003049184 standard SHA256=d3d464f6a9dd9f6dfd3ff61fec966c95ccce8aec085c234ba3af9e665d3c67cd,False,SNAPSHOT_STABILITY_ASSUMPTION,"Official same-source snapshots labelled2023-10-31,2024-10-31,2025-08-14 corroborate identical coordinates for existing276source rows; practical pre-existing-station spatial stability assumption approved by human; not continuous-observation proof, not verified unchanged throughout2024. Historical2023/2024 file SHA256=9da58a78b07852906b9b9c75c539770d8a50a16c0cb5b8c21b23383327f85ce6; residual temporal uncertainty retained; see Batch2R-C temporal audit.",,adopted exact_matched; coordinate source=subway/data/raw/2024/station/서울교통공사_1_8호선 역사 좌표(위경도) 정보_20260917.csv row=97.0; ,,11110690,노원구,상계5동,20240630,962355.8721200876,1962426.9553531383,MAPPED,11110690,UNIQUE_STRICT_WITHIN,longitude=x latitude=y; EPSG:4326 analytical assumption -> EPSG:5179; strict contains; non-within touches checked; no repair/fallback,220.0,subway/data/raw/2024/boundary/bnd_dong_11_2024_2Q.shp,boundary,2024 Q2,2024-06-30,population_direct_65_plus,subway/data/raw/2024/population_direct_65_plus/201_DT_201004_O020003_2024Q2_20261006.csv,184.0,e48f83ca75f7f92a5a83e39834440c0f3149ace1113c3533102797e4d0338d76,DT_201004_O020003,https://stat.eseoul.go.kr/statHtml/statHtml.do?orgId=201&tblId=DT_201004_O020003&conn_path=I2,001011019,001011,002 계 (14210.MT0047 명),006 65세이상고령자 (14999671.ga028 명),명,official source code parents + exact complete Q2 boundary parent/name-set bijection; SGIS codes not equated to statistics codes,seoul_2024,IN_CURRENT_STUDY_AREA,STRICTLY_INSIDE_CONFIGURED_BOUNDARY_UNION,current configured validated boundary union; no replacement coordinates or correction,0,0.0,22937,5593,0.24384182761477088,1.413075047277213,-0.4903575546703421,47.41679925928389
"station:[""4"",""서울역""]",4,서울역,426,subway/data/raw/2024/station/서울교통공사_1_8호선 역사 좌표(위경도) 정보_20260917.csv,113,서울,426,37.553172,126.972836,alias_matched,False,ELIGIBLE,,EPSG:4326,ANALYTICAL_ASSUMPTION,analysis assumption supported by official national station-data standard; not source-specific CRS explicitly verified. Batch2R-C official 2024 공공데이터 제공 표준 section42 도시철도역사정보 items10 역위도/11 역경도 explicitly specifies WGS84; longitude=x latitude=y geographic degrees. https://www.data.go.kr/bbs/rcr/selectRecsroom.do?originId=PDS_0000000001227&atchFileId=FILE_000000003049184 standard SHA256=d3d464f6a9dd9f6dfd3ff61fec966c95ccce8aec085c234ba3af9e665d3c67cd,False,SNAPSHOT_STABILITY_ASSUMPTION,"Official same-source snapshots labelled2023-10-31,2024-10-31,2025-08-14 corroborate identical coordinates for existing276source rows; practical pre-existing-station spatial stability assumption approved by human; not continuous-observation proof, not verified unchanged throughout2024. Historical2023/2024 file SHA256=9da58a78b07852906b9b9c75c539770d8a50a16c0cb5b8c21b23383327f85ce6; residual temporal uncertainty retained; see Batch2R-C temporal audit.",,adopted alias_matched; coordinate source=subway/data/raw/2024/station/서울교통공사_1_8호선 역사 좌표(위경도) 정보_20260917.csv row=113.0; P-S2-2RA scoped source alias; provider family=서울교통공사; station_file=subway/data/raw/2024/station/서울교통공사_1_8호선 역사 좌표(위경도) 정보_20260917.csv; total_file=subway/data/raw/2024/total_ridership/서울교통공사_역별 일별 시간대별 승하차인원 정보_20260831.csv; station_row=113; normalized_line=4; external_code=426; station_raw=서울; canonical_2024_total=서울역; relation=D station suffix source difference; source code+line unique on both sides; explicit reviewed display variant; not an official rename claim; candidate identities station=1 total=1; no code-line contradiction or competing candidate; raw names preserved,,11030530,용산구,남영동,20240630,953436.8254647969,1950555.951935967,MAPPED,11030530,UNIQUE_STRICT_WITHIN,longitude=x latitude=y; EPSG:4326 analytical assumption -> EPSG:5179; strict contains; non-within touches checked; no repair/fallback,49.0,subway/data/raw/2024/boundary/bnd_dong_11_2024_2Q.shp,boundary,2024 Q2,2024-06-30,population_direct_65_plus,subway/data/raw/2024/population_direct_65_plus/201_DT_201004_O020003_2024Q2_20261006.csv,39.0,e48f83ca75f7f92a5a83e39834440c0f3149ace1113c3533102797e4d0338d76,DT_201004_O020003,https://stat.eseoul.go.kr/statHtml/statHtml.do?orgId=201&tblId=DT_201004_O020003&conn_path=I2,001003003,001003,002 계 (14210.MT0047 명),006 65세이상고령자 (14999671.ga028 명),명,official source code parents + exact complete Q2 boundary parent/name-set bijection; SGIS codes not equated to statistics codes,seoul_2024,IN_CURRENT_STUDY_AREA,STRICTLY_INSIDE_CONFIGURED_BOUNDARY_UNION,current configured validated boundary union; no replacement coordinates or correction,1,1.3635124079629124,7334,1609,0.2193891464412326,0.835437571229,0.29441076725671755,749.3811838771844
"station:[""4"",""성신여대입구(돈암)""]",4,성신여대입구(돈암),418,subway/data/raw/2024/station/서울교통공사_1_8호선 역사 좌표(위경도) 정보_20260917.csv,105,성신여대입구,418,37.592782,127.017338,alias_matched,False,ELIGIBLE,,EPSG:4326,ANALYTICAL_ASSUMPTION,analysis assumption supported by official national station-data standard; not source-specific CRS explicitly verified. Batch2R-C official 2024 공공데이터 제공 표준 section42 도시철도역사정보 items10 역위도/11 역경도 explicitly specifies WGS84; longitude=x latitude=y geographic degrees. https://www.data.go.kr/bbs/rcr/selectRecsroom.do?originId=PDS_0000000001227&atchFileId=FILE_000000003049184 standard SHA256=d3d464f6a9dd9f6dfd3ff61fec966c95ccce8aec085c234ba3af9e665d3c67cd,False,SNAPSHOT_STABILITY_ASSUMPTION,"Official same-source snapshots labelled2023-10-31,2024-10-31,2025-08-14 corroborate identical coordinates for existing276source rows; practical pre-existing-station spatial stability assumption approved by human; not continuous-observation proof, not verified unchanged throughout2024. Historical2023/2024 file SHA256=9da58a78b07852906b9b9c75c539770d8a50a16c0cb5b8c21b23383327f85ce6; residual temporal uncertainty retained; see Batch2R-C temporal audit.",,adopted alias_matched; coordinate source=subway/data/raw/2024/station/서울교통공사_1_8호선 역사 좌표(위경도) 정보_20260917.csv row=105.0; P-S2-2RA scoped source alias; provider family=서울교통공사; station_file=subway/data/raw/2024/station/서울교통공사_1_8호선 역사 좌표(위경도) 정보_20260917.csv; total_file=subway/data/raw/2024/total_ridership/서울교통공사_역별 일별 시간대별 승하차인원 정보_20260831.csv; station_row=105; normalized_line=4; external_code=418; station_raw=성신여대입구; canonical_2024_total=성신여대입구(돈암); relation=B adjunct/display source difference; source code+line unique on both sides; explicit reviewed display variant; not an official rename claim; candidate identities station=1 total=1; no code-line contradiction or competing candidate; raw names preserved,,11080830,성북구,동선동,20240630,957390.1833673565,1954929.3715028989,MAPPED,11080830,UNIQUE_STRICT_WITHIN,longitude=x latitude=y; EPSG:4326 analytical assumption -> EPSG:5179; strict contains; non-within touches checked; no repair/fallback,410.0,subway/data/raw/2024/boundary/bnd_dong_11_2024_2Q.shp,boundary,2024 Q2,2024-06-30,population_direct_65_plus,subway/data/raw/2024/population_direct_65_plus/201_DT_201004_O020003_2024Q2_20261006.csv,122.0,e48f83ca75f7f92a5a83e39834440c0f3149ace1113c3533102797e4d0338d76,DT_201004_O020003,https://stat.eseoul.go.kr/statHtml/statHtml.do?orgId=201&tblId=DT_201004_O020003&conn_path=I2,001008033,001008,002 계 (14210.MT0047 명),006 65세이상고령자 (14999671.ga028 명),명,official source code parents + exact complete Q2 boundary parent/name-set bijection; SGIS codes not equated to statistics codes,seoul_2024,IN_CURRENT_STUDY_AREA,STRICTLY_INSIDE_CONFIGURED_BOUNDARY_UNION,current configured validated boundary union; no replacement coordinates or correction,3,1.8799348289259306,15958,2285,0.14318836946985838,-0.9646277946209517,0.5916372203039132,118.50289356214348
"station:[""4"",""수유(강북구청)""]",4,수유(강북구청),414,subway/data/raw/2024/station/서울교통공사_1_8호선 역사 좌표(위경도) 정보_20260917.csv,101,수유,414,37.637127,127.024731,alias_matched,False,ELIGIBLE,,EPSG:4326,ANALYTICAL_ASSUMPTION,analysis assumption supported by official national station-data standard; not source-specific CRS explicitly verified. Batch2R-C official 2024 공공데이터 제공 표준 section42 도시철도역사정보 items10 역위도/11 역경도 explicitly specifies WGS84; longitude=x latitude=y geographic degrees. https://www.data.go.kr/bbs/rcr/selectRecsroom.do?originId=PDS_0000000001227&atchFileId=FILE_000000003049184 standard SHA256=d3d464f6a9dd9f6dfd3ff61fec966c95ccce8aec085c234ba3af9e665d3c67cd,False,SNAPSHOT_STABILITY_ASSUMPTION,"Official same-source snapshots labelled2023-10-31,2024-10-31,2025-08-14 corroborate identical coordinates for existing276source rows; practical pre-existing-station spatial stability assumption approved by human; not continuous-observation proof, not verified unchanged throughout2024. Historical2023/2024 file SHA256=9da58a78b07852906b9b9c75c539770d8a50a16c0cb5b8c21b23383327f85ce6; residual temporal uncertainty retained; see Batch2R-C temporal audit.",,adopted alias_matched; coordinate source=subway/data/raw/2024/station/서울교통공사_1_8호선 역사 좌표(위경도) 정보_20260917.csv row=101.0; P-S2-2RA scoped source alias; provider family=서울교통공사; station_file=subway/data/raw/2024/station/서울교통공사_1_8호선 역사 좌표(위경도) 정보_20260917.csv; total_file=subway/data/raw/2024/total_ridership/서울교통공사_역별 일별 시간대별 승하차인원 정보_20260831.csv; station_row=101; normalized_line=4; external_code=414; station_raw=수유; canonical_2024_total=수유(강북구청); relation=B adjunct/display source difference; source code+line unique on both sides; explicit reviewed display variant; not an official rename claim; OA-22477 row=31 previous=수유 changed=수유(강북구청) revision=2013-12-26 note=병기역명; https://data.seoul.go.kr/dataList/OA-22477/F/1/datasetView.do; candidate identities station=1 total=1; no code-line contradiction or competing candidate; raw names preserved,,11090600,강북구,번1동,20240630,958067.7570327152,1959845.934125859,MAPPED,11090600,UNIQUE_STRICT_WITHIN,longitude=x latitude=y; EPSG:4326 analytical assumption -> EPSG:5179; strict contains; non-within touches checked; no repair/fallback,177.0,subway/data/raw/2024/boundary/bnd_dong_11_2024_2Q.shp,boundary,2024 Q2,2024-06-30,population_direct_65_plus,subway/data/raw/2024/population_direct_65_plus/201_DT_201004_O020003_2024Q2_20261006.csv,146.0,e48f83ca75f7f92a5a83e39834440c0f3149ace1113c3533102797e4d0338d76,DT_201004_O020003,https://stat.eseoul.go.kr/statHtml/statHtml.do?orgId=201&tblId=DT_201004_O020003&conn_path=I2,001009009,001009,002 계 (14210.MT0047 명),006 65세이상고령자 (14999671.ga028 명),명,official source code parents + exact complete Q2 boundary parent/name-set bijection; SGIS codes not equated to statistics codes,seoul_2024,IN_CURRENT_STUDY_AREA,STRICTLY_INSIDE_CONFIGURED_BOUNDARY_UNION,current configured validated boundary union; no replacement coordinates or correction,3,1.7538731365097924,17105,3620,0.2116340251388483,0.6522409449054741,0.519082528290147,85.55759134751573
"station:[""4"",""숙대입구(갈월)""]",4,숙대입구(갈월),427,subway/data/raw/2024/station/서울교통공사_1_8호선 역사 좌표(위경도) 정보_20260917.csv,114,숙대입구,427,37.545124,126.971952,alias_matched,False,ELIGIBLE,,EPSG:4326,ANALYTICAL_ASSUMPTION,analysis assumption supported by official national station-data standard; not source-specific CRS explicitly verified. Batch2R-C official 2024 공공데이터 제공 표준 section42 도시철도역사정보 items10 역위도/11 역경도 explicitly specifies WGS84; longitude=x latitude=y geographic degrees. https://www.data.go.kr/bbs/rcr/selectRecsroom.do?originId=PDS_0000000001227&atchFileId=FILE_000000003049184 standard SHA256=d3d464f6a9dd9f6dfd3ff61fec966c95ccce8aec085c234ba3af9e665d3c67cd,False,SNAPSHOT_STABILITY_ASSUMPTION,"Official same-source snapshots labelled2023-10-31,2024-10-31,2025-08-14 corroborate identical coordinates for existing276source rows; practical pre-existing-station spatial stability assumption approved by human; not continuous-observation proof, not verified unchanged throughout2024. Historical2023/2024 file SHA256=9da58a78b07852906b9b9c75c539770d8a50a16c0cb5b8c21b23383327f85ce6; residual temporal uncertainty retained; see Batch2R-C temporal audit.",,adopted alias_matched; coordinate source=subway/data/raw/2024/station/서울교통공사_1_8호선 역사 좌표(위경도) 정보_20260917.csv row=114.0; P-S2-2RA scoped source alias; provider family=서울교통공사; station_file=subway/data/raw/2024/station/서울교통공사_1_8호선 역사 좌표(위경도) 정보_20260917.csv; total_file=subway/data/raw/2024/total_ridership/서울교통공사_역별 일별 시간대별 승하차인원 정보_20260831.csv; station_row=114; normalized_line=4; external_code=427; station_raw=숙대입구; canonical_2024_total=숙대입구(갈월); relation=B adjunct/display source difference; source code+line unique on both sides; explicit reviewed display variant; not an official rename claim; candidate identities station=1 total=1; no code-line contradiction or competing candidate; raw names preserved,,11030530,용산구,남영동,20240630,953353.7279967375,1949663.5065046223,MAPPED,11030530,UNIQUE_STRICT_WITHIN,longitude=x latitude=y; EPSG:4326 analytical assumption -> EPSG:5179; strict contains; non-within touches checked; no repair/fallback,49.0,subway/data/raw/2024/boundary/bnd_dong_11_2024_2Q.shp,boundary,2024 Q2,2024-06-30,population_direct_65_plus,subway/data/raw/2024/population_direct_65_plus/201_DT_201004_O020003_2024Q2_20261006.csv,39.0,e48f83ca75f7f92a5a83e39834440c0f3149ace1113c3533102797e4d0338d76,DT_201004_O020003,https://stat.eseoul.go.kr/statHtml/statHtml.do?orgId=201&tblId=DT_201004_O020003&conn_path=I2,001003003,001003,002 계 (14210.MT0047 명),006 65세이상고령자 (14999671.ga028 명),명,official source code parents + exact complete Q2 boundary parent/name-set bijection; SGIS codes not equated to statistics codes,seoul_2024,IN_CURRENT_STUDY_AREA,STRICTLY_INSIDE_CONFIGURED_BOUNDARY_UNION,current configured validated boundary union; no replacement coordinates or correction,1,1.3635124079629124,7334,1609,0.2193891464412326,0.835437571229,0.29441076725671755,45.037337897107825
"station:[""4"",""신용산""]",4,신용산,429,subway/data/raw/2024/station/서울교통공사_1_8호선 역사 좌표(위경도) 정보_20260917.csv,116,신용산,429,37.52919,126.96858,exact_matched,False,ELIGIBLE,,EPSG:4326,ANALYTICAL_ASSUMPTION,analysis assumption supported by official national station-data standard; not source-specific CRS explicitly verified. Batch2R-C official 2024 공공데이터 제공 표준 section42 도시철도역사정보 items10 역위도/11 역경도 explicitly specifies WGS84; longitude=x latitude=y geographic degrees. https://www.data.go.kr/bbs/rcr/selectRecsroom.do?originId=PDS_0000000001227&atchFileId=FILE_000000003049184 standard SHA256=d3d464f6a9dd9f6dfd3ff61fec966c95ccce8aec085c234ba3af9e665d3c67cd,False,SNAPSHOT_STABILITY_ASSUMPTION,"Official same-source snapshots labelled2023-10-31,2024-10-31,2025-08-14 corroborate identical coordinates for existing276source rows; practical pre-existing-station spatial stability assumption approved by human; not continuous-observation proof, not verified unchanged throughout2024. Historical2023/2024 file SHA256=9da58a78b07852906b9b9c75c539770d8a50a16c0cb5b8c21b23383327f85ce6; residual temporal uncertainty retained; see Batch2R-C temporal audit.",,adopted exact_matched; coordinate source=subway/data/raw/2024/station/서울교통공사_1_8호선 역사 좌표(위경도) 정보_20260917.csv row=116.0; ,,11030730,용산구,한강로동,20240630,953045.8626425508,1947897.3938318784,MAPPED,11030730,UNIQUE_STRICT_WITHIN,longitude=x latitude=y; EPSG:4326 analytical assumption -> EPSG:5179; strict contains; non-within touches checked; no repair/fallback,400.0,subway/data/raw/2024/boundary/bnd_dong_11_2024_2Q.shp,boundary,2024 Q2,2024-06-30,population_direct_65_plus,subway/data/raw/2024/population_direct_65_plus/201_DT_201004_O020003_2024Q2_20261006.csv,45.0,e48f83ca75f7f92a5a83e39834440c0f3149ace1113c3533102797e4d0338d76,DT_201004_O020003,https://stat.eseoul.go.kr/statHtml/statHtml.do?orgId=201&tblId=DT_201004_O020003&conn_path=I2,001003022,001003,002 계 (14210.MT0047 명),006 65세이상고령자 (14999671.ga028 명),명,official source code parents + exact complete Q2 boundary parent/name-set bijection; SGIS codes not equated to statistics codes,seoul_2024,IN_CURRENT_STUDY_AREA,STRICTLY_INSIDE_CONFIGURED_BOUNDARY_UNION,current configured validated boundary union; no replacement coordinates or correction,2,0.8844469995135542,22613,3395,0.15013487816742582,-0.800532752325465,0.018685108666062284,176.52163247248768
"station:[""4"",""쌍문""]",4,쌍문,413,subway/data/raw/2024/station/서울교통공사_1_8호선 역사 좌표(위경도) 정보_20260917.csv,100,쌍문,413,37.648274,127.034381,exact_matched,False,ELIGIBLE,,EPSG:4326,ANALYTICAL_ASSUMPTION,analysis assumption supported by official national station-data standard; not source-specific CRS explicitly verified. Batch2R-C official 2024 공공데이터 제공 표준 section42 도시철도역사정보 items10 역위도/11 역경도 explicitly specifies WGS84; longitude=x latitude=y geographic degrees. https://www.data.go.kr/bbs/rcr/selectRecsroom.do?originId=PDS_0000000001227&atchFileId=FILE_000000003049184 standard SHA256=d3d464f6a9dd9f6dfd3ff61fec966c95ccce8aec085c234ba3af9e665d3c67cd,False,SNAPSHOT_STABILITY_ASSUMPTION,"Official same-source snapshots labelled2023-10-31,2024-10-31,2025-08-14 corroborate identical coordinates for existing276source rows; practical pre-existing-station spatial stability assumption approved by human; not continuous-observation proof, not verified unchanged throughout2024. Historical2023/2024 file SHA256=9da58a78b07852906b9b9c75c539770d8a50a16c0cb5b8c21b23383327f85ce6; residual temporal uncertainty retained; see Batch2R-C temporal audit.",,adopted exact_matched; coordinate source=subway/data/raw/2024/station/서울교통공사_1_8호선 역사 좌표(위경도) 정보_20260917.csv row=100.0; ,,11100530,도봉구,쌍문3동,20240630,958925.3045599085,1961078.3831490665,MAPPED,11100530,UNIQUE_STRICT_WITHIN,longitude=x latitude=y; EPSG:4326 analytical assumption -> EPSG:5179; strict contains; non-within touches checked; no repair/fallback,180.0,subway/data/raw/2024/boundary/bnd_dong_11_2024_2Q.shp,boundary,2024 Q2,2024-06-30,population_direct_65_plus,subway/data/raw/2024/population_direct_65_plus/201_DT_201004_O020003_2024Q2_20261006.csv,164.0,e48f83ca75f7f92a5a83e39834440c0f3149ace1113c3533102797e4d0338d76,DT_201004_O020003,https://stat.eseoul.go.kr/statHtml/statHtml.do?orgId=201&tblId=DT_201004_O020003&conn_path=I2,001010003,001010,002 계 (14210.MT0047 명),006 65세이상고령자 (14999671.ga028 명),명,official source code parents + exact complete Q2 boundary parent/name-set bijection; SGIS codes not equated to statistics codes,seoul_2024,IN_CURRENT_STUDY_AREA,STRICTLY_INSIDE_CONFIGURED_BOUNDARY_UNION,current configured validated boundary union; no replacement coordinates or correction,1,0.6031363088057901,16580,3788,0.2284680337756333,1.0499050780005879,-0.14322300261889123,22.135509672184487
"station:[""4"",""이촌(국립중앙박물관)""]",4,이촌(국립중앙박물관),430,subway/data/raw/2024/station/서울교통공사_1_8호선 역사 좌표(위경도) 정보_20260917.csv,117,이촌,430,37.522525,126.97335,alias_matched,False,ELIGIBLE,,EPSG:4326,ANALYTICAL_ASSUMPTION,analysis assumption supported by official national station-data standard; not source-specific CRS explicitly verified. Batch2R-C official 2024 공공데이터 제공 표준 section42 도시철도역사정보 items10 역위도/11 역경도 explicitly specifies WGS84; longitude=x latitude=y geographic degrees. https://www.data.go.kr/bbs/rcr/selectRecsroom.do?originId=PDS_0000000001227&atchFileId=FILE_000000003049184 standard SHA256=d3d464f6a9dd9f6dfd3ff61fec966c95ccce8aec085c234ba3af9e665d3c67cd,False,SNAPSHOT_STABILITY_ASSUMPTION,"Official same-source snapshots labelled2023-10-31,2024-10-31,2025-08-14 corroborate identical coordinates for existing276source rows; practical pre-existing-station spatial stability assumption approved by human; not continuous-observation proof, not verified unchanged throughout2024. Historical2023/2024 file SHA256=9da58a78b07852906b9b9c75c539770d8a50a16c0cb5b8c21b23383327f85ce6; residual temporal uncertainty retained; see Batch2R-C temporal audit.",,adopted alias_matched; coordinate source=subway/data/raw/2024/station/서울교통공사_1_8호선 역사 좌표(위경도) 정보_20260917.csv row=117.0; P-S2-2RA scoped source alias; provider family=서울교통공사; station_file=subway/data/raw/2024/station/서울교통공사_1_8호선 역사 좌표(위경도) 정보_20260917.csv; total_file=subway/data/raw/2024/total_ridership/서울교통공사_역별 일별 시간대별 승하차인원 정보_20260831.csv; station_row=117; normalized_line=4; external_code=430; station_raw=이촌; canonical_2024_total=이촌(국립중앙박물관); relation=B adjunct/display source difference; source code+line unique on both sides; explicit reviewed display variant; not an official rename claim; OA-22477 row=39 previous=이촌 changed=이촌(국립중앙박물관) revision=2007-08-01 note=병기역명; https://data.seoul.go.kr/dataList/OA-22477/F/1/datasetView.do; candidate identities station=1 total=1; no code-line contradiction or competing candidate; raw names preserved,,11030730,용산구,한강로동,20240630,953463.1836117994,1947155.5790898146,MAPPED,11030730,UNIQUE_STRICT_WITHIN,longitude=x latitude=y; EPSG:4326 analytical assumption -> EPSG:5179; strict contains; non-within touches checked; no repair/fallback,400.0,subway/data/raw/2024/boundary/bnd_dong_11_2024_2Q.shp,boundary,2024 Q2,2024-06-30,population_direct_65_plus,subway/data/raw/2024/population_direct_65_plus/201_DT_201004_O020003_2024Q2_20261006.csv,45.0,e48f83ca75f7f92a5a83e39834440c0f3149ace1113c3533102797e4d0338d76,DT_201004_O020003,https://stat.eseoul.go.kr/statHtml/statHtml.do?orgId=201&tblId=DT_201004_O020003&conn_path=I2,001003022,001003,002 계 (14210.MT0047 명),006 65세이상고령자 (14999671.ga028 명),명,official source code parents + exact complete Q2 boundary parent/name-set bijection; SGIS codes not equated to statistics codes,seoul_2024,IN_CURRENT_STUDY_AREA,STRICTLY_INSIDE_CONFIGURED_BOUNDARY_UNION,current configured validated boundary union; no replacement coordinates or correction,2,0.8844469995135542,22613,3395,0.15013487816742582,-0.800532752325465,0.018685108666062284,699.3148104965878
"station:[""4"",""창동""]",4,창동,412,subway/data/raw/2024/station/서울교통공사_1_8호선 역사 좌표(위경도) 정보_20260917.csv,99,창동,412,37.652993,127.046746,exact_matched,False,ELIGIBLE,,EPSG:4326,ANALYTICAL_ASSUMPTION,analysis assumption supported by official national station-data standard; not source-specific CRS explicitly verified. Batch2R-C official 2024 공공데이터 제공 표준 section42 도시철도역사정보 items10 역위도/11 역경도 explicitly specifies WGS84; longitude=x latitude=y geographic degrees. https://www.data.go.kr/bbs/rcr/selectRecsroom.do?originId=PDS_0000000001227&atchFileId=FILE_000000003049184 standard SHA256=d3d464f6a9dd9f6dfd3ff61fec966c95ccce8aec085c234ba3af9e665d3c67cd,False,SNAPSHOT_STABILITY_ASSUMPTION,"Official same-source snapshots labelled2023-10-31,2024-10-31,2025-08-14 corroborate identical coordinates for existing276source rows; practical pre-existing-station spatial stability assumption approved by human; not continuous-observation proof, not verified unchanged throughout2024. Historical2023/2024 file SHA256=9da58a78b07852906b9b9c75c539770d8a50a16c0cb5b8c21b23383327f85ce6; residual temporal uncertainty retained; see Batch2R-C temporal audit.",,adopted exact_matched; coordinate source=subway/data/raw/2024/station/서울교통공사_1_8호선 역사 좌표(위경도) 정보_20260917.csv row=99.0; ,,11100630,도봉구,창5동,20240630,960018.6220235055,1961596.596375672,MAPPED,11100630,UNIQUE_STRICT_WITHIN,longitude=x latitude=y; EPSG:4326 analytical assumption -> EPSG:5179; strict contains; non-within touches checked; no repair/fallback,187.0,subway/data/raw/2024/boundary/bnd_dong_11_2024_2Q.shp,boundary,2024 Q2,2024-06-30,population_direct_65_plus,subway/data/raw/2024/population_direct_65_plus/201_DT_201004_O020003_2024Q2_20261006.csv,159.0,e48f83ca75f7f92a5a83e39834440c0f3149ace1113c3533102797e4d0338d76,DT_201004_O020003,https://stat.eseoul.go.kr/statHtml/statHtml.do?orgId=201&tblId=DT_201004_O020003&conn_path=I2,001010013,001010,002 계 (14210.MT0047 명),006 65세이상고령자 (14999671.ga028 명),명,official source code parents + exact complete Q2 boundary parent/name-set bijection; SGIS codes not equated to statistics codes,seoul_2024,IN_CURRENT_STUDY_AREA,STRICTLY_INSIDE_CONFIGURED_BOUNDARY_UNION,current configured validated boundary union; no replacement coordinates or correction,1,0.41736227045075125,23960,5028,0.20984974958263772,0.610091602608428,-0.2501450808384115,63.522020291371255
"station:[""4"",""총신대입구(이수)""]",4,총신대입구(이수),432,subway/data/raw/2024/station/서울교통공사_1_8호선 역사 좌표(위경도) 정보_20260917.csv,119,총신대입구,432,37.487521,126.982309,alias_matched,False,ELIGIBLE,,EPSG:4326,ANALYTICAL_ASSUMPTION,analysis assumption supported by official national station-data standard; not source-specific CRS explicitly verified. Batch2R-C official 2024 공공데이터 제공 표준 section42 도시철도역사정보 items10 역위도/11 역경도 explicitly specifies WGS84; longitude=x latitude=y geographic degrees. https://www.data.go.kr/bbs/rcr/selectRecsroom.do?originId=PDS_0000000001227&atchFileId=FILE_000000003049184 standard SHA256=d3d464f6a9dd9f6dfd3ff61fec966c95ccce8aec085c234ba3af9e665d3c67cd,False,SNAPSHOT_STABILITY_ASSUMPTION,"Official same-source snapshots labelled2023-10-31,2024-10-31,2025-08-14 corroborate identical coordinates for existing276source rows; practical pre-existing-station spatial stability assumption approved by human; not continuous-observation proof, not verified unchanged throughout2024. Historical2023/2024 file SHA256=9da58a78b07852906b9b9c75c539770d8a50a16c0cb5b8c21b23383327f85ce6; residual temporal uncertainty retained; see Batch2R-C temporal audit.",,adopted alias_matched; coordinate source=subway/data/raw/2024/station/서울교통공사_1_8호선 역사 좌표(위경도) 정보_20260917.csv row=119.0; P-S2-2RA scoped source alias; provider family=서울교통공사; station_file=subway/data/raw/2024/station/서울교통공사_1_8호선 역사 좌표(위경도) 정보_20260917.csv; total_file=subway/data/raw/2024/total_ridership/서울교통공사_역별 일별 시간대별 승하차인원 정보_20260831.csv; station_row=119; normalized_line=4; external_code=432; station_raw=총신대입구; canonical_2024_total=총신대입구(이수); relation=B adjunct/display source difference; source code+line unique on both sides; explicit reviewed display variant; not an official rename claim; candidate identities station=1 total=1; no code-line contradiction or competing candidate; raw names preserved,,11220650,서초구,방배4동,20240630,954233.4771542874,1943267.7036278495,MAPPED,11220650,UNIQUE_STRICT_WITHIN,longitude=x latitude=y; EPSG:4326 analytical assumption -> EPSG:5179; strict contains; non-within touches checked; no repair/fallback,87.0,subway/data/raw/2024/boundary/bnd_dong_11_2024_2Q.shp,boundary,2024 Q2,2024-06-30,population_direct_65_plus,subway/data/raw/2024/population_direct_65_plus/201_DT_201004_O020003_2024Q2_20261006.csv,378.0,e48f83ca75f7f92a5a83e39834440c0f3149ace1113c3533102797e4d0338d76,DT_201004_O020003,https://stat.eseoul.go.kr/statHtml/statHtml.do?orgId=201&tblId=DT_201004_O020003&conn_path=I2,001022015,001022,002 계 (14210.MT0047 명),006 65세이상고령자 (14999671.ga028 명),명,official source code parents + exact complete Q2 boundary parent/name-set bijection; SGIS codes not equated to statistics codes,seoul_2024,IN_CURRENT_STUDY_AREA,STRICTLY_INSIDE_CONFIGURED_BOUNDARY_UNION,current configured validated boundary union; no replacement coordinates or correction,0,0.0,22960,3824,0.16655052264808362,-0.41275149520208215,-0.4903575546703421,54.07316943468494
"station:[""4"",""충무로""]",4,충무로,423,subway/data/raw/2024/station/서울교통공사_1_8호선 역사 좌표(위경도) 정보_20260917.csv,110,충무로,423,37.561302,126.995473,exact_matched,False,ELIGIBLE,,EPSG:4326,ANALYTICAL_ASSUMPTION,analysis assumption supported by official national station-data standard; not source-specific CRS explicitly verified. Batch2R-C official 2024 공공데이터 제공 표준 section42 도시철도역사정보 items10 역위도/11 역경도 explicitly specifies WGS84; longitude=x latitude=y geographic degrees. https://www.data.go.kr/bbs/rcr/selectRecsroom.do?originId=PDS_0000000001227&atchFileId=FILE_000000003049184 standard SHA256=d3d464f6a9dd9f6dfd3ff61fec966c95ccce8aec085c234ba3af9e665d3c67cd,False,SNAPSHOT_STABILITY_ASSUMPTION,"Official same-source snapshots labelled2023-10-31,2024-10-31,2025-08-14 corroborate identical coordinates for existing276source rows; practical pre-existing-station spatial stability assumption approved by human; not continuous-observation proof, not verified unchanged throughout2024. Historical2023/2024 file SHA256=9da58a78b07852906b9b9c75c539770d8a50a16c0cb5b8c21b23383327f85ce6; residual temporal uncertainty retained; see Batch2R-C temporal audit.",,adopted exact_matched; coordinate source=subway/data/raw/2024/station/서울교통공사_1_8호선 역사 좌표(위경도) 정보_20260917.csv row=110.0; ,,11020570,중구,필동,20240630,955441.1544698554,1951446.961110533,MAPPED,11020570,UNIQUE_STRICT_WITHIN,longitude=x latitude=y; EPSG:4326 analytical assumption -> EPSG:5179; strict contains; non-within touches checked; no repair/fallback,42.0,subway/data/raw/2024/boundary/bnd_dong_11_2024_2Q.shp,boundary,2024 Q2,2024-06-30,population_direct_65_plus,subway/data/raw/2024/population_direct_65_plus/201_DT_201004_O020003_2024Q2_20261006.csv,24.0,e48f83ca75f7f92a5a83e39834440c0f3149ace1113c3533102797e4d0338d76,DT_201004_O020003,https://stat.eseoul.go.kr/statHtml/statHtml.do?orgId=201&tblId=DT_201004_O020003&conn_path=I2,001002004,001002,002 계 (14210.MT0047 명),006 65세이상고령자 (14999671.ga028 명),명,official source code parents + exact complete Q2 boundary parent/name-set bijection; SGIS codes not equated to statistics codes,seoul_2024,IN_CURRENT_STUDY_AREA,STRICTLY_INSIDE_CONFIGURED_BOUNDARY_UNION,current configured validated boundary union; no replacement coordinates or correction,3,5.716463414634146,5248,914,0.17416158536585366,-0.23295791644741426,2.799747746213645,29.976209901265808
"station:[""4"",""한성대입구(삼선교)""]",4,한성대입구(삼선교),419,subway/data/raw/2024/station/서울교통공사_1_8호선 역사 좌표(위경도) 정보_20260917.csv,106,한성대입구,419,37.58838,127.006751,alias_matched,False,ELIGIBLE,,EPSG:4326,ANALYTICAL_ASSUMPTION,analysis assumption supported by official national station-data standard; not source-specific CRS explicitly verified. Batch2R-C official 2024 공공데이터 제공 표준 section42 도시철도역사정보 items10 역위도/11 역경도 explicitly specifies WGS84; longitude=x latitude=y geographic degrees. https://www.data.go.kr/bbs/rcr/selectRecsroom.do?originId=PDS_0000000001227&atchFileId=FILE_000000003049184 standard SHA256=d3d464f6a9dd9f6dfd3ff61fec966c95ccce8aec085c234ba3af9e665d3c67cd,False,SNAPSHOT_STABILITY_ASSUMPTION,"Official same-source snapshots labelled2023-10-31,2024-10-31,2025-08-14 corroborate identical coordinates for existing276source rows; practical pre-existing-station spatial stability assumption approved by human; not continuous-observation proof, not verified unchanged throughout2024. Historical2023/2024 file SHA256=9da58a78b07852906b9b9c75c539770d8a50a16c0cb5b8c21b23383327f85ce6; residual temporal uncertainty retained; see Batch2R-C temporal audit.",,adopted alias_matched; coordinate source=subway/data/raw/2024/station/서울교통공사_1_8호선 역사 좌표(위경도) 정보_20260917.csv row=106.0; P-S2-2RA scoped source alias; provider family=서울교통공사; station_file=subway/data/raw/2024/station/서울교통공사_1_8호선 역사 좌표(위경도) 정보_20260917.csv; total_file=subway/data/raw/2024/total_ridership/서울교통공사_역별 일별 시간대별 승하차인원 정보_20260831.csv; station_row=106; normalized_line=4; external_code=419; station_raw=한성대입구; canonical_2024_total=한성대입구(삼선교); relation=B adjunct/display source difference; source code+line unique on both sides; explicit reviewed display variant; not an official rename claim; candidate identities station=1 total=1; no code-line contradiction or competing candidate; raw names preserved,,11080820,성북구,삼선동,20240630,956452.9831936973,1954445.8457369767,MAPPED,11080820,UNIQUE_STRICT_WITHIN,longitude=x latitude=y; EPSG:4326 analytical assumption -> EPSG:5179; strict contains; non-within touches checked; no repair/fallback,409.0,subway/data/raw/2024/boundary/bnd_dong_11_2024_2Q.shp,boundary,2024 Q2,2024-06-30,population_direct_65_plus,subway/data/raw/2024/population_direct_65_plus/201_DT_201004_O020003_2024Q2_20261006.csv,121.0,e48f83ca75f7f92a5a83e39834440c0f3149ace1113c3533102797e4d0338d76,DT_201004_O020003,https://stat.eseoul.go.kr/statHtml/statHtml.do?orgId=201&tblId=DT_201004_O020003&conn_path=I2,001008032,001008,002 계 (14210.MT0047 명),006 65세이상고령자 (14999671.ga028 명),명,official source code parents + exact complete Q2 boundary parent/name-set bijection; SGIS codes not equated to statistics codes,seoul_2024,IN_CURRENT_STUDY_AREA,STRICTLY_INSIDE_CONFIGURED_BOUNDARY_UNION,current configured validated boundary union; no replacement coordinates or correction,2,0.8835483300936562,22636,4234,0.187047181480827,0.07143419353865126,0.01816788030165438,129.34604249032668
"station:[""4"",""혜화""]",4,혜화,420,subway/data/raw/2024/station/서울교통공사_1_8호선 역사 좌표(위경도) 정보_20260917.csv,107,혜화,420,37.582116,127.001759,exact_matched,False,ELIGIBLE,,EPSG:4326,ANALYTICAL_ASSUMPTION,analysis assumption supported by official national station-data standard; not source-specific CRS explicitly verified. Batch2R-C official 2024 공공데이터 제공 표준 section42 도시철도역사정보 items10 역위도/11 역경도 explicitly specifies WGS84; longitude=x latitude=y geographic degrees. https://www.data.go.kr/bbs/rcr/selectRecsroom.do?originId=PDS_0000000001227&atchFileId=FILE_000000003049184 standard SHA256=d3d464f6a9dd9f6dfd3ff61fec966c95ccce8aec085c234ba3af9e665d3c67cd,False,SNAPSHOT_STABILITY_ASSUMPTION,"Official same-source snapshots labelled2023-10-31,2024-10-31,2025-08-14 corroborate identical coordinates for existing276source rows; practical pre-existing-station spatial stability assumption approved by human; not continuous-observation proof, not verified unchanged throughout2024. Historical2023/2024 file SHA256=9da58a78b07852906b9b9c75c539770d8a50a16c0cb5b8c21b23383327f85ce6; residual temporal uncertainty retained; see Batch2R-C temporal audit.",,adopted exact_matched; coordinate source=subway/data/raw/2024/station/서울교통공사_1_8호선 역사 좌표(위경도) 정보_20260917.csv row=107.0; ,,11010730,종로구,혜화동,20240630,956008.5700840069,1953753.2103106459,MAPPED,11010730,UNIQUE_STRICT_WITHIN,longitude=x latitude=y; EPSG:4326 analytical assumption -> EPSG:5179; strict contains; non-within touches checked; no repair/fallback,38.0,subway/data/raw/2024/boundary/bnd_dong_11_2024_2Q.shp,boundary,2024 Q2,2024-06-30,population_direct_65_plus,subway/data/raw/2024/population_direct_65_plus/201_DT_201004_O020003_2024Q2_20261006.csv,14.0,e48f83ca75f7f92a5a83e39834440c0f3149ace1113c3533102797e4d0338d76,DT_201004_O020003,https://stat.eseoul.go.kr/statHtml/statHtml.do?orgId=201&tblId=DT_201004_O020003&conn_path=I2,001001013,001001,002 계 (14210.MT0047 명),006 65세이상고령자 (14999671.ga028 명),명,official source code parents + exact complete Q2 boundary parent/name-set bijection; SGIS codes not equated to statistics codes,seoul_2024,IN_CURRENT_STUDY_AREA,STRICTLY_INSIDE_CONFIGURED_BOUNDARY_UNION,current configured validated boundary union; no replacement coordinates or correction,3,1.561767921286897,19209,2740,0.14264147014420323,-0.9775470137397851,0.40851654700278867,192.23923725216014
"station:[""4"",""회현(남대문시장)""]",4,회현(남대문시장),425,subway/data/raw/2024/station/서울교통공사_1_8호선 역사 좌표(위경도) 정보_20260917.csv,112,회현,425,37.559698,126.979565,alias_matched,False,ELIGIBLE,,EPSG:4326,ANALYTICAL_ASSUMPTION,analysis assumption supported by official national station-data standard; not source-specific CRS explicitly verified. Batch2R-C official 2024 공공데이터 제공 표준 section42 도시철도역사정보 items10 역위도/11 역경도 explicitly specifies WGS84; longitude=x latitude=y geographic degrees. https://www.data.go.kr/bbs/rcr/selectRecsroom.do?originId=PDS_0000000001227&atchFileId=FILE_000000003049184 standard SHA256=d3d464f6a9dd9f6dfd3ff61fec966c95ccce8aec085c234ba3af9e665d3c67cd,False,SNAPSHOT_STABILITY_ASSUMPTION,"Official same-source snapshots labelled2023-10-31,2024-10-31,2025-08-14 corroborate identical coordinates for existing276source rows; practical pre-existing-station spatial stability assumption approved by human; not continuous-observation proof, not verified unchanged throughout2024. Historical2023/2024 file SHA256=9da58a78b07852906b9b9c75c539770d8a50a16c0cb5b8c21b23383327f85ce6; residual temporal uncertainty retained; see Batch2R-C temporal audit.",,adopted alias_matched; coordinate source=subway/data/raw/2024/station/서울교통공사_1_8호선 역사 좌표(위경도) 정보_20260917.csv row=112.0; P-S2-2RA scoped source alias; provider family=서울교통공사; station_file=subway/data/raw/2024/station/서울교통공사_1_8호선 역사 좌표(위경도) 정보_20260917.csv; total_file=subway/data/raw/2024/total_ridership/서울교통공사_역별 일별 시간대별 승하차인원 정보_20260831.csv; station_row=112; normalized_line=4; external_code=425; station_raw=회현; canonical_2024_total=회현(남대문시장); relation=B adjunct/display source difference; source code+line unique on both sides; explicit reviewed display variant; not an official rename claim; OA-22477 row=37 previous=회현 changed=회현(남대문시장) revision=1991-12-01 note=병기역명; https://data.seoul.go.kr/dataList/OA-22477/F/1/datasetView.do; candidate identities station=1 total=1; no code-line contradiction or competing candidate; raw names preserved,,11020540,중구,회현동,20240630,954035.1955132866,1951276.6664075616,MAPPED,11020540,UNIQUE_STRICT_WITHIN,longitude=x latitude=y; EPSG:4326 analytical assumption -> EPSG:5179; strict contains; non-within touches checked; no repair/fallback,40.0,subway/data/raw/2024/boundary/bnd_dong_11_2024_2Q.shp,boundary,2024 Q2,2024-06-30,population_direct_65_plus,subway/data/raw/2024/population_direct_65_plus/201_DT_201004_O020003_2024Q2_20261006.csv,22.0,e48f83ca75f7f92a5a83e39834440c0f3149ace1113c3533102797e4d0338d76,DT_201004_O020003,https://stat.eseoul.go.kr/statHtml/statHtml.do?orgId=201&tblId=DT_201004_O020003&conn_path=I2,001002002,001002,002 계 (14210.MT0047 명),006 65세이상고령자 (14999671.ga028 명),명,official source code parents + exact complete Q2 boundary parent/name-set bijection; SGIS codes not equated to statistics codes,seoul_2024,IN_CURRENT_STUDY_AREA,STRICTLY_INSIDE_CONFIGURED_BOUNDARY_UNION,current configured validated boundary union; no replacement coordinates or correction,1,1.9952114924181965,5012,1381,0.2755387071029529,2.1618397874796678,0.6579845987640267,299.1765347103547
"station:[""5"",""강동""]",5,강동,2549,subway/data/raw/2024/station/서울교통공사_1_8호선 역사 좌표(위경도) 정보_20260917.csv,160,강동,2549,37.53581,127.13249,exact_matched,False,ELIGIBLE,,EPSG:4326,ANALYTICAL_ASSUMPTION,analysis assumption supported by official national station-data standard; not source-specific CRS explicitly verified. Batch2R-C official 2024 공공데이터 제공 표준 section42 도시철도역사정보 items10 역위도/11 역경도 explicitly specifies WGS84; longitude=x latitude=y geographic degrees. https://www.data.go.kr/bbs/rcr/selectRecsroom.do?originId=PDS_0000000001227&atchFileId=FILE_000000003049184 standard SHA256=d3d464f6a9dd9f6dfd3ff61fec966c95ccce8aec085c234ba3af9e665d3c67cd,False,SNAPSHOT_STABILITY_ASSUMPTION,"Official same-source snapshots labelled2023-10-31,2024-10-31,2025-08-14 corroborate identical coordinates for existing276source rows; practical pre-existing-station spatial stability assumption approved by human; not continuous-observation proof, not verified unchanged throughout2024. Historical2023/2024 file SHA256=9da58a78b07852906b9b9c75c539770d8a50a16c0cb5b8c21b23383327f85ce6; residual temporal uncertainty retained; see Batch2R-C temporal audit.",,adopted exact_matched; coordinate source=subway/data/raw/2024/station/서울교통공사_1_8호선 역사 좌표(위경도) 정보_20260917.csv row=160.0; ,,11250660,강동구,성내2동,20240630,967531.2253576679,1948562.6333189053,MAPPED,11250660,UNIQUE_STRICT_WITHIN,longitude=x latitude=y; EPSG:4326 analytical assumption -> EPSG:5179; strict contains; non-within touches checked; no repair/fallback,378.0,subway/data/raw/2024/boundary/bnd_dong_11_2024_2Q.shp,boundary,2024 Q2,2024-06-30,population_direct_65_plus,subway/data/raw/2024/population_direct_65_plus/201_DT_201004_O020003_2024Q2_20261006.csv,448.0,e48f83ca75f7f92a5a83e39834440c0f3149ace1113c3533102797e4d0338d76,DT_201004_O020003,https://stat.eseoul.go.kr/statHtml/statHtml.do?orgId=201&tblId=DT_201004_O020003&conn_path=I2,001025016,001025,002 계 (14210.MT0047 명),006 65세이상고령자 (14999671.ga028 명),명,official source code parents + exact complete Q2 boundary parent/name-set bijection; SGIS codes not equated to statistics codes,seoul_2024,IN_CURRENT_STUDY_AREA,STRICTLY_INSIDE_CONFIGURED_BOUNDARY_UNION,current configured validated boundary union; no replacement coordinates or correction,1,0.40748135772788396,24541,4917,0.20035858359480055,0.38588497565163443,-0.25583203113776165,400.6205829055103
"station:[""5"",""강일""]",5,강일,2562,subway/data/raw/2024/station/서울교통공사_1_8호선 역사 좌표(위경도) 정보_20260917.csv,173,강일,2562,37.557521,127.176018,exact_matched,False,ELIGIBLE,,EPSG:4326,ANALYTICAL_ASSUMPTION,analysis assumption supported by official national station-data standard; not source-specific CRS explicitly verified. Batch2R-C official 2024 공공데이터 제공 표준 section42 도시철도역사정보 items10 역위도/11 역경도 explicitly specifies WGS84; longitude=x latitude=y geographic degrees. https://www.data.go.kr/bbs/rcr/selectRecsroom.do?originId=PDS_0000000001227&atchFileId=FILE_000000003049184 standard SHA256=d3d464f6a9dd9f6dfd3ff61fec966c95ccce8aec085c234ba3af9e665d3c67cd,False,SNAPSHOT_STABILITY_ASSUMPTION,"Official same-source snapshots labelled2023-10-31,2024-10-31,2025-08-14 corroborate identical coordinates for existing276source rows; practical pre-existing-station spatial stability assumption approved by human; not continuous-observation proof, not verified unchanged throughout2024. Historical2023/2024 file SHA256=9da58a78b07852906b9b9c75c539770d8a50a16c0cb5b8c21b23383327f85ce6; residual temporal uncertainty retained; see Batch2R-C temporal audit.",,adopted exact_matched; coordinate source=subway/data/raw/2024/station/서울교통공사_1_8호선 역사 좌표(위경도) 정보_20260917.csv row=173.0; ,,11250750,강동구,강일동,20240630,971385.1489313104,1950957.199478635,MAPPED,11250750,UNIQUE_STRICT_WITHIN,longitude=x latitude=y; EPSG:4326 analytical assumption -> EPSG:5179; strict contains; non-within touches checked; no repair/fallback,319.0,subway/data/raw/2024/boundary/bnd_dong_11_2024_2Q.shp,boundary,2024 Q2,2024-06-30,population_direct_65_plus,subway/data/raw/2024/population_direct_65_plus/201_DT_201004_O020003_2024Q2_20261006.csv,434.0,e48f83ca75f7f92a5a83e39834440c0f3149ace1113c3533102797e4d0338d76,DT_201004_O020003,https://stat.eseoul.go.kr/statHtml/statHtml.do?orgId=201&tblId=DT_201004_O020003&conn_path=I2,001025001,001025,002 계 (14210.MT0047 명),006 65세이상고령자 (14999671.ga028 명),명,official source code parents + exact complete Q2 boundary parent/name-set bijection; SGIS codes not equated to statistics codes,seoul_2024,IN_CURRENT_STUDY_AREA,STRICTLY_INSIDE_CONFIGURED_BOUNDARY_UNION,current configured validated boundary union; no replacement coordinates or correction,1,0.28735632183908044,34800,6454,0.18545977011494252,0.0339353079018468,-0.3249698859055991,670.6198709405444
"station:[""5"",""개롱""]",5,개롱,2559,subway/data/raw/2024/station/서울교통공사_1_8호선 역사 좌표(위경도) 정보_20260917.csv,170,개롱,2559,37.498097,127.134817,exact_matched,False,ELIGIBLE,,EPSG:4326,ANALYTICAL_ASSUMPTION,analysis assumption supported by official national station-data standard; not source-specific CRS explicitly verified. Batch2R-C official 2024 공공데이터 제공 표준 section42 도시철도역사정보 items10 역위도/11 역경도 explicitly specifies WGS84; longitude=x latitude=y geographic degrees. https://www.data.go.kr/bbs/rcr/selectRecsroom.do?originId=PDS_0000000001227&atchFileId=FILE_000000003049184 standard SHA256=d3d464f6a9dd9f6dfd3ff61fec966c95ccce8aec085c234ba3af9e665d3c67cd,False,SNAPSHOT_STABILITY_ASSUMPTION,"Official same-source snapshots labelled2023-10-31,2024-10-31,2025-08-14 corroborate identical coordinates for existing276source rows; practical pre-existing-station spatial stability assumption approved by human; not continuous-observation proof, not verified unchanged throughout2024. Historical2023/2024 file SHA256=9da58a78b07852906b9b9c75c539770d8a50a16c0cb5b8c21b23383327f85ce6; residual temporal uncertainty retained; see Batch2R-C temporal audit.",,adopted exact_matched; coordinate source=subway/data/raw/2024/station/서울교통공사_1_8호선 역사 좌표(위경도) 정보_20260917.csv row=170.0; ,,11240600,송파구,오금동,20240630,967720.5713082982,1944377.8183655378,MAPPED,11240600,UNIQUE_STRICT_WITHIN,longitude=x latitude=y; EPSG:4326 analytical assumption -> EPSG:5179; strict contains; non-within touches checked; no repair/fallback,362.0,subway/data/raw/2024/boundary/bnd_dong_11_2024_2Q.shp,boundary,2024 Q2,2024-06-30,population_direct_65_plus,subway/data/raw/2024/population_direct_65_plus/201_DT_201004_O020003_2024Q2_20261006.csv,415.0,e48f83ca75f7f92a5a83e39834440c0f3149ace1113c3533102797e4d0338d76,DT_201004_O020003,https://stat.eseoul.go.kr/statHtml/statHtml.do?orgId=201&tblId=DT_201004_O020003&conn_path=I2,001024010,001024,002 계 (14210.MT0047 명),006 65세이상고령자 (14999671.ga028 명),명,official source code parents + exact complete Q2 boundary parent/name-set bijection; SGIS codes not equated to statistics codes,seoul_2024,IN_CURRENT_STUDY_AREA,STRICTLY_INSIDE_CONFIGURED_BOUNDARY_UNION,current configured validated boundary union; no replacement coordinates or correction,1,0.26121937202862966,38282,7540,0.19695940650958674,0.305587356825743,-0.34001298351384407,54.752128033188505
"station:[""5"",""개화산""]",5,개화산,2512,subway/data/raw/2024/station/서울교통공사_1_8호선 역사 좌표(위경도) 정보_20260917.csv,123,개화산,2512,37.572458,126.806838,exact_matched,False,ELIGIBLE,,EPSG:4326,ANALYTICAL_ASSUMPTION,analysis assumption supported by official national station-data standard; not source-specific CRS explicitly verified. Batch2R-C official 2024 공공데이터 제공 표준 section42 도시철도역사정보 items10 역위도/11 역경도 explicitly specifies WGS84; longitude=x latitude=y geographic degrees. https://www.data.go.kr/bbs/rcr/selectRecsroom.do?originId=PDS_0000000001227&atchFileId=FILE_000000003049184 standard SHA256=d3d464f6a9dd9f6dfd3ff61fec966c95ccce8aec085c234ba3af9e665d3c67cd,False,SNAPSHOT_STABILITY_ASSUMPTION,"Official same-source snapshots labelled2023-10-31,2024-10-31,2025-08-14 corroborate identical coordinates for existing276source rows; practical pre-existing-station spatial stability assumption approved by human; not continuous-observation proof, not verified unchanged throughout2024. Historical2023/2024 file SHA256=9da58a78b07852906b9b9c75c539770d8a50a16c0cb5b8c21b23383327f85ce6; residual temporal uncertainty retained; see Batch2R-C temporal audit.",,adopted exact_matched; coordinate source=subway/data/raw/2024/station/서울교통공사_1_8호선 역사 좌표(위경도) 정보_20260917.csv row=123.0; ,,11160710,강서구,방화2동,20240630,938790.224991624,1952790.8287688673,MAPPED,11160710,UNIQUE_STRICT_WITHIN,longitude=x latitude=y; EPSG:4326 analytical assumption -> EPSG:5179; strict contains; non-within touches checked; no repair/fallback,86.0,subway/data/raw/2024/boundary/bnd_dong_11_2024_2Q.shp,boundary,2024 Q2,2024-06-30,population_direct_65_plus,subway/data/raw/2024/population_direct_65_plus/201_DT_201004_O020003_2024Q2_20261006.csv,276.0,e48f83ca75f7f92a5a83e39834440c0f3149ace1113c3533102797e4d0338d76,DT_201004_O020003,https://stat.eseoul.go.kr/statHtml/statHtml.do?orgId=201&tblId=DT_201004_O020003&conn_path=I2,001016021,001016,002 계 (14210.MT0047 명),006 65세이상고령자 (14999671.ga028 명),명,official source code parents + exact complete Q2 boundary parent/name-set bijection; SGIS codes not equated to statistics codes,seoul_2024,IN_CURRENT_STUDY_AREA,STRICTLY_INSIDE_CONFIGURED_BOUNDARY_UNION,current configured validated boundary union; no replacement coordinates or correction,2,0.8732861758798358,22902,5412,0.23631123919308358,1.2351824857952969,0.012261506810144818,580.2010049747615
"station:[""5"",""거여""]",5,거여,2560,subway/data/raw/2024/station/서울교통공사_1_8호선 역사 좌표(위경도) 정보_20260917.csv,171,거여,2560,37.493208,127.143983,exact_matched,False,ELIGIBLE,,EPSG:4326,ANALYTICAL_ASSUMPTION,analysis assumption supported by official national station-data standard; not source-specific CRS explicitly verified. Batch2R-C official 2024 공공데이터 제공 표준 section42 도시철도역사정보 items10 역위도/11 역경도 explicitly specifies WGS84; longitude=x latitude=y geographic degrees. https://www.data.go.kr/bbs/rcr/selectRecsroom.do?originId=PDS_0000000001227&atchFileId=FILE_000000003049184 standard SHA256=d3d464f6a9dd9f6dfd3ff61fec966c95ccce8aec085c234ba3af9e665d3c67cd,False,SNAPSHOT_STABILITY_ASSUMPTION,"Official same-source snapshots labelled2023-10-31,2024-10-31,2025-08-14 corroborate identical coordinates for existing276source rows; practical pre-existing-station spatial stability assumption approved by human; not continuous-observation proof, not verified unchanged throughout2024. Historical2023/2024 file SHA256=9da58a78b07852906b9b9c75c539770d8a50a16c0cb5b8c21b23383327f85ce6; residual temporal uncertainty retained; see Batch2R-C temporal audit.",,adopted exact_matched; coordinate source=subway/data/raw/2024/station/서울교통공사_1_8호선 역사 좌표(위경도) 정보_20260917.csv row=171.0; ,,11240530,송파구,거여1동,20240630,968528.7279515759,1943832.3133632632,MAPPED,11240530,UNIQUE_STRICT_WITHIN,longitude=x latitude=y; EPSG:4326 analytical assumption -> EPSG:5179; strict contains; non-within touches checked; no repair/fallback,359.0,subway/data/raw/2024/boundary/bnd_dong_11_2024_2Q.shp,boundary,2024 Q2,2024-06-30,population_direct_65_plus,subway/data/raw/2024/population_direct_65_plus/201_DT_201004_O020003_2024Q2_20261006.csv,408.0,e48f83ca75f7f92a5a83e39834440c0f3149ace1113c3533102797e4d0338d76,DT_201004_O020003,https://stat.eseoul.go.kr/statHtml/statHtml.do?orgId=201&tblId=DT_201004_O020003&conn_path=I2,001024003,001024,002 계 (14210.MT0047 명),006 65세이상고령자 (14999671.ga028 명),명,official source code parents + exact complete Q2 boundary parent/name-set bijection; SGIS codes not equated to statistics codes,seoul_2024,IN_CURRENT_STUDY_AREA,STRICTLY_INSIDE_CONFIGURED_BOUNDARY_UNION,current configured validated boundary union; no replacement coordinates or correction,0,0.0,11936,2675,0.22411193029490617,0.9470023082734367,-0.4903575546703421,924.683125533303
"station:[""5"",""고덕""]",5,고덕,2553,subway/data/raw/2024/station/서울교통공사_1_8호선 역사 좌표(위경도) 정보_20260917.csv,164,고덕,2553,37.555002,127.154214,exact_matched,False,ELIGIBLE,,EPSG:4326,ANALYTICAL_ASSUMPTION,analysis assumption supported by official national station-data standard; not source-specific CRS explicitly verified. Batch2R-C official 2024 공공데이터 제공 표준 section42 도시철도역사정보 items10 역위도/11 역경도 explicitly specifies WGS84; longitude=x latitude=y geographic degrees. https://www.data.go.kr/bbs/rcr/selectRecsroom.do?originId=PDS_0000000001227&atchFileId=FILE_000000003049184 standard SHA256=d3d464f6a9dd9f6dfd3ff61fec966c95ccce8aec085c234ba3af9e665d3c67cd,False,SNAPSHOT_STABILITY_ASSUMPTION,"Official same-source snapshots labelled2023-10-31,2024-10-31,2025-08-14 corroborate identical coordinates for existing276source rows; practical pre-existing-station spatial stability assumption approved by human; not continuous-observation proof, not verified unchanged throughout2024. Historical2023/2024 file SHA256=9da58a78b07852906b9b9c75c539770d8a50a16c0cb5b8c21b23383327f85ce6; residual temporal uncertainty retained; see Batch2R-C temporal audit.",,adopted exact_matched; coordinate source=subway/data/raw/2024/station/서울교통공사_1_8호선 역사 좌표(위경도) 정보_20260917.csv row=164.0; ,,11250540,강동구,명일2동,20240630,969458.3344946295,1950684.5921660517,MAPPED,11250540,UNIQUE_STRICT_WITHIN,longitude=x latitude=y; EPSG:4326 analytical assumption -> EPSG:5179; strict contains; non-within touches checked; no repair/fallback,374.0,subway/data/raw/2024/boundary/bnd_dong_11_2024_2Q.shp,boundary,2024 Q2,2024-06-30,population_direct_65_plus,subway/data/raw/2024/population_direct_65_plus/201_DT_201004_O020003_2024Q2_20261006.csv,438.0,e48f83ca75f7f92a5a83e39834440c0f3149ace1113c3533102797e4d0338d76,DT_201004_O020003,https://stat.eseoul.go.kr/statHtml/statHtml.do?orgId=201&tblId=DT_201004_O020003&conn_path=I2,001025004,001025,002 계 (14210.MT0047 명),006 65세이상고령자 (14999671.ga028 명),명,official source code parents + exact complete Q2 boundary parent/name-set bijection; SGIS codes not equated to statistics codes,seoul_2024,IN_CURRENT_STUDY_AREA,STRICTLY_INSIDE_CONFIGURED_BOUNDARY_UNION,current configured validated boundary union; no replacement coordinates or correction,0,0.0,16901,3014,0.17833264303887345,-0.13442642169656485,-0.4903575546703421,869.855393408486
"station:[""5"",""공덕""]",5,공덕,2530,subway/data/raw/2024/station/서울교통공사_1_8호선 역사 좌표(위경도) 정보_20260917.csv,141,공덕,2530,37.544005,126.951058,exact_matched,False,ELIGIBLE,,EPSG:4326,ANALYTICAL_ASSUMPTION,analysis assumption supported by official national station-data standard; not source-specific CRS explicitly verified. Batch2R-C official 2024 공공데이터 제공 표준 section42 도시철도역사정보 items10 역위도/11 역경도 explicitly specifies WGS84; longitude=x latitude=y geographic degrees. https://www.data.go.kr/bbs/rcr/selectRecsroom.do?originId=PDS_0000000001227&atchFileId=FILE_000000003049184 standard SHA256=d3d464f6a9dd9f6dfd3ff61fec966c95ccce8aec085c234ba3af9e665d3c67cd,False,SNAPSHOT_STABILITY_ASSUMPTION,"Official same-source snapshots labelled2023-10-31,2024-10-31,2025-08-14 corroborate identical coordinates for existing276source rows; practical pre-existing-station spatial stability assumption approved by human; not continuous-observation proof, not verified unchanged throughout2024. Historical2023/2024 file SHA256=9da58a78b07852906b9b9c75c539770d8a50a16c0cb5b8c21b23383327f85ce6; residual temporal uncertainty retained; see Batch2R-C temporal audit.",,adopted exact_matched; coordinate source=subway/data/raw/2024/station/서울교통공사_1_8호선 역사 좌표(위경도) 정보_20260917.csv row=141.0; ,,11140770,마포구,공덕동,20240630,951507.2716878421,1949549.9306792212,MAPPED,11140770,UNIQUE_STRICT_WITHIN,longitude=x latitude=y; EPSG:4326 analytical assumption -> EPSG:5179; strict contains; non-within touches checked; no repair/fallback,139.0,subway/data/raw/2024/boundary/bnd_dong_11_2024_2Q.shp,boundary,2024 Q2,2024-06-30,population_direct_65_plus,subway/data/raw/2024/population_direct_65_plus/201_DT_201004_O020003_2024Q2_20261006.csv,223.0,e48f83ca75f7f92a5a83e39834440c0f3149ace1113c3533102797e4d0338d76,DT_201004_O020003,https://stat.eseoul.go.kr/statHtml/statHtml.do?orgId=201&tblId=DT_201004_O020003&conn_path=I2,001014027,001014,002 계 (14210.MT0047 명),006 65세이상고령자 (14999671.ga028 명),명,official source code parents + exact complete Q2 boundary parent/name-set bijection; SGIS codes not equated to statistics codes,seoul_2024,IN_CURRENT_STUDY_AREA,STRICTLY_INSIDE_CONFIGURED_BOUNDARY_UNION,current configured validated boundary union; no replacement coordinates or correction,3,0.8119739085717379,36947,6450,0.17457439034292366,-0.22320636309575578,-0.02302671267940461,98.00470051372704
"station:[""5"",""광나루(장신대)""]",5,광나루(장신대),2547,subway/data/raw/2024/station/서울교통공사_1_8호선 역사 좌표(위경도) 정보_20260917.csv,158,광나루,2547,37.545301,127.103478,alias_matched,False,ELIGIBLE,,EPSG:4326,ANALYTICAL_ASSUMPTION,analysis assumption supported by official national station-data standard; not source-specific CRS explicitly verified. Batch2R-C official 2024 공공데이터 제공 표준 section42 도시철도역사정보 items10 역위도/11 역경도 explicitly specifies WGS84; longitude=x latitude=y geographic degrees. https://www.data.go.kr/bbs/rcr/selectRecsroom.do?originId=PDS_0000000001227&atchFileId=FILE_000000003049184 standard SHA256=d3d464f6a9dd9f6dfd3ff61fec966c95ccce8aec085c234ba3af9e665d3c67cd,False,SNAPSHOT_STABILITY_ASSUMPTION,"Official same-source snapshots labelled2023-10-31,2024-10-31,2025-08-14 corroborate identical coordinates for existing276source rows; practical pre-existing-station spatial stability assumption approved by human; not continuous-observation proof, not verified unchanged throughout2024. Historical2023/2024 file SHA256=9da58a78b07852906b9b9c75c539770d8a50a16c0cb5b8c21b23383327f85ce6; residual temporal uncertainty retained; see Batch2R-C temporal audit.",,adopted alias_matched; coordinate source=subway/data/raw/2024/station/서울교통공사_1_8호선 역사 좌표(위경도) 정보_20260917.csv row=158.0; P-S2-2RA scoped source alias; provider family=서울교통공사; station_file=subway/data/raw/2024/station/서울교통공사_1_8호선 역사 좌표(위경도) 정보_20260917.csv; total_file=subway/data/raw/2024/total_ridership/서울교통공사_역별 일별 시간대별 승하차인원 정보_20260831.csv; station_row=158; normalized_line=5; external_code=2547; station_raw=광나루; canonical_2024_total=광나루(장신대); relation=B adjunct/display source difference; source code+line unique on both sides; explicit reviewed display variant; not an official rename claim; candidate identities station=1 total=1; no code-line contradiction or competing candidate; raw names preserved,,11050630,광진구,광장동,20240630,964972.5031594856,1949626.015933655,MAPPED,11050630,UNIQUE_STRICT_WITHIN,longitude=x latitude=y; EPSG:4326 analytical assumption -> EPSG:5179; strict contains; non-within touches checked; no repair/fallback,54.0,subway/data/raw/2024/boundary/bnd_dong_11_2024_2Q.shp,boundary,2024 Q2,2024-06-30,population_direct_65_plus,subway/data/raw/2024/population_direct_65_plus/201_DT_201004_O020003_2024Q2_20261006.csv,79.0,e48f83ca75f7f92a5a83e39834440c0f3149ace1113c3533102797e4d0338d76,DT_201004_O020003,https://stat.eseoul.go.kr/statHtml/statHtml.do?orgId=201&tblId=DT_201004_O020003&conn_path=I2,001005013,001005,002 계 (14210.MT0047 명),006 65세이상고령자 (14999671.ga028 명),명,official source code parents + exact complete Q2 boundary parent/name-set bijection; SGIS codes not equated to statistics codes,seoul_2024,IN_CURRENT_STUDY_AREA,STRICTLY_INSIDE_CONFIGURED_BOUNDARY_UNION,current configured validated boundary union; no replacement coordinates or correction,3,0.8796880039879189,34103,4290,0.12579538457027242,-1.3754964362656072,0.01594607313481189,64.27922140841075
"station:[""5"",""광화문(세종문화회관)""]",5,광화문(세종문화회관),2534,subway/data/raw/2024/station/서울교통공사_1_8호선 역사 좌표(위경도) 정보_20260917.csv,145,광화문,2534,37.570545,126.976568,alias_matched,False,ELIGIBLE,,EPSG:4326,ANALYTICAL_ASSUMPTION,analysis assumption supported by official national station-data standard; not source-specific CRS explicitly verified. Batch2R-C official 2024 공공데이터 제공 표준 section42 도시철도역사정보 items10 역위도/11 역경도 explicitly specifies WGS84; longitude=x latitude=y geographic degrees. https://www.data.go.kr/bbs/rcr/selectRecsroom.do?originId=PDS_0000000001227&atchFileId=FILE_000000003049184 standard SHA256=d3d464f6a9dd9f6dfd3ff61fec966c95ccce8aec085c234ba3af9e665d3c67cd,False,SNAPSHOT_STABILITY_ASSUMPTION,"Official same-source snapshots labelled2023-10-31,2024-10-31,2025-08-14 corroborate identical coordinates for existing276source rows; practical pre-existing-station spatial stability assumption approved by human; not continuous-observation proof, not verified unchanged throughout2024. Historical2023/2024 file SHA256=9da58a78b07852906b9b9c75c539770d8a50a16c0cb5b8c21b23383327f85ce6; residual temporal uncertainty retained; see Batch2R-C temporal audit.",,adopted alias_matched; coordinate source=subway/data/raw/2024/station/서울교통공사_1_8호선 역사 좌표(위경도) 정보_20260917.csv row=145.0; P-S2-2RA scoped source alias; provider family=서울교통공사; station_file=subway/data/raw/2024/station/서울교통공사_1_8호선 역사 좌표(위경도) 정보_20260917.csv; total_file=subway/data/raw/2024/total_ridership/서울교통공사_역별 일별 시간대별 승하차인원 정보_20260831.csv; station_row=145; normalized_line=5; external_code=2534; station_raw=광화문; canonical_2024_total=광화문(세종문화회관); relation=B adjunct/display source difference; source code+line unique on both sides; explicit reviewed display variant; not an official rename claim; candidate identities station=1 total=1; no code-line contradiction or competing candidate; raw names preserved,,11010530,종로구,사직동,20240630,953777.2014662139,1952481.55747442,MAPPED,11010530,UNIQUE_STRICT_WITHIN,longitude=x latitude=y; EPSG:4326 analytical assumption -> EPSG:5179; strict contains; non-within touches checked; no repair/fallback,384.0,subway/data/raw/2024/boundary/bnd_dong_11_2024_2Q.shp,boundary,2024 Q2,2024-06-30,population_direct_65_plus,subway/data/raw/2024/population_direct_65_plus/201_DT_201004_O020003_2024Q2_20261006.csv,4.0,e48f83ca75f7f92a5a83e39834440c0f3149ace1113c3533102797e4d0338d76,DT_201004_O020003,https://stat.eseoul.go.kr/statHtml/statHtml.do?orgId=201&tblId=DT_201004_O020003&conn_path=I2,001001003,001001,002 계 (14210.MT0047 명),006 65세이상고령자 (14999671.ga028 명),명,official source code parents + exact complete Q2 boundary parent/name-set bijection; SGIS codes not equated to statistics codes,seoul_2024,IN_CURRENT_STUDY_AREA,STRICTLY_INSIDE_CONFIGURED_BOUNDARY_UNION,current configured validated boundary union; no replacement coordinates or correction,3,3.243593902043464,9249,1895,0.20488701481241214,0.4928585856388208,1.376489955226854,131.2252439458644
"station:[""5"",""군자(능동)""]",5,군자(능동),2545,subway/data/raw/2024/station/서울교통공사_1_8호선 역사 좌표(위경도) 정보_20260917.csv,156,군자,2545,37.557102,127.079559,alias_matched,False,ELIGIBLE,,EPSG:4326,ANALYTICAL_ASSUMPTION,analysis assumption supported by official national station-data standard; not source-specific CRS explicitly verified. Batch2R-C official 2024 공공데이터 제공 표준 section42 도시철도역사정보 items10 역위도/11 역경도 explicitly specifies WGS84; longitude=x latitude=y geographic degrees. https://www.data.go.kr/bbs/rcr/selectRecsroom.do?originId=PDS_0000000001227&atchFileId=FILE_000000003049184 standard SHA256=d3d464f6a9dd9f6dfd3ff61fec966c95ccce8aec085c234ba3af9e665d3c67cd,False,SNAPSHOT_STABILITY_ASSUMPTION,"Official same-source snapshots labelled2023-10-31,2024-10-31,2025-08-14 corroborate identical coordinates for existing276source rows; practical pre-existing-station spatial stability assumption approved by human; not continuous-observation proof, not verified unchanged throughout2024. Historical2023/2024 file SHA256=9da58a78b07852906b9b9c75c539770d8a50a16c0cb5b8c21b23383327f85ce6; residual temporal uncertainty retained; see Batch2R-C temporal audit.",,adopted alias_matched; coordinate source=subway/data/raw/2024/station/서울교통공사_1_8호선 역사 좌표(위경도) 정보_20260917.csv row=156.0; P-S2-2RA scoped source alias; provider family=서울교통공사; station_file=subway/data/raw/2024/station/서울교통공사_1_8호선 역사 좌표(위경도) 정보_20260917.csv; total_file=subway/data/raw/2024/total_ridership/서울교통공사_역별 일별 시간대별 승하차인원 정보_20260831.csv; station_row=156; normalized_line=5; external_code=2545; station_raw=군자; canonical_2024_total=군자(능동); relation=B adjunct/display source difference; source code+line unique on both sides; explicit reviewed display variant; not an official rename claim; candidate identities station=1 total=1; no code-line contradiction or competing candidate; raw names preserved,,11050590,광진구,능동,20240630,962865.4204631733,1950944.450492397,MAPPED,11050590,UNIQUE_STRICT_WITHIN,longitude=x latitude=y; EPSG:4326 analytical assumption -> EPSG:5179; strict contains; non-within touches checked; no repair/fallback,132.0,subway/data/raw/2024/boundary/bnd_dong_11_2024_2Q.shp,boundary,2024 Q2,2024-06-30,population_direct_65_plus,subway/data/raw/2024/population_direct_65_plus/201_DT_201004_O020003_2024Q2_20261006.csv,78.0,e48f83ca75f7f92a5a83e39834440c0f3149ace1113c3533102797e4d0338d76,DT_201004_O020003,https://stat.eseoul.go.kr/statHtml/statHtml.do?orgId=201&tblId=DT_201004_O020003&conn_path=I2,001005009,001005,002 계 (14210.MT0047 명),006 65세이상고령자 (14999671.ga028 명),명,official source code parents + exact complete Q2 boundary parent/name-set bijection; SGIS codes not equated to statistics codes,seoul_2024,IN_CURRENT_STUDY_AREA,STRICTLY_INSIDE_CONFIGURED_BOUNDARY_UNION,current configured validated boundary union; no replacement coordinates or correction,0,0.0,11477,1753,0.15274026313496558,-0.7389866181366204,-0.4903575546703421,46.97895700965213
"station:[""5"",""굽은다리(강동구민회관앞)""]",5,굽은다리(강동구민회관앞),2551,subway/data/raw/2024/station/서울교통공사_1_8호선 역사 좌표(위경도) 정보_20260917.csv,162,굽은다리,2551,37.545442,127.142844,alias_matched,False,ELIGIBLE,,EPSG:4326,ANALYTICAL_ASSUMPTION,analysis assumption supported by official national station-data standard; not source-specific CRS explicitly verified. Batch2R-C official 2024 공공데이터 제공 표준 section42 도시철도역사정보 items10 역위도/11 역경도 explicitly specifies WGS84; longitude=x latitude=y geographic degrees. https://www.data.go.kr/bbs/rcr/selectRecsroom.do?originId=PDS_0000000001227&atchFileId=FILE_000000003049184 standard SHA256=d3d464f6a9dd9f6dfd3ff61fec966c95ccce8aec085c234ba3af9e665d3c67cd,False,SNAPSHOT_STABILITY_ASSUMPTION,"Official same-source snapshots labelled2023-10-31,2024-10-31,2025-08-14 corroborate identical coordinates for existing276source rows; practical pre-existing-station spatial stability assumption approved by human; not continuous-observation proof, not verified unchanged throughout2024. Historical2023/2024 file SHA256=9da58a78b07852906b9b9c75c539770d8a50a16c0cb5b8c21b23383327f85ce6; residual temporal uncertainty retained; see Batch2R-C temporal audit.",,adopted alias_matched; coordinate source=subway/data/raw/2024/station/서울교통공사_1_8호선 역사 좌표(위경도) 정보_20260917.csv row=162.0; P-S2-2RA scoped source alias; provider family=서울교통공사; station_file=subway/data/raw/2024/station/서울교통공사_1_8호선 역사 좌표(위경도) 정보_20260917.csv; total_file=subway/data/raw/2024/total_ridership/서울교통공사_역별 일별 시간대별 승하차인원 정보_20260831.csv; station_row=162; normalized_line=5; external_code=2551; station_raw=굽은다리; canonical_2024_total=굽은다리(강동구민회관앞); relation=B adjunct/display source difference; source code+line unique on both sides; explicit reviewed display variant; not an official rename claim; candidate identities station=1 total=1; no code-line contradiction or competing candidate; raw names preserved,,11250610,강동구,천호1동,20240630,968450.0426197192,1949627.7211102396,MAPPED,11250610,UNIQUE_STRICT_WITHIN,longitude=x latitude=y; EPSG:4326 analytical assumption -> EPSG:5179; strict contains; non-within touches checked; no repair/fallback,309.0,subway/data/raw/2024/boundary/bnd_dong_11_2024_2Q.shp,boundary,2024 Q2,2024-06-30,population_direct_65_plus,subway/data/raw/2024/population_direct_65_plus/201_DT_201004_O020003_2024Q2_20261006.csv,444.0,e48f83ca75f7f92a5a83e39834440c0f3149ace1113c3533102797e4d0338d76,DT_201004_O020003,https://stat.eseoul.go.kr/statHtml/statHtml.do?orgId=201&tblId=DT_201004_O020003&conn_path=I2,001025011,001025,002 계 (14210.MT0047 명),006 65세이상고령자 (14999671.ga028 명),명,official source code parents + exact complete Q2 boundary parent/name-set bijection; SGIS codes not equated to statistics codes,seoul_2024,IN_CURRENT_STUDY_AREA,STRICTLY_INSIDE_CONFIGURED_BOUNDARY_UNION,current configured validated boundary union; no replacement coordinates or correction,0,0.0,26059,5896,0.22625580413676658,0.9976463201177558,-0.4903575546703421,561.6752697814154
"station:[""5"",""길동""]",5,길동,2550,subway/data/raw/2024/station/서울교통공사_1_8호선 역사 좌표(위경도) 정보_20260917.csv,161,길동,2550,37.538022,127.140085,exact_matched,False,ELIGIBLE,,EPSG:4326,ANALYTICAL_ASSUMPTION,analysis assumption supported by official national station-data standard; not source-specific CRS explicitly verified. Batch2R-C official 2024 공공데이터 제공 표준 section42 도시철도역사정보 items10 역위도/11 역경도 explicitly specifies WGS84; longitude=x latitude=y geographic degrees. https://www.data.go.kr/bbs/rcr/selectRecsroom.do?originId=PDS_0000000001227&atchFileId=FILE_000000003049184 standard SHA256=d3d464f6a9dd9f6dfd3ff61fec966c95ccce8aec085c234ba3af9e665d3c67cd,False,SNAPSHOT_STABILITY_ASSUMPTION,"Official same-source snapshots labelled2023-10-31,2024-10-31,2025-08-14 corroborate identical coordinates for existing276source rows; practical pre-existing-station spatial stability assumption approved by human; not continuous-observation proof, not verified unchanged throughout2024. Historical2023/2024 file SHA256=9da58a78b07852906b9b9c75c539770d8a50a16c0cb5b8c21b23383327f85ce6; residual temporal uncertainty retained; see Batch2R-C temporal audit.",,adopted exact_matched; coordinate source=subway/data/raw/2024/station/서울교통공사_1_8호선 역사 좌표(위경도) 정보_20260917.csv row=161.0; ,,11250740,강동구,길동,20240630,968203.1700173328,1948805.4460567012,MAPPED,11250740,UNIQUE_STRICT_WITHIN,longitude=x latitude=y; EPSG:4326 analytical assumption -> EPSG:5179; strict contains; non-within touches checked; no repair/fallback,318.0,subway/data/raw/2024/boundary/bnd_dong_11_2024_2Q.shp,boundary,2024 Q2,2024-06-30,population_direct_65_plus,subway/data/raw/2024/population_direct_65_plus/201_DT_201004_O020003_2024Q2_20261006.csv,450.0,e48f83ca75f7f92a5a83e39834440c0f3149ace1113c3533102797e4d0338d76,DT_201004_O020003,https://stat.eseoul.go.kr/statHtml/statHtml.do?orgId=201&tblId=DT_201004_O020003&conn_path=I2,001025022,001025,002 계 (14210.MT0047 명),006 65세이상고령자 (14999671.ga028 명),명,official source code parents + exact complete Q2 boundary parent/name-set bijection; SGIS codes not equated to statistics codes,seoul_2024,IN_CURRENT_STUDY_AREA,STRICTLY_INSIDE_CONFIGURED_BOUNDARY_UNION,current configured validated boundary union; no replacement coordinates or correction,2,0.44325258748697943,45121,9294,0.20597947740519934,0.5186654626146502,-0.23524393249826897,172.6042415069019
"station:[""5"",""김포공항""]",5,김포공항,2513,subway/data/raw/2024/station/서울교통공사_1_8호선 역사 좌표(위경도) 정보_20260917.csv,124,김포공항,2513,37.56217,126.801273,exact_matched,False,ELIGIBLE,,EPSG:4326,ANALYTICAL_ASSUMPTION,analysis assumption supported by official national station-data standard; not source-specific CRS explicitly verified. Batch2R-C official 2024 공공데이터 제공 표준 section42 도시철도역사정보 items10 역위도/11 역경도 explicitly specifies WGS84; longitude=x latitude=y geographic degrees. https://www.data.go.kr/bbs/rcr/selectRecsroom.do?originId=PDS_0000000001227&atchFileId=FILE_000000003049184 standard SHA256=d3d464f6a9dd9f6dfd3ff61fec966c95ccce8aec085c234ba3af9e665d3c67cd,False,SNAPSHOT_STABILITY_ASSUMPTION,"Official same-source snapshots labelled2023-10-31,2024-10-31,2025-08-14 corroborate identical coordinates for existing276source rows; practical pre-existing-station spatial stability assumption approved by human; not continuous-observation proof, not verified unchanged throughout2024. Historical2023/2024 file SHA256=9da58a78b07852906b9b9c75c539770d8a50a16c0cb5b8c21b23383327f85ce6; residual temporal uncertainty retained; see Batch2R-C temporal audit.",,adopted exact_matched; coordinate source=subway/data/raw/2024/station/서울교통공사_1_8호선 역사 좌표(위경도) 정보_20260917.csv row=124.0; ,,11160710,강서구,방화2동,20240630,938290.3134163136,1951653.0557510094,MAPPED,11160710,UNIQUE_STRICT_WITHIN,longitude=x latitude=y; EPSG:4326 analytical assumption -> EPSG:5179; strict contains; non-within touches checked; no repair/fallback,86.0,subway/data/raw/2024/boundary/bnd_dong_11_2024_2Q.shp,boundary,2024 Q2,2024-06-30,population_direct_65_plus,subway/data/raw/2024/population_direct_65_plus/201_DT_201004_O020003_2024Q2_20261006.csv,276.0,e48f83ca75f7f92a5a83e39834440c0f3149ace1113c3533102797e4d0338d76,DT_201004_O020003,https://stat.eseoul.go.kr/statHtml/statHtml.do?orgId=201&tblId=DT_201004_O020003&conn_path=I2,001016021,001016,002 계 (14210.MT0047 명),006 65세이상고령자 (14999671.ga028 명),명,official source code parents + exact complete Q2 boundary parent/name-set bijection; SGIS codes not equated to statistics codes,seoul_2024,IN_CURRENT_STUDY_AREA,STRICTLY_INSIDE_CONFIGURED_BOUNDARY_UNION,current configured validated boundary union; no replacement coordinates or correction,2,0.8732861758798358,22902,5412,0.23631123919308358,1.2351824857952969,0.012261506810144818,716.2239672551624
"station:[""5"",""까치산""]",5,까치산,2519,subway/data/raw/2024/station/서울교통공사_1_8호선 역사 좌표(위경도) 정보_20260917.csv,130,까치산,2519,37.53181,126.846706,exact_matched,False,ELIGIBLE,,EPSG:4326,ANALYTICAL_ASSUMPTION,analysis assumption supported by official national station-data standard; not source-specific CRS explicitly verified. Batch2R-C official 2024 공공데이터 제공 표준 section42 도시철도역사정보 items10 역위도/11 역경도 explicitly specifies WGS84; longitude=x latitude=y geographic degrees. https://www.data.go.kr/bbs/rcr/selectRecsroom.do?originId=PDS_0000000001227&atchFileId=FILE_000000003049184 standard SHA256=d3d464f6a9dd9f6dfd3ff61fec966c95ccce8aec085c234ba3af9e665d3c67cd,False,SNAPSHOT_STABILITY_ASSUMPTION,"Official same-source snapshots labelled2023-10-31,2024-10-31,2025-08-14 corroborate identical coordinates for existing276source rows; practical pre-existing-station spatial stability assumption approved by human; not continuous-observation proof, not verified unchanged throughout2024. Historical2023/2024 file SHA256=9da58a78b07852906b9b9c75c539770d8a50a16c0cb5b8c21b23383327f85ce6; residual temporal uncertainty retained; see Batch2R-C temporal audit.",,adopted exact_matched; coordinate source=subway/data/raw/2024/station/서울교통공사_1_8호선 역사 좌표(위경도) 정보_20260917.csv row=130.0; ,,11160630,강서구,화곡8동,20240630,942279.4742777909,1948255.8908720831,MAPPED,11160630,UNIQUE_STRICT_WITHIN,longitude=x latitude=y; EPSG:4326 analytical assumption -> EPSG:5179; strict contains; non-within touches checked; no repair/fallback,223.0,subway/data/raw/2024/boundary/bnd_dong_11_2024_2Q.shp,boundary,2024 Q2,2024-06-30,population_direct_65_plus,subway/data/raw/2024/population_direct_65_plus/201_DT_201004_O020003_2024Q2_20261006.csv,268.0,e48f83ca75f7f92a5a83e39834440c0f3149ace1113c3533102797e4d0338d76,DT_201004_O020003,https://stat.eseoul.go.kr/statHtml/statHtml.do?orgId=201&tblId=DT_201004_O020003&conn_path=I2,001016013,001016,002 계 (14210.MT0047 명),006 65세이상고령자 (14999671.ga028 명),명,official source code parents + exact complete Q2 boundary parent/name-set bijection; SGIS codes not equated to statistics codes,seoul_2024,IN_CURRENT_STUDY_AREA,STRICTLY_INSIDE_CONFIGURED_BOUNDARY_UNION,current configured validated boundary union; no replacement coordinates or correction,2,0.8543357539513029,23410,4877,0.2083297736010252,0.5741857204091912,0.001354608765203054,36.17323873511086
"station:[""5"",""답십리""]",5,답십리,2543,subway/data/raw/2024/station/서울교통공사_1_8호선 역사 좌표(위경도) 정보_20260917.csv,154,답십리,2543,37.566833,127.05266,exact_matched,False,ELIGIBLE,,EPSG:4326,ANALYTICAL_ASSUMPTION,analysis assumption supported by official national station-data standard; not source-specific CRS explicitly verified. Batch2R-C official 2024 공공데이터 제공 표준 section42 도시철도역사정보 items10 역위도/11 역경도 explicitly specifies WGS84; longitude=x latitude=y geographic degrees. https://www.data.go.kr/bbs/rcr/selectRecsroom.do?originId=PDS_0000000001227&atchFileId=FILE_000000003049184 standard SHA256=d3d464f6a9dd9f6dfd3ff61fec966c95ccce8aec085c234ba3af9e665d3c67cd,False,SNAPSHOT_STABILITY_ASSUMPTION,"Official same-source snapshots labelled2023-10-31,2024-10-31,2025-08-14 corroborate identical coordinates for existing276source rows; practical pre-existing-station spatial stability assumption approved by human; not continuous-observation proof, not verified unchanged throughout2024. Historical2023/2024 file SHA256=9da58a78b07852906b9b9c75c539770d8a50a16c0cb5b8c21b23383327f85ce6; residual temporal uncertainty retained; see Batch2R-C temporal audit.",,adopted exact_matched; coordinate source=subway/data/raw/2024/station/서울교통공사_1_8호선 역사 좌표(위경도) 정보_20260917.csv row=154.0; ,,11040700,성동구,용답동,20240630,960494.7485314491,1952035.0202443486,MAPPED,11040700,UNIQUE_STRICT_WITHIN,longitude=x latitude=y; EPSG:4326 analytical assumption -> EPSG:5179; strict contains; non-within touches checked; no repair/fallback,35.0,subway/data/raw/2024/boundary/bnd_dong_11_2024_2Q.shp,boundary,2024 Q2,2024-06-30,population_direct_65_plus,subway/data/raw/2024/population_direct_65_plus/201_DT_201004_O020003_2024Q2_20261006.csv,70.0,e48f83ca75f7f92a5a83e39834440c0f3149ace1113c3533102797e4d0338d76,DT_201004_O020003,https://stat.eseoul.go.kr/statHtml/statHtml.do?orgId=201&tblId=DT_201004_O020003&conn_path=I2,001004020,001004,002 계 (14210.MT0047 명),006 65세이상고령자 (14999671.ga028 명),명,official source code parents + exact complete Q2 boundary parent/name-set bijection; SGIS codes not equated to statistics codes,seoul_2024,IN_CURRENT_STUDY_AREA,STRICTLY_INSIDE_CONFIGURED_BOUNDARY_UNION,current configured validated boundary union; no replacement coordinates or correction,1,0.7617886798202179,13127,2362,0.17993448617353547,-0.09658661923217762,-0.05191077528334918,90.22523610202859
"station:[""5"",""동대문역사문화공원(DDP)""]",5,동대문역사문화공원(DDP),2537,subway/data/raw/2024/station/서울교통공사_1_8호선 역사 좌표(위경도) 정보_20260917.csv,148,동대문역사문화공원,2537,37.564682,127.00533,alias_matched,False,ELIGIBLE,,EPSG:4326,ANALYTICAL_ASSUMPTION,analysis assumption supported by official national station-data standard; not source-specific CRS explicitly verified. Batch2R-C official 2024 공공데이터 제공 표준 section42 도시철도역사정보 items10 역위도/11 역경도 explicitly specifies WGS84; longitude=x latitude=y geographic degrees. https://www.data.go.kr/bbs/rcr/selectRecsroom.do?originId=PDS_0000000001227&atchFileId=FILE_000000003049184 standard SHA256=d3d464f6a9dd9f6dfd3ff61fec966c95ccce8aec085c234ba3af9e665d3c67cd,False,SNAPSHOT_STABILITY_ASSUMPTION,"Official same-source snapshots labelled2023-10-31,2024-10-31,2025-08-14 corroborate identical coordinates for existing276source rows; practical pre-existing-station spatial stability assumption approved by human; not continuous-observation proof, not verified unchanged throughout2024. Historical2023/2024 file SHA256=9da58a78b07852906b9b9c75c539770d8a50a16c0cb5b8c21b23383327f85ce6; residual temporal uncertainty retained; see Batch2R-C temporal audit.",,adopted alias_matched; coordinate source=subway/data/raw/2024/station/서울교통공사_1_8호선 역사 좌표(위경도) 정보_20260917.csv row=148.0; P-S2-2RA scoped source alias; provider family=서울교통공사; station_file=subway/data/raw/2024/station/서울교통공사_1_8호선 역사 좌표(위경도) 정보_20260917.csv; total_file=subway/data/raw/2024/total_ridership/서울교통공사_역별 일별 시간대별 승하차인원 정보_20260831.csv; station_row=148; normalized_line=5; external_code=2537; station_raw=동대문역사문화공원; canonical_2024_total=동대문역사문화공원(DDP); relation=B adjunct/display source difference; source code+line unique on both sides; explicit reviewed display variant; not an official rename claim; OA-22477 row=46 previous=동대문역사문화공원 changed=동대문역사문화공원(DDP) revision=2019-12-26 note=병기역명; https://data.seoul.go.kr/dataList/OA-22477/F/1/datasetView.do; candidate identities station=1 total=1; no code-line contradiction or competing candidate; raw names preserved,,11020590,중구,광희동,20240630,956313.6850175012,1951817.3272438308,MAPPED,11020590,UNIQUE_STRICT_WITHIN,longitude=x latitude=y; EPSG:4326 analytical assumption -> EPSG:5179; strict contains; non-within touches checked; no repair/fallback,44.0,subway/data/raw/2024/boundary/bnd_dong_11_2024_2Q.shp,boundary,2024 Q2,2024-06-30,population_direct_65_plus,subway/data/raw/2024/population_direct_65_plus/201_DT_201004_O020003_2024Q2_20261006.csv,26.0,e48f83ca75f7f92a5a83e39834440c0f3149ace1113c3533102797e4d0338d76,DT_201004_O020003,https://stat.eseoul.go.kr/statHtml/statHtml.do?orgId=201&tblId=DT_201004_O020003&conn_path=I2,001002006,001002,002 계 (14210.MT0047 명),006 65세이상고령자 (14999671.ga028 명),명,official source code parents + exact complete Q2 boundary parent/name-set bijection; SGIS codes not equated to statistics codes,seoul_2024,IN_CURRENT_STUDY_AREA,STRICTLY_INSIDE_CONFIGURED_BOUNDARY_UNION,current configured validated boundary union; no replacement coordinates or correction,0,0.0,7070,1213,0.17157001414427156,-0.29417773315421575,-0.4903575546703421,411.4559459547978
"station:[""5"",""둔촌동""]",5,둔촌동,2555,subway/data/raw/2024/station/서울교통공사_1_8호선 역사 좌표(위경도) 정보_20260917.csv,166,둔촌동,2555,37.527787,127.136219,exact_matched,False,ELIGIBLE,,EPSG:4326,ANALYTICAL_ASSUMPTION,analysis assumption supported by official national station-data standard; not source-specific CRS explicitly verified. Batch2R-C official 2024 공공데이터 제공 표준 section42 도시철도역사정보 items10 역위도/11 역경도 explicitly specifies WGS84; longitude=x latitude=y geographic degrees. https://www.data.go.kr/bbs/rcr/selectRecsroom.do?originId=PDS_0000000001227&atchFileId=FILE_000000003049184 standard SHA256=d3d464f6a9dd9f6dfd3ff61fec966c95ccce8aec085c234ba3af9e665d3c67cd,False,SNAPSHOT_STABILITY_ASSUMPTION,"Official same-source snapshots labelled2023-10-31,2024-10-31,2025-08-14 corroborate identical coordinates for existing276source rows; practical pre-existing-station spatial stability assumption approved by human; not continuous-observation proof, not verified unchanged throughout2024. Historical2023/2024 file SHA256=9da58a78b07852906b9b9c75c539770d8a50a16c0cb5b8c21b23383327f85ce6; residual temporal uncertainty retained; see Batch2R-C temporal audit.",,adopted exact_matched; coordinate source=subway/data/raw/2024/station/서울교통공사_1_8호선 역사 좌표(위경도) 정보_20260917.csv row=166.0; ,,11250670,강동구,성내3동,20240630,967857.2333208589,1947671.250068896,MAPPED,11250670,UNIQUE_STRICT_WITHIN,longitude=x latitude=y; EPSG:4326 analytical assumption -> EPSG:5179; strict contains; non-within touches checked; no repair/fallback,379.0,subway/data/raw/2024/boundary/bnd_dong_11_2024_2Q.shp,boundary,2024 Q2,2024-06-30,population_direct_65_plus,subway/data/raw/2024/population_direct_65_plus/201_DT_201004_O020003_2024Q2_20261006.csv,449.0,e48f83ca75f7f92a5a83e39834440c0f3149ace1113c3533102797e4d0338d76,DT_201004_O020003,https://stat.eseoul.go.kr/statHtml/statHtml.do?orgId=201&tblId=DT_201004_O020003&conn_path=I2,001025017,001025,002 계 (14210.MT0047 명),006 65세이상고령자 (14999671.ga028 명),명,official source code parents + exact complete Q2 boundary parent/name-set bijection; SGIS codes not equated to statistics codes,seoul_2024,IN_CURRENT_STUDY_AREA,STRICTLY_INSIDE_CONFIGURED_BOUNDARY_UNION,current configured validated boundary union; no replacement coordinates or correction,3,1.3274923669188903,22599,4425,0.1958051241205363,0.2783201315621374,0.273679465509275,229.90010706061548
"station:[""5"",""마장""]",5,마장,2542,subway/data/raw/2024/station/서울교통공사_1_8호선 역사 좌표(위경도) 정보_20260917.csv,153,마장,2542,37.566066,127.042921,exact_matched,False,ELIGIBLE,,EPSG:4326,ANALYTICAL_ASSUMPTION,analysis assumption supported by official national station-data standard; not source-specific CRS explicitly verified. Batch2R-C official 2024 공공데이터 제공 표준 section42 도시철도역사정보 items10 역위도/11 역경도 explicitly specifies WGS84; longitude=x latitude=y geographic degrees. https://www.data.go.kr/bbs/rcr/selectRecsroom.do?originId=PDS_0000000001227&atchFileId=FILE_000000003049184 standard SHA256=d3d464f6a9dd9f6dfd3ff61fec966c95ccce8aec085c234ba3af9e665d3c67cd,False,SNAPSHOT_STABILITY_ASSUMPTION,"Official same-source snapshots labelled2023-10-31,2024-10-31,2025-08-14 corroborate identical coordinates for existing276source rows; practical pre-existing-station spatial stability assumption approved by human; not continuous-observation proof, not verified unchanged throughout2024. Historical2023/2024 file SHA256=9da58a78b07852906b9b9c75c539770d8a50a16c0cb5b8c21b23383327f85ce6; residual temporal uncertainty retained; see Batch2R-C temporal audit.",,adopted exact_matched; coordinate source=subway/data/raw/2024/station/서울교통공사_1_8호선 역사 좌표(위경도) 정보_20260917.csv row=153.0; ,,11040540,성동구,마장동,20240630,959634.2645910978,1951954.0643004298,MAPPED,11040540,UNIQUE_STRICT_WITHIN,longitude=x latitude=y; EPSG:4326 analytical assumption -> EPSG:5179; strict contains; non-within touches checked; no repair/fallback,115.0,subway/data/raw/2024/boundary/bnd_dong_11_2024_2Q.shp,boundary,2024 Q2,2024-06-30,population_direct_65_plus,subway/data/raw/2024/population_direct_65_plus/201_DT_201004_O020003_2024Q2_20261006.csv,56.0,e48f83ca75f7f92a5a83e39834440c0f3149ace1113c3533102797e4d0338d76,DT_201004_O020003,https://stat.eseoul.go.kr/statHtml/statHtml.do?orgId=201&tblId=DT_201004_O020003&conn_path=I2,001004004,001004,002 계 (14210.MT0047 명),006 65세이상고령자 (14999671.ga028 명),명,official source code parents + exact complete Q2 boundary parent/name-set bijection; SGIS codes not equated to statistics codes,seoul_2024,IN_CURRENT_STUDY_AREA,STRICTLY_INSIDE_CONFIGURED_BOUNDARY_UNION,current configured validated boundary union; no replacement coordinates or correction,0,0.0,22073,4273,0.19358492275630862,0.22587306028804266,-0.4903575546703421,606.3424101736159
"station:[""5"",""마천""]",5,마천,2561,subway/data/raw/2024/station/서울교통공사_1_8호선 역사 좌표(위경도) 정보_20260917.csv,172,마천,2561,37.494972,127.152784,exact_matched,False,ELIGIBLE,,EPSG:4326,ANALYTICAL_ASSUMPTION,analysis assumption supported by official national station-data standard; not source-specific CRS explicitly verified. Batch2R-C official 2024 공공데이터 제공 표준 section42 도시철도역사정보 items10 역위도/11 역경도 explicitly specifies WGS84; longitude=x latitude=y geographic degrees. https://www.data.go.kr/bbs/rcr/selectRecsroom.do?originId=PDS_0000000001227&atchFileId=FILE_000000003049184 standard SHA256=d3d464f6a9dd9f6dfd3ff61fec966c95ccce8aec085c234ba3af9e665d3c67cd,False,SNAPSHOT_STABILITY_ASSUMPTION,"Official same-source snapshots labelled2023-10-31,2024-10-31,2025-08-14 corroborate identical coordinates for existing276source rows; practical pre-existing-station spatial stability assumption approved by human; not continuous-observation proof, not verified unchanged throughout2024. Historical2023/2024 file SHA256=9da58a78b07852906b9b9c75c539770d8a50a16c0cb5b8c21b23383327f85ce6; residual temporal uncertainty retained; see Batch2R-C temporal audit.",,adopted exact_matched; coordinate source=subway/data/raw/2024/station/서울교통공사_1_8호선 역사 좌표(위경도) 정보_20260917.csv row=172.0; ,,11240550,송파구,마천1동,20240630,969307.4451711769,1944025.1108372584,MAPPED,11240550,UNIQUE_STRICT_WITHIN,longitude=x latitude=y; EPSG:4326 analytical assumption -> EPSG:5179; strict contains; non-within touches checked; no repair/fallback,273.0,subway/data/raw/2024/boundary/bnd_dong_11_2024_2Q.shp,boundary,2024 Q2,2024-06-30,population_direct_65_plus,subway/data/raw/2024/population_direct_65_plus/201_DT_201004_O020003_2024Q2_20261006.csv,410.0,e48f83ca75f7f92a5a83e39834440c0f3149ace1113c3533102797e4d0338d76,DT_201004_O020003,https://stat.eseoul.go.kr/statHtml/statHtml.do?orgId=201&tblId=DT_201004_O020003&conn_path=I2,001024005,001024,002 계 (14210.MT0047 명),006 65세이상고령자 (14999671.ga028 명),명,official source code parents + exact complete Q2 boundary parent/name-set bijection; SGIS codes not equated to statistics codes,seoul_2024,IN_CURRENT_STUDY_AREA,STRICTLY_INSIDE_CONFIGURED_BOUNDARY_UNION,current configured validated boundary union; no replacement coordinates or correction,0,0.0,17912,4596,0.25658776239392583,1.7141679844261108,-0.4903575546703421,1589.626703688969
"station:[""5"",""마포""]",5,마포,2529,subway/data/raw/2024/station/서울교통공사_1_8호선 역사 좌표(위경도) 정보_20260917.csv,140,마포,2529,37.539718,126.946043,exact_matched,False,ELIGIBLE,,EPSG:4326,ANALYTICAL_ASSUMPTION,analysis assumption supported by official national station-data standard; not source-specific CRS explicitly verified. Batch2R-C official 2024 공공데이터 제공 표준 section42 도시철도역사정보 items10 역위도/11 역경도 explicitly specifies WGS84; longitude=x latitude=y geographic degrees. https://www.data.go.kr/bbs/rcr/selectRecsroom.do?originId=PDS_0000000001227&atchFileId=FILE_000000003049184 standard SHA256=d3d464f6a9dd9f6dfd3ff61fec966c95ccce8aec085c234ba3af9e665d3c67cd,False,SNAPSHOT_STABILITY_ASSUMPTION,"Official same-source snapshots labelled2023-10-31,2024-10-31,2025-08-14 corroborate identical coordinates for existing276source rows; practical pre-existing-station spatial stability assumption approved by human; not continuous-observation proof, not verified unchanged throughout2024. Historical2023/2024 file SHA256=9da58a78b07852906b9b9c75c539770d8a50a16c0cb5b8c21b23383327f85ce6; residual temporal uncertainty retained; see Batch2R-C temporal audit.",,adopted exact_matched; coordinate source=subway/data/raw/2024/station/서울교통공사_1_8호선 역사 좌표(위경도) 정보_20260917.csv row=140.0; ,,11140590,마포구,용강동,20240630,951061.4482701531,1949076.9087930727,MAPPED,11140590,UNIQUE_STRICT_WITHIN,longitude=x latitude=y; EPSG:4326 analytical assumption -> EPSG:5179; strict contains; non-within touches checked; no repair/fallback,249.0,subway/data/raw/2024/boundary/bnd_dong_11_2024_2Q.shp,boundary,2024 Q2,2024-06-30,population_direct_65_plus,subway/data/raw/2024/population_direct_65_plus/201_DT_201004_O020003_2024Q2_20261006.csv,225.0,e48f83ca75f7f92a5a83e39834440c0f3149ace1113c3533102797e4d0338d76,DT_201004_O020003,https://stat.eseoul.go.kr/statHtml/statHtml.do?orgId=201&tblId=DT_201004_O020003&conn_path=I2,001014009,001014,002 계 (14210.MT0047 명),006 65세이상고령자 (14999671.ga028 명),명,official source code parents + exact complete Q2 boundary parent/name-set bijection; SGIS codes not equated to statistics codes,seoul_2024,IN_CURRENT_STUDY_AREA,STRICTLY_INSIDE_CONFIGURED_BOUNDARY_UNION,current configured validated boundary union; no replacement coordinates or correction,1,0.46099944680066385,21692,3221,0.14848792181449383,-0.8394382491958332,-0.22502974381781324,210.11484306109435
"station:[""5"",""명일""]",5,명일,2552,subway/data/raw/2024/station/서울교통공사_1_8호선 역사 좌표(위경도) 정보_20260917.csv,163,명일,2552,37.551317,127.144002,exact_matched,False,ELIGIBLE,,EPSG:4326,ANALYTICAL_ASSUMPTION,analysis assumption supported by official national station-data standard; not source-specific CRS explicitly verified. Batch2R-C official 2024 공공데이터 제공 표준 section42 도시철도역사정보 items10 역위도/11 역경도 explicitly specifies WGS84; longitude=x latitude=y geographic degrees. https://www.data.go.kr/bbs/rcr/selectRecsroom.do?originId=PDS_0000000001227&atchFileId=FILE_000000003049184 standard SHA256=d3d464f6a9dd9f6dfd3ff61fec966c95ccce8aec085c234ba3af9e665d3c67cd,False,SNAPSHOT_STABILITY_ASSUMPTION,"Official same-source snapshots labelled2023-10-31,2024-10-31,2025-08-14 corroborate identical coordinates for existing276source rows; practical pre-existing-station spatial stability assumption approved by human; not continuous-observation proof, not verified unchanged throughout2024. Historical2023/2024 file SHA256=9da58a78b07852906b9b9c75c539770d8a50a16c0cb5b8c21b23383327f85ce6; residual temporal uncertainty retained; see Batch2R-C temporal audit.",,adopted exact_matched; coordinate source=subway/data/raw/2024/station/서울교통공사_1_8호선 역사 좌표(위경도) 정보_20260917.csv row=163.0; ,,11250530,강동구,명일1동,20240630,968554.80490567,1950279.1297971369,MAPPED,11250530,UNIQUE_STRICT_WITHIN,longitude=x latitude=y; EPSG:4326 analytical assumption -> EPSG:5179; strict contains; non-within touches checked; no repair/fallback,373.0,subway/data/raw/2024/boundary/bnd_dong_11_2024_2Q.shp,boundary,2024 Q2,2024-06-30,population_direct_65_plus,subway/data/raw/2024/population_direct_65_plus/201_DT_201004_O020003_2024Q2_20261006.csv,437.0,e48f83ca75f7f92a5a83e39834440c0f3149ace1113c3533102797e4d0338d76,DT_201004_O020003,https://stat.eseoul.go.kr/statHtml/statHtml.do?orgId=201&tblId=DT_201004_O020003&conn_path=I2,001025003,001025,002 계 (14210.MT0047 명),006 65세이상고령자 (14999671.ga028 명),명,official source code parents + exact complete Q2 boundary parent/name-set bijection; SGIS codes not equated to statistics codes,seoul_2024,IN_CURRENT_STUDY_AREA,STRICTLY_INSIDE_CONFIGURED_BOUNDARY_UNION,current configured validated boundary union; no replacement coordinates or correction,2,0.7938398031277288,25194,4679,0.18571882194173217,0.040054802215394016,-0.033463780516729665,102.14877510422366
"station:[""5"",""목동""]",5,목동,2521,subway/data/raw/2024/station/서울교통공사_1_8호선 역사 좌표(위경도) 정보_20260917.csv,132,목동,2521,37.526088,126.864296,exact_matched,False,ELIGIBLE,,EPSG:4326,ANALYTICAL_ASSUMPTION,analysis assumption supported by official national station-data standard; not source-specific CRS explicitly verified. Batch2R-C official 2024 공공데이터 제공 표준 section42 도시철도역사정보 items10 역위도/11 역경도 explicitly specifies WGS84; longitude=x latitude=y geographic degrees. https://www.data.go.kr/bbs/rcr/selectRecsroom.do?originId=PDS_0000000001227&atchFileId=FILE_000000003049184 standard SHA256=d3d464f6a9dd9f6dfd3ff61fec966c95ccce8aec085c234ba3af9e665d3c67cd,False,SNAPSHOT_STABILITY_ASSUMPTION,"Official same-source snapshots labelled2023-10-31,2024-10-31,2025-08-14 corroborate identical coordinates for existing276source rows; practical pre-existing-station spatial stability assumption approved by human; not continuous-observation proof, not verified unchanged throughout2024. Historical2023/2024 file SHA256=9da58a78b07852906b9b9c75c539770d8a50a16c0cb5b8c21b23383327f85ce6; residual temporal uncertainty retained; see Batch2R-C temporal audit.",,adopted exact_matched; coordinate source=subway/data/raw/2024/station/서울교통공사_1_8호선 역사 좌표(위경도) 정보_20260917.csv row=132.0; ,,11150720,양천구,신정4동,20240630,943829.3306810637,1947610.4132428924,MAPPED,11150720,UNIQUE_STRICT_WITHIN,longitude=x latitude=y; EPSG:4326 analytical assumption -> EPSG:5179; strict contains; non-within touches checked; no repair/fallback,267.0,subway/data/raw/2024/boundary/bnd_dong_11_2024_2Q.shp,boundary,2024 Q2,2024-06-30,population_direct_65_plus,subway/data/raw/2024/population_direct_65_plus/201_DT_201004_O020003_2024Q2_20261006.csv,254.0,e48f83ca75f7f92a5a83e39834440c0f3149ace1113c3533102797e4d0338d76,DT_201004_O020003,https://stat.eseoul.go.kr/statHtml/statHtml.do?orgId=201&tblId=DT_201004_O020003&conn_path=I2,001015017,001015,002 계 (14210.MT0047 명),006 65세이상고령자 (14999671.ga028 명),명,official source code parents + exact complete Q2 boundary parent/name-set bijection; SGIS codes not equated to statistics codes,seoul_2024,IN_CURRENT_STUDY_AREA,STRICTLY_INSIDE_CONFIGURED_BOUNDARY_UNION,current configured validated boundary union; no replacement coordinates or correction,1,0.3094250881861501,32318,6658,0.20601522371433875,0.519509885671688,-0.3122682275766774,49.98125480709781
"station:[""5"",""방이""]",5,방이,2557,subway/data/raw/2024/station/서울교통공사_1_8호선 역사 좌표(위경도) 정보_20260917.csv,168,방이,2557,37.508752,127.126054,exact_matched,False,ELIGIBLE,,EPSG:4326,ANALYTICAL_ASSUMPTION,analysis assumption supported by official national station-data standard; not source-specific CRS explicitly verified. Batch2R-C official 2024 공공데이터 제공 표준 section42 도시철도역사정보 items10 역위도/11 역경도 explicitly specifies WGS84; longitude=x latitude=y geographic degrees. https://www.data.go.kr/bbs/rcr/selectRecsroom.do?originId=PDS_0000000001227&atchFileId=FILE_000000003049184 standard SHA256=d3d464f6a9dd9f6dfd3ff61fec966c95ccce8aec085c234ba3af9e665d3c67cd,False,SNAPSHOT_STABILITY_ASSUMPTION,"Official same-source snapshots labelled2023-10-31,2024-10-31,2025-08-14 corroborate identical coordinates for existing276source rows; practical pre-existing-station spatial stability assumption approved by human; not continuous-observation proof, not verified unchanged throughout2024. Historical2023/2024 file SHA256=9da58a78b07852906b9b9c75c539770d8a50a16c0cb5b8c21b23383327f85ce6; residual temporal uncertainty retained; see Batch2R-C temporal audit.",,adopted exact_matched; coordinate source=subway/data/raw/2024/station/서울교통공사_1_8호선 역사 좌표(위경도) 정보_20260917.csv row=168.0; ,,11240570,송파구,방이1동,20240630,966950.6823003027,1945562.960869755,MAPPED,11240570,UNIQUE_STRICT_WITHIN,longitude=x latitude=y; EPSG:4326 analytical assumption -> EPSG:5179; strict contains; non-within touches checked; no repair/fallback,340.0,subway/data/raw/2024/boundary/bnd_dong_11_2024_2Q.shp,boundary,2024 Q2,2024-06-30,population_direct_65_plus,subway/data/raw/2024/population_direct_65_plus/201_DT_201004_O020003_2024Q2_20261006.csv,412.0,e48f83ca75f7f92a5a83e39834440c0f3149ace1113c3533102797e4d0338d76,DT_201004_O020003,https://stat.eseoul.go.kr/statHtml/statHtml.do?orgId=201&tblId=DT_201004_O020003&conn_path=I2,001024007,001024,002 계 (14210.MT0047 명),006 65세이상고령자 (14999671.ga028 명),명,official source code parents + exact complete Q2 boundary parent/name-set bijection; SGIS codes not equated to statistics codes,seoul_2024,IN_CURRENT_STUDY_AREA,STRICTLY_INSIDE_CONFIGURED_BOUNDARY_UNION,current configured validated boundary union; no replacement coordinates or correction,0,0.0,15187,2559,0.16849937446500296,-0.3667144231637209,-0.4903575546703421,527.4282683521628
"station:[""5"",""방화""]",5,방화,2511,subway/data/raw/2024/station/서울교통공사_1_8호선 역사 좌표(위경도) 정보_20260917.csv,122,방화,2511,37.577669,126.812822,exact_matched,False,ELIGIBLE,,EPSG:4326,ANALYTICAL_ASSUMPTION,analysis assumption supported by official national station-data standard; not source-specific CRS explicitly verified. Batch2R-C official 2024 공공데이터 제공 표준 section42 도시철도역사정보 items10 역위도/11 역경도 explicitly specifies WGS84; longitude=x latitude=y geographic degrees. https://www.data.go.kr/bbs/rcr/selectRecsroom.do?originId=PDS_0000000001227&atchFileId=FILE_000000003049184 standard SHA256=d3d464f6a9dd9f6dfd3ff61fec966c95ccce8aec085c234ba3af9e665d3c67cd,False,SNAPSHOT_STABILITY_ASSUMPTION,"Official same-source snapshots labelled2023-10-31,2024-10-31,2025-08-14 corroborate identical coordinates for existing276source rows; practical pre-existing-station spatial stability assumption approved by human; not continuous-observation proof, not verified unchanged throughout2024. Historical2023/2024 file SHA256=9da58a78b07852906b9b9c75c539770d8a50a16c0cb5b8c21b23383327f85ce6; residual temporal uncertainty retained; see Batch2R-C temporal audit.",,adopted exact_matched; coordinate source=subway/data/raw/2024/station/서울교통공사_1_8호선 역사 좌표(위경도) 정보_20260917.csv row=122.0; ,,11160761,강서구,방화3동,20240630,939322.8781257921,1953365.0875090924,MAPPED,11160761,UNIQUE_STRICT_WITHIN,longitude=x latitude=y; EPSG:4326 analytical assumption -> EPSG:5179; strict contains; non-within touches checked; no repair/fallback,282.0,subway/data/raw/2024/boundary/bnd_dong_11_2024_2Q.shp,boundary,2024 Q2,2024-06-30,population_direct_65_plus,subway/data/raw/2024/population_direct_65_plus/201_DT_201004_O020003_2024Q2_20261006.csv,277.0,e48f83ca75f7f92a5a83e39834440c0f3149ace1113c3533102797e4d0338d76,DT_201004_O020003,https://stat.eseoul.go.kr/statHtml/statHtml.do?orgId=201&tblId=DT_201004_O020003&conn_path=I2,001016022,001016,002 계 (14210.MT0047 명),006 65세이상고령자 (14999671.ga028 명),명,official source code parents + exact complete Q2 boundary parent/name-set bijection; SGIS codes not equated to statistics codes,seoul_2024,IN_CURRENT_STUDY_AREA,STRICTLY_INSIDE_CONFIGURED_BOUNDARY_UNION,current configured validated boundary union; no replacement coordinates or correction,2,0.9111617312072894,21950,5909,0.26920273348519363,2.012167210354214,0.03406074810989082,35.51540083977067
"station:[""5"",""상일동""]",5,상일동,2554,subway/data/raw/2024/station/서울교통공사_1_8호선 역사 좌표(위경도) 정보_20260917.csv,165,상일동,2554,37.556714,127.166381,exact_matched,False,ELIGIBLE,,EPSG:4326,ANALYTICAL_ASSUMPTION,analysis assumption supported by official national station-data standard; not source-specific CRS explicitly verified. Batch2R-C official 2024 공공데이터 제공 표준 section42 도시철도역사정보 items10 역위도/11 역경도 explicitly specifies WGS84; longitude=x latitude=y geographic degrees. https://www.data.go.kr/bbs/rcr/selectRecsroom.do?originId=PDS_0000000001227&atchFileId=FILE_000000003049184 standard SHA256=d3d464f6a9dd9f6dfd3ff61fec966c95ccce8aec085c234ba3af9e665d3c67cd,False,SNAPSHOT_STABILITY_ASSUMPTION,"Official same-source snapshots labelled2023-10-31,2024-10-31,2025-08-14 corroborate identical coordinates for existing276source rows; practical pre-existing-station spatial stability assumption approved by human; not continuous-observation proof, not verified unchanged throughout2024. Historical2023/2024 file SHA256=9da58a78b07852906b9b9c75c539770d8a50a16c0cb5b8c21b23383327f85ce6; residual temporal uncertainty retained; see Batch2R-C temporal audit.",,adopted exact_matched; coordinate source=subway/data/raw/2024/station/서울교통공사_1_8호선 역사 좌표(위경도) 정보_20260917.csv row=165.0; ,,11250760,강동구,상일1동,20240630,970533.6662229225,1950870.644945223,MAPPED,11250760,UNIQUE_STRICT_WITHIN,longitude=x latitude=y; EPSG:4326 analytical assumption -> EPSG:5179; strict contains; non-within touches checked; no repair/fallback,382.0,subway/data/raw/2024/boundary/bnd_dong_11_2024_2Q.shp,boundary,2024 Q2,2024-06-30,population_direct_65_plus,subway/data/raw/2024/population_direct_65_plus/201_DT_201004_O020003_2024Q2_20261006.csv,435.0,e48f83ca75f7f92a5a83e39834440c0f3149ace1113c3533102797e4d0338d76,DT_201004_O020003,https://stat.eseoul.go.kr/statHtml/statHtml.do?orgId=201&tblId=DT_201004_O020003&conn_path=I2,001025024,001025,002 계 (14210.MT0047 명),006 65세이상고령자 (14999671.ga028 명),명,official source code parents + exact complete Q2 boundary parent/name-set bijection; SGIS codes not equated to statistics codes,seoul_2024,IN_CURRENT_STUDY_AREA,STRICTLY_INSIDE_CONFIGURED_BOUNDARY_UNION,current configured validated boundary union; no replacement coordinates or correction,0,0.0,39379,5361,0.1361385510043424,-1.1311632888728274,-0.4903575546703421,160.7694020714637
"station:[""5"",""서대문""]",5,서대문,2533,subway/data/raw/2024/station/서울교통공사_1_8호선 역사 좌표(위경도) 정보_20260917.csv,144,서대문,2533,37.565812,126.966639,exact_matched,False,ELIGIBLE,,EPSG:4326,ANALYTICAL_ASSUMPTION,analysis assumption supported by official national station-data standard; not source-specific CRS explicitly verified. Batch2R-C official 2024 공공데이터 제공 표준 section42 도시철도역사정보 items10 역위도/11 역경도 explicitly specifies WGS84; longitude=x latitude=y geographic degrees. https://www.data.go.kr/bbs/rcr/selectRecsroom.do?originId=PDS_0000000001227&atchFileId=FILE_000000003049184 standard SHA256=d3d464f6a9dd9f6dfd3ff61fec966c95ccce8aec085c234ba3af9e665d3c67cd,False,SNAPSHOT_STABILITY_ASSUMPTION,"Official same-source snapshots labelled2023-10-31,2024-10-31,2025-08-14 corroborate identical coordinates for existing276source rows; practical pre-existing-station spatial stability assumption approved by human; not continuous-observation proof, not verified unchanged throughout2024. Historical2023/2024 file SHA256=9da58a78b07852906b9b9c75c539770d8a50a16c0cb5b8c21b23383327f85ce6; residual temporal uncertainty retained; see Batch2R-C temporal audit.",,adopted exact_matched; coordinate source=subway/data/raw/2024/station/서울교통공사_1_8호선 역사 좌표(위경도) 정보_20260917.csv row=144.0; ,,11130730,서대문구,충현동,20240630,952897.4126664366,1951961.3845506548,MAPPED,11130730,UNIQUE_STRICT_WITHIN,longitude=x latitude=y; EPSG:4326 analytical assumption -> EPSG:5179; strict contains; non-within touches checked; no repair/fallback,80.0,subway/data/raw/2024/boundary/bnd_dong_11_2024_2Q.shp,boundary,2024 Q2,2024-06-30,population_direct_65_plus,subway/data/raw/2024/population_direct_65_plus/201_DT_201004_O020003_2024Q2_20261006.csv,209.0,e48f83ca75f7f92a5a83e39834440c0f3149ace1113c3533102797e4d0338d76,DT_201004_O020003,https://stat.eseoul.go.kr/statHtml/statHtml.do?orgId=201&tblId=DT_201004_O020003&conn_path=I2,001013022,001013,002 계 (14210.MT0047 명),006 65세이상고령자 (14999671.ga028 명),명,official source code parents + exact complete Q2 boundary parent/name-set bijection; SGIS codes not equated to statistics codes,seoul_2024,IN_CURRENT_STUDY_AREA,STRICTLY_INSIDE_CONFIGURED_BOUNDARY_UNION,current configured validated boundary union; no replacement coordinates or correction,2,0.9963632740497185,20073,3670,0.18283266078812335,-0.028124013531123204,0.08309841832951397,65.16883023485772
"station:[""5"",""송정""]",5,송정,2514,subway/data/raw/2024/station/서울교통공사_1_8호선 역사 좌표(위경도) 정보_20260917.csv,125,송정,2514,37.561411,126.812052,exact_matched,False,ELIGIBLE,,EPSG:4326,ANALYTICAL_ASSUMPTION,analysis assumption supported by official national station-data standard; not source-specific CRS explicitly verified. Batch2R-C official 2024 공공데이터 제공 표준 section42 도시철도역사정보 items10 역위도/11 역경도 explicitly specifies WGS84; longitude=x latitude=y geographic degrees. https://www.data.go.kr/bbs/rcr/selectRecsroom.do?originId=PDS_0000000001227&atchFileId=FILE_000000003049184 standard SHA256=d3d464f6a9dd9f6dfd3ff61fec966c95ccce8aec085c234ba3af9e665d3c67cd,False,SNAPSHOT_STABILITY_ASSUMPTION,"Official same-source snapshots labelled2023-10-31,2024-10-31,2025-08-14 corroborate identical coordinates for existing276source rows; practical pre-existing-station spatial stability assumption approved by human; not continuous-observation proof, not verified unchanged throughout2024. Historical2023/2024 file SHA256=9da58a78b07852906b9b9c75c539770d8a50a16c0cb5b8c21b23383327f85ce6; residual temporal uncertainty retained; see Batch2R-C temporal audit.",,adopted exact_matched; coordinate source=subway/data/raw/2024/station/서울교통공사_1_8호선 역사 좌표(위경도) 정보_20260917.csv row=125.0; ,,11160690,강서구,공항동,20240630,939241.6812184989,1951561.8246490934,MAPPED,11160690,UNIQUE_STRICT_WITHIN,longitude=x latitude=y; EPSG:4326 analytical assumption -> EPSG:5179; strict contains; non-within touches checked; no repair/fallback,278.0,subway/data/raw/2024/boundary/bnd_dong_11_2024_2Q.shp,boundary,2024 Q2,2024-06-30,population_direct_65_plus,subway/data/raw/2024/population_direct_65_plus/201_DT_201004_O020003_2024Q2_20261006.csv,274.0,e48f83ca75f7f92a5a83e39834440c0f3149ace1113c3533102797e4d0338d76,DT_201004_O020003,https://stat.eseoul.go.kr/statHtml/statHtml.do?orgId=201&tblId=DT_201004_O020003&conn_path=I2,001016019,001016,002 계 (14210.MT0047 명),006 65세이상고령자 (14999671.ga028 명),명,official source code parents + exact complete Q2 boundary parent/name-set bijection; SGIS codes not equated to statistics codes,seoul_2024,IN_CURRENT_STUDY_AREA,STRICTLY_INSIDE_CONFIGURED_BOUNDARY_UNION,current configured validated boundary union; no replacement coordinates or correction,3,1.0015022533800702,29955,4697,0.156801869470873,-0.6430406555681524,0.08605615319275815,186.7874573969775
"station:[""5"",""신금호""]",5,신금호,2539,subway/data/raw/2024/station/서울교통공사_1_8호선 역사 좌표(위경도) 정보_20260917.csv,150,신금호,2539,37.554504,127.020403,exact_matched,False,ELIGIBLE,,EPSG:4326,ANALYTICAL_ASSUMPTION,analysis assumption supported by official national station-data standard; not source-specific CRS explicitly verified. Batch2R-C official 2024 공공데이터 제공 표준 section42 도시철도역사정보 items10 역위도/11 역경도 explicitly specifies WGS84; longitude=x latitude=y geographic degrees. https://www.data.go.kr/bbs/rcr/selectRecsroom.do?originId=PDS_0000000001227&atchFileId=FILE_000000003049184 standard SHA256=d3d464f6a9dd9f6dfd3ff61fec966c95ccce8aec085c234ba3af9e665d3c67cd,False,SNAPSHOT_STABILITY_ASSUMPTION,"Official same-source snapshots labelled2023-10-31,2024-10-31,2025-08-14 corroborate identical coordinates for existing276source rows; practical pre-existing-station spatial stability assumption approved by human; not continuous-observation proof, not verified unchanged throughout2024. Historical2023/2024 file SHA256=9da58a78b07852906b9b9c75c539770d8a50a16c0cb5b8c21b23383327f85ce6; residual temporal uncertainty retained; see Batch2R-C temporal audit.",,adopted exact_matched; coordinate source=subway/data/raw/2024/station/서울교통공사_1_8호선 역사 좌표(위경도) 정보_20260917.csv row=150.0; ,,11040590,성동구,금호1가동,20240630,957639.0890616253,1950681.2312780006,MAPPED,11040590,UNIQUE_STRICT_WITHIN,longitude=x latitude=y; EPSG:4326 analytical assumption -> EPSG:5179; strict contains; non-within touches checked; no repair/fallback,30.0,subway/data/raw/2024/boundary/bnd_dong_11_2024_2Q.shp,boundary,2024 Q2,2024-06-30,population_direct_65_plus,subway/data/raw/2024/population_direct_65_plus/201_DT_201004_O020003_2024Q2_20261006.csv,61.0,e48f83ca75f7f92a5a83e39834440c0f3149ace1113c3533102797e4d0338d76,DT_201004_O020003,https://stat.eseoul.go.kr/statHtml/statHtml.do?orgId=201&tblId=DT_201004_O020003&conn_path=I2,001004009,001004,002 계 (14210.MT0047 명),006 65세이상고령자 (14999671.ga028 명),명,official source code parents + exact complete Q2 boundary parent/name-set bijection; SGIS codes not equated to statistics codes,seoul_2024,IN_CURRENT_STUDY_AREA,STRICTLY_INSIDE_CONFIGURED_BOUNDARY_UNION,current configured validated boundary union; no replacement coordinates or correction,1,0.6753562504220977,14807,2913,0.19673127574795704,0.3001983004510442,-0.1016568811366718,8.612019951767786
"station:[""5"",""신길""]",5,신길,2526,subway/data/raw/2024/station/서울교통공사_1_8호선 역사 좌표(위경도) 정보_20260917.csv,137,신길,2526,37.51763,126.914886,exact_matched,False,ELIGIBLE,,EPSG:4326,ANALYTICAL_ASSUMPTION,analysis assumption supported by official national station-data standard; not source-specific CRS explicitly verified. Batch2R-C official 2024 공공데이터 제공 표준 section42 도시철도역사정보 items10 역위도/11 역경도 explicitly specifies WGS84; longitude=x latitude=y geographic degrees. https://www.data.go.kr/bbs/rcr/selectRecsroom.do?originId=PDS_0000000001227&atchFileId=FILE_000000003049184 standard SHA256=d3d464f6a9dd9f6dfd3ff61fec966c95ccce8aec085c234ba3af9e665d3c67cd,False,SNAPSHOT_STABILITY_ASSUMPTION,"Official same-source snapshots labelled2023-10-31,2024-10-31,2025-08-14 corroborate identical coordinates for existing276source rows; practical pre-existing-station spatial stability assumption approved by human; not continuous-observation proof, not verified unchanged throughout2024. Historical2023/2024 file SHA256=9da58a78b07852906b9b9c75c539770d8a50a16c0cb5b8c21b23383327f85ce6; residual temporal uncertainty retained; see Batch2R-C temporal audit.",,adopted exact_matched; coordinate source=subway/data/raw/2024/station/서울교통공사_1_8호선 역사 좌표(위경도) 정보_20260917.csv row=137.0; ,,11190740,영등포구,영등포동,20240630,948293.657759528,1946643.0344515627,MAPPED,11190740,UNIQUE_STRICT_WITHIN,longitude=x latitude=y; EPSG:4326 analytical assumption -> EPSG:5179; strict contains; non-within touches checked; no repair/fallback,300.0,subway/data/raw/2024/boundary/bnd_dong_11_2024_2Q.shp,boundary,2024 Q2,2024-06-30,population_direct_65_plus,subway/data/raw/2024/population_direct_65_plus/201_DT_201004_O020003_2024Q2_20261006.csv,308.0,e48f83ca75f7f92a5a83e39834440c0f3149ace1113c3533102797e4d0338d76,DT_201004_O020003,https://stat.eseoul.go.kr/statHtml/statHtml.do?orgId=201&tblId=DT_201004_O020003&conn_path=I2,001019024,001019,002 계 (14210.MT0047 명),006 65세이상고령자 (14999671.ga028 명),명,official source code parents + exact complete Q2 boundary parent/name-set bijection; SGIS codes not equated to statistics codes,seoul_2024,IN_CURRENT_STUDY_AREA,STRICTLY_INSIDE_CONFIGURED_BOUNDARY_UNION,current configured validated boundary union; no replacement coordinates or correction,1,0.3136467710064925,31883,3669,0.1150770002822821,-1.628693229021797,-0.3098384418825537,669.9514427315715
"station:[""5"",""신정(은행정)""]",5,신정(은행정),2520,subway/data/raw/2024/station/서울교통공사_1_8호선 역사 좌표(위경도) 정보_20260917.csv,131,신정,2520,37.525001,126.856176,alias_matched,False,ELIGIBLE,,EPSG:4326,ANALYTICAL_ASSUMPTION,analysis assumption supported by official national station-data standard; not source-specific CRS explicitly verified. Batch2R-C official 2024 공공데이터 제공 표준 section42 도시철도역사정보 items10 역위도/11 역경도 explicitly specifies WGS84; longitude=x latitude=y geographic degrees. https://www.data.go.kr/bbs/rcr/selectRecsroom.do?originId=PDS_0000000001227&atchFileId=FILE_000000003049184 standard SHA256=d3d464f6a9dd9f6dfd3ff61fec966c95ccce8aec085c234ba3af9e665d3c67cd,False,SNAPSHOT_STABILITY_ASSUMPTION,"Official same-source snapshots labelled2023-10-31,2024-10-31,2025-08-14 corroborate identical coordinates for existing276source rows; practical pre-existing-station spatial stability assumption approved by human; not continuous-observation proof, not verified unchanged throughout2024. Historical2023/2024 file SHA256=9da58a78b07852906b9b9c75c539770d8a50a16c0cb5b8c21b23383327f85ce6; residual temporal uncertainty retained; see Batch2R-C temporal audit.",,adopted alias_matched; coordinate source=subway/data/raw/2024/station/서울교통공사_1_8호선 역사 좌표(위경도) 정보_20260917.csv row=131.0; P-S2-2RA scoped source alias; provider family=서울교통공사; station_file=subway/data/raw/2024/station/서울교통공사_1_8호선 역사 좌표(위경도) 정보_20260917.csv; total_file=subway/data/raw/2024/total_ridership/서울교통공사_역별 일별 시간대별 승하차인원 정보_20260831.csv; station_row=131; normalized_line=5; external_code=2520; station_raw=신정; canonical_2024_total=신정(은행정); relation=B adjunct/display source difference; source code+line unique on both sides; explicit reviewed display variant; not an official rename claim; OA-22477 row=44 previous=신정 changed=신정(은행정) revision=2000-03-16 note=병기역명; https://data.seoul.go.kr/dataList/OA-22477/F/1/datasetView.do; candidate identities station=1 total=1; no code-line contradiction or competing candidate; raw names preserved,,11150720,양천구,신정4동,20240630,943111.0159341063,1947494.6962601985,MAPPED,11150720,UNIQUE_STRICT_WITHIN,longitude=x latitude=y; EPSG:4326 analytical assumption -> EPSG:5179; strict contains; non-within touches checked; no repair/fallback,267.0,subway/data/raw/2024/boundary/bnd_dong_11_2024_2Q.shp,boundary,2024 Q2,2024-06-30,population_direct_65_plus,subway/data/raw/2024/population_direct_65_plus/201_DT_201004_O020003_2024Q2_20261006.csv,254.0,e48f83ca75f7f92a5a83e39834440c0f3149ace1113c3533102797e4d0338d76,DT_201004_O020003,https://stat.eseoul.go.kr/statHtml/statHtml.do?orgId=201&tblId=DT_201004_O020003&conn_path=I2,001015017,001015,002 계 (14210.MT0047 명),006 65세이상고령자 (14999671.ga028 명),명,official source code parents + exact complete Q2 boundary parent/name-set bijection; SGIS codes not equated to statistics codes,seoul_2024,IN_CURRENT_STUDY_AREA,STRICTLY_INSIDE_CONFIGURED_BOUNDARY_UNION,current configured validated boundary union; no replacement coordinates or correction,1,0.3094250881861501,32318,6658,0.20601522371433875,0.519509885671688,-0.3122682275766774,542.9429236958892
"station:[""5"",""아차산(어린이대공원후문)""]",5,아차산(어린이대공원후문),2546,subway/data/raw/2024/station/서울교통공사_1_8호선 역사 좌표(위경도) 정보_20260917.csv,157,아차산,2546,37.552005,127.089609,alias_matched,False,ELIGIBLE,,EPSG:4326,ANALYTICAL_ASSUMPTION,analysis assumption supported by official national station-data standard; not source-specific CRS explicitly verified. Batch2R-C official 2024 공공데이터 제공 표준 section42 도시철도역사정보 items10 역위도/11 역경도 explicitly specifies WGS84; longitude=x latitude=y geographic degrees. https://www.data.go.kr/bbs/rcr/selectRecsroom.do?originId=PDS_0000000001227&atchFileId=FILE_000000003049184 standard SHA256=d3d464f6a9dd9f6dfd3ff61fec966c95ccce8aec085c234ba3af9e665d3c67cd,False,SNAPSHOT_STABILITY_ASSUMPTION,"Official same-source snapshots labelled2023-10-31,2024-10-31,2025-08-14 corroborate identical coordinates for existing276source rows; practical pre-existing-station spatial stability assumption approved by human; not continuous-observation proof, not verified unchanged throughout2024. Historical2023/2024 file SHA256=9da58a78b07852906b9b9c75c539770d8a50a16c0cb5b8c21b23383327f85ce6; residual temporal uncertainty retained; see Batch2R-C temporal audit.",,adopted alias_matched; coordinate source=subway/data/raw/2024/station/서울교통공사_1_8호선 역사 좌표(위경도) 정보_20260917.csv row=157.0; P-S2-2RA scoped source alias; provider family=서울교통공사; station_file=subway/data/raw/2024/station/서울교통공사_1_8호선 역사 좌표(위경도) 정보_20260917.csv; total_file=subway/data/raw/2024/total_ridership/서울교통공사_역별 일별 시간대별 승하차인원 정보_20260831.csv; station_row=157; normalized_line=5; external_code=2546; station_raw=아차산; canonical_2024_total=아차산(어린이대공원후문); relation=B adjunct/display source difference; source code+line unique on both sides; explicit reviewed display variant; not an official rename claim; candidate identities station=1 total=1; no code-line contradiction or competing candidate; raw names preserved,,11050590,광진구,능동,20240630,963750.6010493174,1950375.0438253647,MAPPED,11050590,UNIQUE_STRICT_WITHIN,longitude=x latitude=y; EPSG:4326 analytical assumption -> EPSG:5179; strict contains; non-within touches checked; no repair/fallback,132.0,subway/data/raw/2024/boundary/bnd_dong_11_2024_2Q.shp,boundary,2024 Q2,2024-06-30,population_direct_65_plus,subway/data/raw/2024/population_direct_65_plus/201_DT_201004_O020003_2024Q2_20261006.csv,78.0,e48f83ca75f7f92a5a83e39834440c0f3149ace1113c3533102797e4d0338d76,DT_201004_O020003,https://stat.eseoul.go.kr/statHtml/statHtml.do?orgId=201&tblId=DT_201004_O020003&conn_path=I2,001005009,001005,002 계 (14210.MT0047 명),006 65세이상고령자 (14999671.ga028 명),명,official source code parents + exact complete Q2 boundary parent/name-set bijection; SGIS codes not equated to statistics codes,seoul_2024,IN_CURRENT_STUDY_AREA,STRICTLY_INSIDE_CONFIGURED_BOUNDARY_UNION,current configured validated boundary union; no replacement coordinates or correction,0,0.0,11477,1753,0.15274026313496558,-0.7389866181366204,-0.4903575546703421,66.28178905339303
"station:[""5"",""애오개""]",5,애오개,2531,subway/data/raw/2024/station/서울교통공사_1_8호선 역사 좌표(위경도) 정보_20260917.csv,142,애오개,2531,37.553592,126.956733,exact_matched,False,ELIGIBLE,,EPSG:4326,ANALYTICAL_ASSUMPTION,analysis assumption supported by official national station-data standard; not source-specific CRS explicitly verified. Batch2R-C official 2024 공공데이터 제공 표준 section42 도시철도역사정보 items10 역위도/11 역경도 explicitly specifies WGS84; longitude=x latitude=y geographic degrees. https://www.data.go.kr/bbs/rcr/selectRecsroom.do?originId=PDS_0000000001227&atchFileId=FILE_000000003049184 standard SHA256=d3d464f6a9dd9f6dfd3ff61fec966c95ccce8aec085c234ba3af9e665d3c67cd,False,SNAPSHOT_STABILITY_ASSUMPTION,"Official same-source snapshots labelled2023-10-31,2024-10-31,2025-08-14 corroborate identical coordinates for existing276source rows; practical pre-existing-station spatial stability assumption approved by human; not continuous-observation proof, not verified unchanged throughout2024. Historical2023/2024 file SHA256=9da58a78b07852906b9b9c75c539770d8a50a16c0cb5b8c21b23383327f85ce6; residual temporal uncertainty retained; see Batch2R-C temporal audit.",,adopted exact_matched; coordinate source=subway/data/raw/2024/station/서울교통공사_1_8호선 역사 좌표(위경도) 정보_20260917.csv row=142.0; ,,11140780,마포구,아현동,20240630,952014.7431844656,1950610.6471817596,MAPPED,11140780,UNIQUE_STRICT_WITHIN,longitude=x latitude=y; EPSG:4326 analytical assumption -> EPSG:5179; strict contains; non-within touches checked; no repair/fallback,140.0,subway/data/raw/2024/boundary/bnd_dong_11_2024_2Q.shp,boundary,2024 Q2,2024-06-30,population_direct_65_plus,subway/data/raw/2024/population_direct_65_plus/201_DT_201004_O020003_2024Q2_20261006.csv,222.0,e48f83ca75f7f92a5a83e39834440c0f3149ace1113c3533102797e4d0338d76,DT_201004_O020003,https://stat.eseoul.go.kr/statHtml/statHtml.do?orgId=201&tblId=DT_201004_O020003&conn_path=I2,001014028,001014,002 계 (14210.MT0047 명),006 65세이상고령자 (14999671.ga028 명),명,official source code parents + exact complete Q2 boundary parent/name-set bijection; SGIS codes not equated to statistics codes,seoul_2024,IN_CURRENT_STUDY_AREA,STRICTLY_INSIDE_CONFIGURED_BOUNDARY_UNION,current configured validated boundary union; no replacement coordinates or correction,1,0.33885669750262615,29511,3818,0.12937548710650265,-1.2909248762658907,-0.295328891696771,210.82507033634886
"station:[""5"",""양평""]",5,양평,2523,subway/data/raw/2024/station/서울교통공사_1_8호선 역사 좌표(위경도) 정보_20260917.csv,134,양평,2523,37.525614,126.886177,exact_matched,False,ELIGIBLE,,EPSG:4326,ANALYTICAL_ASSUMPTION,analysis assumption supported by official national station-data standard; not source-specific CRS explicitly verified. Batch2R-C official 2024 공공데이터 제공 표준 section42 도시철도역사정보 items10 역위도/11 역경도 explicitly specifies WGS84; longitude=x latitude=y geographic degrees. https://www.data.go.kr/bbs/rcr/selectRecsroom.do?originId=PDS_0000000001227&atchFileId=FILE_000000003049184 standard SHA256=d3d464f6a9dd9f6dfd3ff61fec966c95ccce8aec085c234ba3af9e665d3c67cd,False,SNAPSHOT_STABILITY_ASSUMPTION,"Official same-source snapshots labelled2023-10-31,2024-10-31,2025-08-14 corroborate identical coordinates for existing276source rows; practical pre-existing-station spatial stability assumption approved by human; not continuous-observation proof, not verified unchanged throughout2024. Historical2023/2024 file SHA256=9da58a78b07852906b9b9c75c539770d8a50a16c0cb5b8c21b23383327f85ce6; residual temporal uncertainty retained; see Batch2R-C temporal audit.",,adopted exact_matched; coordinate source=subway/data/raw/2024/station/서울교통공사_1_8호선 역사 좌표(위경도) 정보_20260917.csv row=134.0; ,,11190610,영등포구,양평1동,20240630,945762.4075913933,1947544.9831577549,MAPPED,11190610,UNIQUE_STRICT_WITHIN,longitude=x latitude=y; EPSG:4326 analytical assumption -> EPSG:5179; strict contains; non-within touches checked; no repair/fallback,195.0,subway/data/raw/2024/boundary/bnd_dong_11_2024_2Q.shp,boundary,2024 Q2,2024-06-30,population_direct_65_plus,subway/data/raw/2024/population_direct_65_plus/201_DT_201004_O020003_2024Q2_20261006.csv,314.0,e48f83ca75f7f92a5a83e39834440c0f3149ace1113c3533102797e4d0338d76,DT_201004_O020003,https://stat.eseoul.go.kr/statHtml/statHtml.do?orgId=201&tblId=DT_201004_O020003&conn_path=I2,001019011,001019,002 계 (14210.MT0047 명),006 65세이상고령자 (14999671.ga028 명),명,official source code parents + exact complete Q2 boundary parent/name-set bijection; SGIS codes not equated to statistics codes,seoul_2024,IN_CURRENT_STUDY_AREA,STRICTLY_INSIDE_CONFIGURED_BOUNDARY_UNION,current configured validated boundary union; no replacement coordinates or correction,0,0.0,18477,2568,0.13898360123396655,-1.063955622678377,-0.4903575546703421,772.2917961314149
"station:[""5"",""여의나루""]",5,여의나루,2528,subway/data/raw/2024/station/서울교통공사_1_8호선 역사 좌표(위경도) 정보_20260917.csv,139,여의나루,2528,37.527145,126.932807,exact_matched,False,ELIGIBLE,,EPSG:4326,ANALYTICAL_ASSUMPTION,analysis assumption supported by official national station-data standard; not source-specific CRS explicitly verified. Batch2R-C official 2024 공공데이터 제공 표준 section42 도시철도역사정보 items10 역위도/11 역경도 explicitly specifies WGS84; longitude=x latitude=y geographic degrees. https://www.data.go.kr/bbs/rcr/selectRecsroom.do?originId=PDS_0000000001227&atchFileId=FILE_000000003049184 standard SHA256=d3d464f6a9dd9f6dfd3ff61fec966c95ccce8aec085c234ba3af9e665d3c67cd,False,SNAPSHOT_STABILITY_ASSUMPTION,"Official same-source snapshots labelled2023-10-31,2024-10-31,2025-08-14 corroborate identical coordinates for existing276source rows; practical pre-existing-station spatial stability assumption approved by human; not continuous-observation proof, not verified unchanged throughout2024. Historical2023/2024 file SHA256=9da58a78b07852906b9b9c75c539770d8a50a16c0cb5b8c21b23383327f85ce6; residual temporal uncertainty retained; see Batch2R-C temporal audit.",,adopted exact_matched; coordinate source=subway/data/raw/2024/station/서울교통공사_1_8호선 역사 좌표(위경도) 정보_20260917.csv row=139.0; ,,11190540,영등포구,여의동,20240630,949883.7097653181,1947688.9723215308,MAPPED,11190540,UNIQUE_STRICT_WITHIN,longitude=x latitude=y; EPSG:4326 analytical assumption -> EPSG:5179; strict contains; non-within touches checked; no repair/fallback,285.0,subway/data/raw/2024/boundary/bnd_dong_11_2024_2Q.shp,boundary,2024 Q2,2024-06-30,population_direct_65_plus,subway/data/raw/2024/population_direct_65_plus/201_DT_201004_O020003_2024Q2_20261006.csv,309.0,e48f83ca75f7f92a5a83e39834440c0f3149ace1113c3533102797e4d0338d76,DT_201004_O020003,https://stat.eseoul.go.kr/statHtml/statHtml.do?orgId=201&tblId=DT_201004_O020003&conn_path=I2,001019004,001019,002 계 (14210.MT0047 명),006 65세이상고령자 (14999671.ga028 명),명,official source code parents + exact complete Q2 boundary parent/name-set bijection; SGIS codes not equated to statistics codes,seoul_2024,IN_CURRENT_STUDY_AREA,STRICTLY_INSIDE_CONFIGURED_BOUNDARY_UNION,current configured validated boundary union; no replacement coordinates or correction,5,1.4682562988195218,34054,6748,0.19815587008868268,0.3338510141771708,0.35469601803962664,781.4323090938514
"station:[""5"",""여의도""]",5,여의도,2527,subway/data/raw/2024/station/서울교통공사_1_8호선 역사 좌표(위경도) 정보_20260917.csv,138,여의도,2527,37.521578,126.924318,exact_matched,False,ELIGIBLE,,EPSG:4326,ANALYTICAL_ASSUMPTION,analysis assumption supported by official national station-data standard; not source-specific CRS explicitly verified. Batch2R-C official 2024 공공데이터 제공 표준 section42 도시철도역사정보 items10 역위도/11 역경도 explicitly specifies WGS84; longitude=x latitude=y geographic degrees. https://www.data.go.kr/bbs/rcr/selectRecsroom.do?originId=PDS_0000000001227&atchFileId=FILE_000000003049184 standard SHA256=d3d464f6a9dd9f6dfd3ff61fec966c95ccce8aec085c234ba3af9e665d3c67cd,False,SNAPSHOT_STABILITY_ASSUMPTION,"Official same-source snapshots labelled2023-10-31,2024-10-31,2025-08-14 corroborate identical coordinates for existing276source rows; practical pre-existing-station spatial stability assumption approved by human; not continuous-observation proof, not verified unchanged throughout2024. Historical2023/2024 file SHA256=9da58a78b07852906b9b9c75c539770d8a50a16c0cb5b8c21b23383327f85ce6; residual temporal uncertainty retained; see Batch2R-C temporal audit.",,adopted exact_matched; coordinate source=subway/data/raw/2024/station/서울교통공사_1_8호선 역사 좌표(위경도) 정보_20260917.csv row=138.0; ,,11190540,영등포구,여의동,20240630,949129.8484352895,1947075.9010079496,MAPPED,11190540,UNIQUE_STRICT_WITHIN,longitude=x latitude=y; EPSG:4326 analytical assumption -> EPSG:5179; strict contains; non-within touches checked; no repair/fallback,285.0,subway/data/raw/2024/boundary/bnd_dong_11_2024_2Q.shp,boundary,2024 Q2,2024-06-30,population_direct_65_plus,subway/data/raw/2024/population_direct_65_plus/201_DT_201004_O020003_2024Q2_20261006.csv,309.0,e48f83ca75f7f92a5a83e39834440c0f3149ace1113c3533102797e4d0338d76,DT_201004_O020003,https://stat.eseoul.go.kr/statHtml/statHtml.do?orgId=201&tblId=DT_201004_O020003&conn_path=I2,001019004,001019,002 계 (14210.MT0047 명),006 65세이상고령자 (14999671.ga028 명),명,official source code parents + exact complete Q2 boundary parent/name-set bijection; SGIS codes not equated to statistics codes,seoul_2024,IN_CURRENT_STUDY_AREA,STRICTLY_INSIDE_CONFIGURED_BOUNDARY_UNION,current configured validated boundary union; no replacement coordinates or correction,5,1.4682562988195218,34054,6748,0.19815587008868268,0.3338510141771708,0.35469601803962664,151.71672395567197
"station:[""5"",""영등포구청""]",5,영등포구청,2524,subway/data/raw/2024/station/서울교통공사_1_8호선 역사 좌표(위경도) 정보_20260917.csv,135,영등포구청,2524,37.524209,126.895022,exact_matched,False,ELIGIBLE,,EPSG:4326,ANALYTICAL_ASSUMPTION,analysis assumption supported by official national station-data standard; not source-specific CRS explicitly verified. Batch2R-C official 2024 공공데이터 제공 표준 section42 도시철도역사정보 items10 역위도/11 역경도 explicitly specifies WGS84; longitude=x latitude=y geographic degrees. https://www.data.go.kr/bbs/rcr/selectRecsroom.do?originId=PDS_0000000001227&atchFileId=FILE_000000003049184 standard SHA256=d3d464f6a9dd9f6dfd3ff61fec966c95ccce8aec085c234ba3af9e665d3c67cd,False,SNAPSHOT_STABILITY_ASSUMPTION,"Official same-source snapshots labelled2023-10-31,2024-10-31,2025-08-14 corroborate identical coordinates for existing276source rows; practical pre-existing-station spatial stability assumption approved by human; not continuous-observation proof, not verified unchanged throughout2024. Historical2023/2024 file SHA256=9da58a78b07852906b9b9c75c539770d8a50a16c0cb5b8c21b23383327f85ce6; residual temporal uncertainty retained; see Batch2R-C temporal audit.",,adopted exact_matched; coordinate source=subway/data/raw/2024/station/서울교통공사_1_8호선 역사 좌표(위경도) 정보_20260917.csv row=135.0; ,,11190550,영등포구,당산1동,20240630,946542.9596266858,1947384.0422612643,MAPPED,11190550,UNIQUE_STRICT_WITHIN,longitude=x latitude=y; EPSG:4326 analytical assumption -> EPSG:5179; strict contains; non-within touches checked; no repair/fallback,288.0,subway/data/raw/2024/boundary/bnd_dong_11_2024_2Q.shp,boundary,2024 Q2,2024-06-30,population_direct_65_plus,subway/data/raw/2024/population_direct_65_plus/201_DT_201004_O020003_2024Q2_20261006.csv,310.0,e48f83ca75f7f92a5a83e39834440c0f3149ace1113c3533102797e4d0338d76,DT_201004_O020003,https://stat.eseoul.go.kr/statHtml/statHtml.do?orgId=201&tblId=DT_201004_O020003&conn_path=I2,001019005,001019,002 계 (14210.MT0047 명),006 65세이상고령자 (14999671.ga028 명),명,official source code parents + exact complete Q2 boundary parent/name-set bijection; SGIS codes not equated to statistics codes,seoul_2024,IN_CURRENT_STUDY_AREA,STRICTLY_INSIDE_CONFIGURED_BOUNDARY_UNION,current configured validated boundary union; no replacement coordinates or correction,2,0.9258830609693995,21601,3698,0.17119577797324198,-0.30301818855235046,0.04253359601833487,223.8919757775723
"station:[""5"",""영등포시장""]",5,영등포시장,2525,subway/data/raw/2024/station/서울교통공사_1_8호선 역사 좌표(위경도) 정보_20260917.csv,136,영등포시장,2525,37.52276,126.905143,exact_matched,False,ELIGIBLE,,EPSG:4326,ANALYTICAL_ASSUMPTION,analysis assumption supported by official national station-data standard; not source-specific CRS explicitly verified. Batch2R-C official 2024 공공데이터 제공 표준 section42 도시철도역사정보 items10 역위도/11 역경도 explicitly specifies WGS84; longitude=x latitude=y geographic degrees. https://www.data.go.kr/bbs/rcr/selectRecsroom.do?originId=PDS_0000000001227&atchFileId=FILE_000000003049184 standard SHA256=d3d464f6a9dd9f6dfd3ff61fec966c95ccce8aec085c234ba3af9e665d3c67cd,False,SNAPSHOT_STABILITY_ASSUMPTION,"Official same-source snapshots labelled2023-10-31,2024-10-31,2025-08-14 corroborate identical coordinates for existing276source rows; practical pre-existing-station spatial stability assumption approved by human; not continuous-observation proof, not verified unchanged throughout2024. Historical2023/2024 file SHA256=9da58a78b07852906b9b9c75c539770d8a50a16c0cb5b8c21b23383327f85ce6; residual temporal uncertainty retained; see Batch2R-C temporal audit.",,adopted exact_matched; coordinate source=subway/data/raw/2024/station/서울교통공사_1_8호선 역사 좌표(위경도) 정보_20260917.csv row=136.0; ,,11190740,영등포구,영등포동,20240630,947436.2628240443,1947217.5796786968,MAPPED,11190740,UNIQUE_STRICT_WITHIN,longitude=x latitude=y; EPSG:4326 analytical assumption -> EPSG:5179; strict contains; non-within touches checked; no repair/fallback,300.0,subway/data/raw/2024/boundary/bnd_dong_11_2024_2Q.shp,boundary,2024 Q2,2024-06-30,population_direct_65_plus,subway/data/raw/2024/population_direct_65_plus/201_DT_201004_O020003_2024Q2_20261006.csv,308.0,e48f83ca75f7f92a5a83e39834440c0f3149ace1113c3533102797e4d0338d76,DT_201004_O020003,https://stat.eseoul.go.kr/statHtml/statHtml.do?orgId=201&tblId=DT_201004_O020003&conn_path=I2,001019024,001019,002 계 (14210.MT0047 명),006 65세이상고령자 (14999671.ga028 명),명,official source code parents + exact complete Q2 boundary parent/name-set bijection; SGIS codes not equated to statistics codes,seoul_2024,IN_CURRENT_STUDY_AREA,STRICTLY_INSIDE_CONFIGURED_BOUNDARY_UNION,current configured validated boundary union; no replacement coordinates or correction,1,0.3136467710064925,31883,3669,0.1150770002822821,-1.628693229021797,-0.3098384418825537,442.53879930587084
"station:[""5"",""오금""]",5,오금,2558,subway/data/raw/2024/station/서울교통공사_1_8호선 역사 좌표(위경도) 정보_20260917.csv,169,오금,2558,37.502228,127.127701,exact_matched,False,ELIGIBLE,,EPSG:4326,ANALYTICAL_ASSUMPTION,analysis assumption supported by official national station-data standard; not source-specific CRS explicitly verified. Batch2R-C official 2024 공공데이터 제공 표준 section42 도시철도역사정보 items10 역위도/11 역경도 explicitly specifies WGS84; longitude=x latitude=y geographic degrees. https://www.data.go.kr/bbs/rcr/selectRecsroom.do?originId=PDS_0000000001227&atchFileId=FILE_000000003049184 standard SHA256=d3d464f6a9dd9f6dfd3ff61fec966c95ccce8aec085c234ba3af9e665d3c67cd,False,SNAPSHOT_STABILITY_ASSUMPTION,"Official same-source snapshots labelled2023-10-31,2024-10-31,2025-08-14 corroborate identical coordinates for existing276source rows; practical pre-existing-station spatial stability assumption approved by human; not continuous-observation proof, not verified unchanged throughout2024. Historical2023/2024 file SHA256=9da58a78b07852906b9b9c75c539770d8a50a16c0cb5b8c21b23383327f85ce6; residual temporal uncertainty retained; see Batch2R-C temporal audit.",,adopted exact_matched; coordinate source=subway/data/raw/2024/station/서울교통공사_1_8호선 역사 좌표(위경도) 정보_20260917.csv row=169.0; ,,11240650,송파구,가락본동,20240630,967093.3810995343,1944838.5892187415,MAPPED,11240650,UNIQUE_STRICT_WITHIN,longitude=x latitude=y; EPSG:4326 analytical assumption -> EPSG:5179; strict contains; non-within touches checked; no repair/fallback,366.0,subway/data/raw/2024/boundary/bnd_dong_11_2024_2Q.shp,boundary,2024 Q2,2024-06-30,population_direct_65_plus,subway/data/raw/2024/population_direct_65_plus/201_DT_201004_O020003_2024Q2_20261006.csv,420.0,e48f83ca75f7f92a5a83e39834440c0f3149ace1113c3533102797e4d0338d76,DT_201004_O020003,https://stat.eseoul.go.kr/statHtml/statHtml.do?orgId=201&tblId=DT_201004_O020003&conn_path=I2,001024015,001024,002 계 (14210.MT0047 명),006 65세이상고령자 (14999671.ga028 명),명,official source code parents + exact complete Q2 boundary parent/name-set bijection; SGIS codes not equated to statistics codes,seoul_2024,IN_CURRENT_STUDY_AREA,STRICTLY_INSIDE_CONFIGURED_BOUNDARY_UNION,current configured validated boundary union; no replacement coordinates or correction,1,0.3950539248607435,25313,4374,0.1727965867340892,-0.26520282075324303,-0.2629846287819426,265.0515166702547
"station:[""5"",""오목교(목동운동장앞)""]",5,오목교(목동운동장앞),2522,subway/data/raw/2024/station/서울교통공사_1_8호선 역사 좌표(위경도) 정보_20260917.csv,133,오목교,2522,37.524557,126.875049,alias_matched,False,ELIGIBLE,,EPSG:4326,ANALYTICAL_ASSUMPTION,analysis assumption supported by official national station-data standard; not source-specific CRS explicitly verified. Batch2R-C official 2024 공공데이터 제공 표준 section42 도시철도역사정보 items10 역위도/11 역경도 explicitly specifies WGS84; longitude=x latitude=y geographic degrees. https://www.data.go.kr/bbs/rcr/selectRecsroom.do?originId=PDS_0000000001227&atchFileId=FILE_000000003049184 standard SHA256=d3d464f6a9dd9f6dfd3ff61fec966c95ccce8aec085c234ba3af9e665d3c67cd,False,SNAPSHOT_STABILITY_ASSUMPTION,"Official same-source snapshots labelled2023-10-31,2024-10-31,2025-08-14 corroborate identical coordinates for existing276source rows; practical pre-existing-station spatial stability assumption approved by human; not continuous-observation proof, not verified unchanged throughout2024. Historical2023/2024 file SHA256=9da58a78b07852906b9b9c75c539770d8a50a16c0cb5b8c21b23383327f85ce6; residual temporal uncertainty retained; see Batch2R-C temporal audit.",,adopted alias_matched; coordinate source=subway/data/raw/2024/station/서울교통공사_1_8호선 역사 좌표(위경도) 정보_20260917.csv row=133.0; P-S2-2RA scoped source alias; provider family=서울교통공사; station_file=subway/data/raw/2024/station/서울교통공사_1_8호선 역사 좌표(위경도) 정보_20260917.csv; total_file=subway/data/raw/2024/total_ridership/서울교통공사_역별 일별 시간대별 승하차인원 정보_20260831.csv; station_row=133; normalized_line=5; external_code=2522; station_raw=오목교; canonical_2024_total=오목교(목동운동장앞); relation=B adjunct/display source difference; source code+line unique on both sides; explicit reviewed display variant; not an official rename claim; candidate identities station=1 total=1; no code-line contradiction or competing candidate; raw names preserved,,11150510,양천구,목1동,20240630,944778.3448133146,1947434.1894020373,MAPPED,11150510,UNIQUE_STRICT_WITHIN,longitude=x latitude=y; EPSG:4326 analytical assumption -> EPSG:5179; strict contains; non-within touches checked; no repair/fallback,141.0,subway/data/raw/2024/boundary/bnd_dong_11_2024_2Q.shp,boundary,2024 Q2,2024-06-30,population_direct_65_plus,subway/data/raw/2024/population_direct_65_plus/201_DT_201004_O020003_2024Q2_20261006.csv,239.0,e48f83ca75f7f92a5a83e39834440c0f3149ace1113c3533102797e4d0338d76,DT_201004_O020003,https://stat.eseoul.go.kr/statHtml/statHtml.do?orgId=201&tblId=DT_201004_O020003&conn_path=I2,001015001,001015,002 계 (14210.MT0047 명),006 65세이상고령자 (14999671.ga028 명),명,official source code parents + exact complete Q2 boundary parent/name-set bijection; SGIS codes not equated to statistics codes,seoul_2024,IN_CURRENT_STUDY_AREA,STRICTLY_INSIDE_CONFIGURED_BOUNDARY_UNION,current configured validated boundary union; no replacement coordinates or correction,3,0.9906548228378957,30283,3771,0.12452531123072351,-1.405498952269745,0.07981292444464537,405.7346067480868
"station:[""5"",""올림픽공원(한국체대)""]",5,올림픽공원(한국체대),2556,subway/data/raw/2024/station/서울교통공사_1_8호선 역사 좌표(위경도) 정보_20260917.csv,167,올림픽공원,2556,37.516217,127.130957,alias_matched,False,ELIGIBLE,,EPSG:4326,ANALYTICAL_ASSUMPTION,analysis assumption supported by official national station-data standard; not source-specific CRS explicitly verified. Batch2R-C official 2024 공공데이터 제공 표준 section42 도시철도역사정보 items10 역위도/11 역경도 explicitly specifies WGS84; longitude=x latitude=y geographic degrees. https://www.data.go.kr/bbs/rcr/selectRecsroom.do?originId=PDS_0000000001227&atchFileId=FILE_000000003049184 standard SHA256=d3d464f6a9dd9f6dfd3ff61fec966c95ccce8aec085c234ba3af9e665d3c67cd,False,SNAPSHOT_STABILITY_ASSUMPTION,"Official same-source snapshots labelled2023-10-31,2024-10-31,2025-08-14 corroborate identical coordinates for existing276source rows; practical pre-existing-station spatial stability assumption approved by human; not continuous-observation proof, not verified unchanged throughout2024. Historical2023/2024 file SHA256=9da58a78b07852906b9b9c75c539770d8a50a16c0cb5b8c21b23383327f85ce6; residual temporal uncertainty retained; see Batch2R-C temporal audit.",,adopted alias_matched; coordinate source=subway/data/raw/2024/station/서울교통공사_1_8호선 역사 좌표(위경도) 정보_20260917.csv row=167.0; P-S2-2RA scoped source alias; provider family=서울교통공사; station_file=subway/data/raw/2024/station/서울교통공사_1_8호선 역사 좌표(위경도) 정보_20260917.csv; total_file=subway/data/raw/2024/total_ridership/서울교통공사_역별 일별 시간대별 승하차인원 정보_20260831.csv; station_row=167; normalized_line=5; external_code=2556; station_raw=올림픽공원; canonical_2024_total=올림픽공원(한국체대); relation=B adjunct/display source difference; source code+line unique on both sides; explicit reviewed display variant; not an official rename claim; candidate identities station=1 total=1; no code-line contradiction or competing candidate; raw names preserved,,11240590,송파구,오륜동,20240630,967387.2589722864,1946389.4431814542,MAPPED,11240590,UNIQUE_STRICT_WITHIN,longitude=x latitude=y; EPSG:4326 analytical assumption -> EPSG:5179; strict contains; non-within touches checked; no repair/fallback,383.0,subway/data/raw/2024/boundary/bnd_dong_11_2024_2Q.shp,boundary,2024 Q2,2024-06-30,population_direct_65_plus,subway/data/raw/2024/population_direct_65_plus/201_DT_201004_O020003_2024Q2_20261006.csv,414.0,e48f83ca75f7f92a5a83e39834440c0f3149ace1113c3533102797e4d0338d76,DT_201004_O020003,https://stat.eseoul.go.kr/statHtml/statHtml.do?orgId=201&tblId=DT_201004_O020003&conn_path=I2,001024009,001024,002 계 (14210.MT0047 명),006 65세이상고령자 (14999671.ga028 명),명,official source code parents + exact complete Q2 boundary parent/name-set bijection; SGIS codes not equated to statistics codes,seoul_2024,IN_CURRENT_STUDY_AREA,STRICTLY_INSIDE_CONFIGURED_BOUNDARY_UNION,current configured validated boundary union; no replacement coordinates or correction,0,0.0,17712,3354,0.1893631436314363,0.12614338971256003,-0.4903575546703421,895.5268722534804
"station:[""5"",""왕십리(성동구청)""]",5,왕십리(성동구청),2541,subway/data/raw/2024/station/서울교통공사_1_8호선 역사 좌표(위경도) 정보_20260917.csv,152,왕십리,2541,37.56197,127.037264,alias_matched,False,ELIGIBLE,,EPSG:4326,ANALYTICAL_ASSUMPTION,analysis assumption supported by official national station-data standard; not source-specific CRS explicitly verified. Batch2R-C official 2024 공공데이터 제공 표준 section42 도시철도역사정보 items10 역위도/11 역경도 explicitly specifies WGS84; longitude=x latitude=y geographic degrees. https://www.data.go.kr/bbs/rcr/selectRecsroom.do?originId=PDS_0000000001227&atchFileId=FILE_000000003049184 standard SHA256=d3d464f6a9dd9f6dfd3ff61fec966c95ccce8aec085c234ba3af9e665d3c67cd,False,SNAPSHOT_STABILITY_ASSUMPTION,"Official same-source snapshots labelled2023-10-31,2024-10-31,2025-08-14 corroborate identical coordinates for existing276source rows; practical pre-existing-station spatial stability assumption approved by human; not continuous-observation proof, not verified unchanged throughout2024. Historical2023/2024 file SHA256=9da58a78b07852906b9b9c75c539770d8a50a16c0cb5b8c21b23383327f85ce6; residual temporal uncertainty retained; see Batch2R-C temporal audit.",,adopted alias_matched; coordinate source=subway/data/raw/2024/station/서울교통공사_1_8호선 역사 좌표(위경도) 정보_20260917.csv row=152.0; P-S2-2RA scoped source alias; provider family=서울교통공사; station_file=subway/data/raw/2024/station/서울교통공사_1_8호선 역사 좌표(위경도) 정보_20260917.csv; total_file=subway/data/raw/2024/total_ridership/서울교통공사_역별 일별 시간대별 승하차인원 정보_20260831.csv; station_row=152; normalized_line=5; external_code=2541; station_raw=왕십리; canonical_2024_total=왕십리(성동구청); relation=B adjunct/display source difference; source code+line unique on both sides; explicit reviewed display variant; not an official rename claim; OA-22477 row=48 previous=왕십리 changed=왕십리(성동구청) revision=2014-12-18 note=병기역명; https://data.seoul.go.kr/dataList/OA-22477/F/1/datasetView.do; candidate identities station=1 total=1; no code-line contradiction or competing candidate; raw names preserved,,11040560,성동구,행당1동,20240630,959132.4411313656,1951502.079387623,MAPPED,11040560,UNIQUE_STRICT_WITHIN,longitude=x latitude=y; EPSG:4326 analytical assumption -> EPSG:5179; strict contains; non-within touches checked; no repair/fallback,117.0,subway/data/raw/2024/boundary/bnd_dong_11_2024_2Q.shp,boundary,2024 Q2,2024-06-30,population_direct_65_plus,subway/data/raw/2024/population_direct_65_plus/201_DT_201004_O020003_2024Q2_20261006.csv,58.0,e48f83ca75f7f92a5a83e39834440c0f3149ace1113c3533102797e4d0338d76,DT_201004_O020003,https://stat.eseoul.go.kr/statHtml/statHtml.do?orgId=201&tblId=DT_201004_O020003&conn_path=I2,001004006,001004,002 계 (14210.MT0047 명),006 65세이상고령자 (14999671.ga028 명),명,official source code parents + exact complete Q2 boundary parent/name-set bijection; SGIS codes not equated to statistics codes,seoul_2024,IN_CURRENT_STUDY_AREA,STRICTLY_INSIDE_CONFIGURED_BOUNDARY_UNION,current configured validated boundary union; no replacement coordinates or correction,4,2.850220892119139,14034,2320,0.16531281174291007,-0.4419895242864137,1.1500844783959412,164.79533449753103
"station:[""5"",""우장산""]",5,우장산,2517,subway/data/raw/2024/station/서울교통공사_1_8호선 역사 좌표(위경도) 정보_20260917.csv,128,우장산,2517,37.548864,126.83633,exact_matched,False,ELIGIBLE,,EPSG:4326,ANALYTICAL_ASSUMPTION,analysis assumption supported by official national station-data standard; not source-specific CRS explicitly verified. Batch2R-C official 2024 공공데이터 제공 표준 section42 도시철도역사정보 items10 역위도/11 역경도 explicitly specifies WGS84; longitude=x latitude=y geographic degrees. https://www.data.go.kr/bbs/rcr/selectRecsroom.do?originId=PDS_0000000001227&atchFileId=FILE_000000003049184 standard SHA256=d3d464f6a9dd9f6dfd3ff61fec966c95ccce8aec085c234ba3af9e665d3c67cd,False,SNAPSHOT_STABILITY_ASSUMPTION,"Official same-source snapshots labelled2023-10-31,2024-10-31,2025-08-14 corroborate identical coordinates for existing276source rows; practical pre-existing-station spatial stability assumption approved by human; not continuous-observation proof, not verified unchanged throughout2024. Historical2023/2024 file SHA256=9da58a78b07852906b9b9c75c539770d8a50a16c0cb5b8c21b23383327f85ce6; residual temporal uncertainty retained; see Batch2R-C temporal audit.",,adopted exact_matched; coordinate source=subway/data/raw/2024/station/서울교통공사_1_8호선 역사 좌표(위경도) 정보_20260917.csv row=128.0; ,,11160740,강서구,우장산동,20240630,941376.0668721219,1950154.371521856,MAPPED,11160740,UNIQUE_STRICT_WITHIN,longitude=x latitude=y; EPSG:4326 analytical assumption -> EPSG:5179; strict contains; non-within touches checked; no repair/fallback,280.0,subway/data/raw/2024/boundary/bnd_dong_11_2024_2Q.shp,boundary,2024 Q2,2024-06-30,population_direct_65_plus,subway/data/raw/2024/population_direct_65_plus/201_DT_201004_O020003_2024Q2_20261006.csv,273.0,e48f83ca75f7f92a5a83e39834440c0f3149ace1113c3533102797e4d0338d76,DT_201004_O020003,https://stat.eseoul.go.kr/statHtml/statHtml.do?orgId=201&tblId=DT_201004_O020003&conn_path=I2,001016023,001016,002 계 (14210.MT0047 명),006 65세이상고령자 (14999671.ga028 명),명,official source code parents + exact complete Q2 boundary parent/name-set bijection; SGIS codes not equated to statistics codes,seoul_2024,IN_CURRENT_STUDY_AREA,STRICTLY_INSIDE_CONFIGURED_BOUNDARY_UNION,current configured validated boundary union; no replacement coordinates or correction,0,0.0,43845,6805,0.15520583875014254,-0.6807431533300672,-0.4903575546703421,86.49149829246875
"station:[""5"",""을지로4가""]",5,을지로4가,2536,subway/data/raw/2024/station/서울교통공사_1_8호선 역사 좌표(위경도) 정보_20260917.csv,147,을지로4가,2536,37.56658,126.998127,exact_matched,False,ELIGIBLE,,EPSG:4326,ANALYTICAL_ASSUMPTION,analysis assumption supported by official national station-data standard; not source-specific CRS explicitly verified. Batch2R-C official 2024 공공데이터 제공 표준 section42 도시철도역사정보 items10 역위도/11 역경도 explicitly specifies WGS84; longitude=x latitude=y geographic degrees. https://www.data.go.kr/bbs/rcr/selectRecsroom.do?originId=PDS_0000000001227&atchFileId=FILE_000000003049184 standard SHA256=d3d464f6a9dd9f6dfd3ff61fec966c95ccce8aec085c234ba3af9e665d3c67cd,False,SNAPSHOT_STABILITY_ASSUMPTION,"Official same-source snapshots labelled2023-10-31,2024-10-31,2025-08-14 corroborate identical coordinates for existing276source rows; practical pre-existing-station spatial stability assumption approved by human; not continuous-observation proof, not verified unchanged throughout2024. Historical2023/2024 file SHA256=9da58a78b07852906b9b9c75c539770d8a50a16c0cb5b8c21b23383327f85ce6; residual temporal uncertainty retained; see Batch2R-C temporal audit.",,adopted exact_matched; coordinate source=subway/data/raw/2024/station/서울교통공사_1_8호선 역사 좌표(위경도) 정보_20260917.csv row=147.0; ,,11020600,중구,을지로동,20240630,955678.6792266398,1952031.2735821146,MAPPED,11020600,UNIQUE_STRICT_WITHIN,longitude=x latitude=y; EPSG:4326 analytical assumption -> EPSG:5179; strict contains; non-within touches checked; no repair/fallback,45.0,subway/data/raw/2024/boundary/bnd_dong_11_2024_2Q.shp,boundary,2024 Q2,2024-06-30,population_direct_65_plus,subway/data/raw/2024/population_direct_65_plus/201_DT_201004_O020003_2024Q2_20261006.csv,27.0,e48f83ca75f7f92a5a83e39834440c0f3149ace1113c3533102797e4d0338d76,DT_201004_O020003,https://stat.eseoul.go.kr/statHtml/statHtml.do?orgId=201&tblId=DT_201004_O020003&conn_path=I2,001002007,001002,002 계 (14210.MT0047 명),006 65세이상고령자 (14999671.ga028 명),명,official source code parents + exact complete Q2 boundary parent/name-set bijection; SGIS codes not equated to statistics codes,seoul_2024,IN_CURRENT_STUDY_AREA,STRICTLY_INSIDE_CONFIGURED_BOUNDARY_UNION,current configured validated boundary union; no replacement coordinates or correction,2,5.770340450086555,3466,518,0.14945181765724178,-0.8166684613829198,2.8307566247947795,330.20389100567354
"station:[""5"",""장한평""]",5,장한평,2544,subway/data/raw/2024/station/서울교통공사_1_8호선 역사 좌표(위경도) 정보_20260917.csv,155,장한평,2544,37.561438,127.064601,exact_matched,False,ELIGIBLE,,EPSG:4326,ANALYTICAL_ASSUMPTION,analysis assumption supported by official national station-data standard; not source-specific CRS explicitly verified. Batch2R-C official 2024 공공데이터 제공 표준 section42 도시철도역사정보 items10 역위도/11 역경도 explicitly specifies WGS84; longitude=x latitude=y geographic degrees. https://www.data.go.kr/bbs/rcr/selectRecsroom.do?originId=PDS_0000000001227&atchFileId=FILE_000000003049184 standard SHA256=d3d464f6a9dd9f6dfd3ff61fec966c95ccce8aec085c234ba3af9e665d3c67cd,False,SNAPSHOT_STABILITY_ASSUMPTION,"Official same-source snapshots labelled2023-10-31,2024-10-31,2025-08-14 corroborate identical coordinates for existing276source rows; practical pre-existing-station spatial stability assumption approved by human; not continuous-observation proof, not verified unchanged throughout2024. Historical2023/2024 file SHA256=9da58a78b07852906b9b9c75c539770d8a50a16c0cb5b8c21b23383327f85ce6; residual temporal uncertainty retained; see Batch2R-C temporal audit.",,adopted exact_matched; coordinate source=subway/data/raw/2024/station/서울교통공사_1_8호선 역사 좌표(위경도) 정보_20260917.csv row=155.0; ,,11040700,성동구,용답동,20240630,961546.5080800691,1951431.5208466717,MAPPED,11040700,UNIQUE_STRICT_WITHIN,longitude=x latitude=y; EPSG:4326 analytical assumption -> EPSG:5179; strict contains; non-within touches checked; no repair/fallback,35.0,subway/data/raw/2024/boundary/bnd_dong_11_2024_2Q.shp,boundary,2024 Q2,2024-06-30,population_direct_65_plus,subway/data/raw/2024/population_direct_65_plus/201_DT_201004_O020003_2024Q2_20261006.csv,70.0,e48f83ca75f7f92a5a83e39834440c0f3149ace1113c3533102797e4d0338d76,DT_201004_O020003,https://stat.eseoul.go.kr/statHtml/statHtml.do?orgId=201&tblId=DT_201004_O020003&conn_path=I2,001004020,001004,002 계 (14210.MT0047 명),006 65세이상고령자 (14999671.ga028 명),명,official source code parents + exact complete Q2 boundary parent/name-set bijection; SGIS codes not equated to statistics codes,seoul_2024,IN_CURRENT_STUDY_AREA,STRICTLY_INSIDE_CONFIGURED_BOUNDARY_UNION,current configured validated boundary union; no replacement coordinates or correction,1,0.7617886798202179,13127,2362,0.17993448617353547,-0.09658661923217762,-0.05191077528334918,77.70711681761999
"station:[""5"",""종로3가""]",5,종로3가,2535,subway/data/raw/2024/station/서울교통공사_1_8호선 역사 좌표(위경도) 정보_20260917.csv,146,종로3가,2535,37.572546,126.990447,exact_matched,False,ELIGIBLE,,EPSG:4326,ANALYTICAL_ASSUMPTION,analysis assumption supported by official national station-data standard; not source-specific CRS explicitly verified. Batch2R-C official 2024 공공데이터 제공 표준 section42 도시철도역사정보 items10 역위도/11 역경도 explicitly specifies WGS84; longitude=x latitude=y geographic degrees. https://www.data.go.kr/bbs/rcr/selectRecsroom.do?originId=PDS_0000000001227&atchFileId=FILE_000000003049184 standard SHA256=d3d464f6a9dd9f6dfd3ff61fec966c95ccce8aec085c234ba3af9e665d3c67cd,False,SNAPSHOT_STABILITY_ASSUMPTION,"Official same-source snapshots labelled2023-10-31,2024-10-31,2025-08-14 corroborate identical coordinates for existing276source rows; practical pre-existing-station spatial stability assumption approved by human; not continuous-observation proof, not verified unchanged throughout2024. Historical2023/2024 file SHA256=9da58a78b07852906b9b9c75c539770d8a50a16c0cb5b8c21b23383327f85ce6; residual temporal uncertainty retained; see Batch2R-C temporal audit.",,adopted exact_matched; coordinate source=subway/data/raw/2024/station/서울교통공사_1_8호선 역사 좌표(위경도) 정보_20260917.csv row=146.0; ,,11010610,종로구,종로1·2·3·4가동,20240630,955004.0290514694,1952696.8218739415,MAPPED,11010610,UNIQUE_STRICT_WITHIN,longitude=x latitude=y; EPSG:4326 analytical assumption -> EPSG:5179; strict contains; non-within touches checked; no repair/fallback,19.0,subway/data/raw/2024/boundary/bnd_dong_11_2024_2Q.shp,boundary,2024 Q2,2024-06-30,population_direct_65_plus,subway/data/raw/2024/population_direct_65_plus/201_DT_201004_O020003_2024Q2_20261006.csv,11.0,e48f83ca75f7f92a5a83e39834440c0f3149ace1113c3533102797e4d0338d76,DT_201004_O020003,https://stat.eseoul.go.kr/statHtml/statHtml.do?orgId=201&tblId=DT_201004_O020003&conn_path=I2,001001010,001001,002 계 (14210.MT0047 명),006 65세이상고령자 (14999671.ga028 명),명,official source code parents + exact complete Q2 boundary parent/name-set bijection; SGIS codes not equated to statistics codes,seoul_2024,IN_CURRENT_STUDY_AREA,STRICTLY_INSIDE_CONFIGURED_BOUNDARY_UNION,current configured validated boundary union; no replacement coordinates or correction,5,5.927682276229993,8435,1811,0.21470065204505037,0.724682842524335,2.9213145692259563,245.84704188032435
"station:[""5"",""천호(풍납토성)""]",5,천호(풍납토성),2548,subway/data/raw/2024/station/서울교통공사_1_8호선 역사 좌표(위경도) 정보_20260917.csv,159,천호,2548,37.538566,127.123539,alias_matched,False,ELIGIBLE,,EPSG:4326,ANALYTICAL_ASSUMPTION,analysis assumption supported by official national station-data standard; not source-specific CRS explicitly verified. Batch2R-C official 2024 공공데이터 제공 표준 section42 도시철도역사정보 items10 역위도/11 역경도 explicitly specifies WGS84; longitude=x latitude=y geographic degrees. https://www.data.go.kr/bbs/rcr/selectRecsroom.do?originId=PDS_0000000001227&atchFileId=FILE_000000003049184 standard SHA256=d3d464f6a9dd9f6dfd3ff61fec966c95ccce8aec085c234ba3af9e665d3c67cd,False,SNAPSHOT_STABILITY_ASSUMPTION,"Official same-source snapshots labelled2023-10-31,2024-10-31,2025-08-14 corroborate identical coordinates for existing276source rows; practical pre-existing-station spatial stability assumption approved by human; not continuous-observation proof, not verified unchanged throughout2024. Historical2023/2024 file SHA256=9da58a78b07852906b9b9c75c539770d8a50a16c0cb5b8c21b23383327f85ce6; residual temporal uncertainty retained; see Batch2R-C temporal audit.",,adopted alias_matched; coordinate source=subway/data/raw/2024/station/서울교통공사_1_8호선 역사 좌표(위경도) 정보_20260917.csv row=159.0; P-S2-2RA scoped source alias; provider family=서울교통공사; station_file=subway/data/raw/2024/station/서울교통공사_1_8호선 역사 좌표(위경도) 정보_20260917.csv; total_file=subway/data/raw/2024/total_ridership/서울교통공사_역별 일별 시간대별 승하차인원 정보_20260831.csv; station_row=159; normalized_line=5; external_code=2548; station_raw=천호; canonical_2024_total=천호(풍납토성); relation=B adjunct/display source difference; source code+line unique on both sides; explicit reviewed display variant; not an official rename claim; candidate identities station=1 total=1; no code-line contradiction or competing candidate; raw names preserved,,11250660,강동구,성내2동,20240630,966741.6435093395,1948871.522983556,MAPPED,11250660,UNIQUE_STRICT_WITHIN,longitude=x latitude=y; EPSG:4326 analytical assumption -> EPSG:5179; strict contains; non-within touches checked; no repair/fallback,378.0,subway/data/raw/2024/boundary/bnd_dong_11_2024_2Q.shp,boundary,2024 Q2,2024-06-30,population_direct_65_plus,subway/data/raw/2024/population_direct_65_plus/201_DT_201004_O020003_2024Q2_20261006.csv,448.0,e48f83ca75f7f92a5a83e39834440c0f3149ace1113c3533102797e4d0338d76,DT_201004_O020003,https://stat.eseoul.go.kr/statHtml/statHtml.do?orgId=201&tblId=DT_201004_O020003&conn_path=I2,001025016,001025,002 계 (14210.MT0047 명),006 65세이상고령자 (14999671.ga028 명),명,official source code parents + exact complete Q2 boundary parent/name-set bijection; SGIS codes not equated to statistics codes,seoul_2024,IN_CURRENT_STUDY_AREA,STRICTLY_INSIDE_CONFIGURED_BOUNDARY_UNION,current configured validated boundary union; no replacement coordinates or correction,1,0.40748135772788396,24541,4917,0.20035858359480055,0.38588497565163443,-0.25583203113776165,200.26476983279494
"station:[""5"",""청구""]",5,청구,2538,subway/data/raw/2024/station/서울교통공사_1_8호선 역사 좌표(위경도) 정보_20260917.csv,149,청구,2538,37.560237,127.01379,exact_matched,False,ELIGIBLE,,EPSG:4326,ANALYTICAL_ASSUMPTION,analysis assumption supported by official national station-data standard; not source-specific CRS explicitly verified. Batch2R-C official 2024 공공데이터 제공 표준 section42 도시철도역사정보 items10 역위도/11 역경도 explicitly specifies WGS84; longitude=x latitude=y geographic degrees. https://www.data.go.kr/bbs/rcr/selectRecsroom.do?originId=PDS_0000000001227&atchFileId=FILE_000000003049184 standard SHA256=d3d464f6a9dd9f6dfd3ff61fec966c95ccce8aec085c234ba3af9e665d3c67cd,False,SNAPSHOT_STABILITY_ASSUMPTION,"Official same-source snapshots labelled2023-10-31,2024-10-31,2025-08-14 corroborate identical coordinates for existing276source rows; practical pre-existing-station spatial stability assumption approved by human; not continuous-observation proof, not verified unchanged throughout2024. Historical2023/2024 file SHA256=9da58a78b07852906b9b9c75c539770d8a50a16c0cb5b8c21b23383327f85ce6; residual temporal uncertainty retained; see Batch2R-C temporal audit.",,adopted exact_matched; coordinate source=subway/data/raw/2024/station/서울교통공사_1_8호선 역사 좌표(위경도) 정보_20260917.csv row=149.0; ,,11020720,중구,청구동,20240630,957058.2753806753,1951320.2782859206,MAPPED,11020720,UNIQUE_STRICT_WITHIN,longitude=x latitude=y; EPSG:4326 analytical assumption -> EPSG:5179; strict contains; non-within touches checked; no repair/fallback,110.0,subway/data/raw/2024/boundary/bnd_dong_11_2024_2Q.shp,boundary,2024 Q2,2024-06-30,population_direct_65_plus,subway/data/raw/2024/population_direct_65_plus/201_DT_201004_O020003_2024Q2_20261006.csv,31.0,e48f83ca75f7f92a5a83e39834440c0f3149ace1113c3533102797e4d0338d76,DT_201004_O020003,https://stat.eseoul.go.kr/statHtml/statHtml.do?orgId=201&tblId=DT_201004_O020003&conn_path=I2,001002019,001002,002 계 (14210.MT0047 명),006 65세이상고령자 (14999671.ga028 명),명,official source code parents + exact complete Q2 boundary parent/name-set bijection; SGIS codes not equated to statistics codes,seoul_2024,IN_CURRENT_STUDY_AREA,STRICTLY_INSIDE_CONFIGURED_BOUNDARY_UNION,current configured validated boundary union; no replacement coordinates or correction,0,0.0,13127,2988,0.2276224575302811,1.0299303143047305,-0.4903575546703421,306.91763164919416
"station:[""5"",""충정로(경기대입구)""]",5,충정로(경기대입구),2532,subway/data/raw/2024/station/서울교통공사_1_8호선 역사 좌표(위경도) 정보_20260917.csv,143,충정로,2532,37.560061,126.962783,alias_matched,False,ELIGIBLE,,EPSG:4326,ANALYTICAL_ASSUMPTION,analysis assumption supported by official national station-data standard; not source-specific CRS explicitly verified. Batch2R-C official 2024 공공데이터 제공 표준 section42 도시철도역사정보 items10 역위도/11 역경도 explicitly specifies WGS84; longitude=x latitude=y geographic degrees. https://www.data.go.kr/bbs/rcr/selectRecsroom.do?originId=PDS_0000000001227&atchFileId=FILE_000000003049184 standard SHA256=d3d464f6a9dd9f6dfd3ff61fec966c95ccce8aec085c234ba3af9e665d3c67cd,False,SNAPSHOT_STABILITY_ASSUMPTION,"Official same-source snapshots labelled2023-10-31,2024-10-31,2025-08-14 corroborate identical coordinates for existing276source rows; practical pre-existing-station spatial stability assumption approved by human; not continuous-observation proof, not verified unchanged throughout2024. Historical2023/2024 file SHA256=9da58a78b07852906b9b9c75c539770d8a50a16c0cb5b8c21b23383327f85ce6; residual temporal uncertainty retained; see Batch2R-C temporal audit.",,adopted alias_matched; coordinate source=subway/data/raw/2024/station/서울교통공사_1_8호선 역사 좌표(위경도) 정보_20260917.csv row=143.0; P-S2-2RA scoped source alias; provider family=서울교통공사; station_file=subway/data/raw/2024/station/서울교통공사_1_8호선 역사 좌표(위경도) 정보_20260917.csv; total_file=subway/data/raw/2024/total_ridership/서울교통공사_역별 일별 시간대별 승하차인원 정보_20260831.csv; station_row=143; normalized_line=5; external_code=2532; station_raw=충정로; canonical_2024_total=충정로(경기대입구); relation=B adjunct/display source difference; source code+line unique on both sides; explicit reviewed display variant; not an official rename claim; candidate identities station=1 total=1; no code-line contradiction or competing candidate; raw names preserved,,11130730,서대문구,충현동,20240630,952553.2288479055,1951325.2790451597,MAPPED,11130730,UNIQUE_STRICT_WITHIN,longitude=x latitude=y; EPSG:4326 analytical assumption -> EPSG:5179; strict contains; non-within touches checked; no repair/fallback,80.0,subway/data/raw/2024/boundary/bnd_dong_11_2024_2Q.shp,boundary,2024 Q2,2024-06-30,population_direct_65_plus,subway/data/raw/2024/population_direct_65_plus/201_DT_201004_O020003_2024Q2_20261006.csv,209.0,e48f83ca75f7f92a5a83e39834440c0f3149ace1113c3533102797e4d0338d76,DT_201004_O020003,https://stat.eseoul.go.kr/statHtml/statHtml.do?orgId=201&tblId=DT_201004_O020003&conn_path=I2,001013022,001013,002 계 (14210.MT0047 명),006 65세이상고령자 (14999671.ga028 명),명,official source code parents + exact complete Q2 boundary parent/name-set bijection; SGIS codes not equated to statistics codes,seoul_2024,IN_CURRENT_STUDY_AREA,STRICTLY_INSIDE_CONFIGURED_BOUNDARY_UNION,current configured validated boundary union; no replacement coordinates or correction,2,0.9963632740497185,20073,3670,0.18283266078812335,-0.028124013531123204,0.08309841832951397,56.68524983159803
"station:[""5"",""행당""]",5,행당,2540,subway/data/raw/2024/station/서울교통공사_1_8호선 역사 좌표(위경도) 정보_20260917.csv,151,행당,2540,37.557297,127.029482,exact_matched,False,ELIGIBLE,,EPSG:4326,ANALYTICAL_ASSUMPTION,analysis assumption supported by official national station-data standard; not source-specific CRS explicitly verified. Batch2R-C official 2024 공공데이터 제공 표준 section42 도시철도역사정보 items10 역위도/11 역경도 explicitly specifies WGS84; longitude=x latitude=y geographic degrees. https://www.data.go.kr/bbs/rcr/selectRecsroom.do?originId=PDS_0000000001227&atchFileId=FILE_000000003049184 standard SHA256=d3d464f6a9dd9f6dfd3ff61fec966c95ccce8aec085c234ba3af9e665d3c67cd,False,SNAPSHOT_STABILITY_ASSUMPTION,"Official same-source snapshots labelled2023-10-31,2024-10-31,2025-08-14 corroborate identical coordinates for existing276source rows; practical pre-existing-station spatial stability assumption approved by human; not continuous-observation proof, not verified unchanged throughout2024. Historical2023/2024 file SHA256=9da58a78b07852906b9b9c75c539770d8a50a16c0cb5b8c21b23383327f85ce6; residual temporal uncertainty retained; see Batch2R-C temporal audit.",,adopted exact_matched; coordinate source=subway/data/raw/2024/station/서울교통공사_1_8호선 역사 좌표(위경도) 정보_20260917.csv row=151.0; ,,11040570,성동구,행당2동,20240630,958442.557138388,1950987.046996549,MAPPED,11040570,UNIQUE_STRICT_WITHIN,longitude=x latitude=y; EPSG:4326 analytical assumption -> EPSG:5179; strict contains; non-within touches checked; no repair/fallback,118.0,subway/data/raw/2024/boundary/bnd_dong_11_2024_2Q.shp,boundary,2024 Q2,2024-06-30,population_direct_65_plus,subway/data/raw/2024/population_direct_65_plus/201_DT_201004_O020003_2024Q2_20261006.csv,59.0,e48f83ca75f7f92a5a83e39834440c0f3149ace1113c3533102797e4d0338d76,DT_201004_O020003,https://stat.eseoul.go.kr/statHtml/statHtml.do?orgId=201&tblId=DT_201004_O020003&conn_path=I2,001004007,001004,002 계 (14210.MT0047 명),006 65세이상고령자 (14999671.ga028 명),명,official source code parents + exact complete Q2 boundary parent/name-set bijection; SGIS codes not equated to statistics codes,seoul_2024,IN_CURRENT_STUDY_AREA,STRICTLY_INSIDE_CONFIGURED_BOUNDARY_UNION,current configured validated boundary union; no replacement coordinates or correction,0,0.0,22850,4259,0.18638949671772428,0.05589792723321504,-0.4903575546703421,405.05220859125006
"station:[""5"",""화곡""]",5,화곡,2518,subway/data/raw/2024/station/서울교통공사_1_8호선 역사 좌표(위경도) 정보_20260917.csv,129,화곡,2518,37.541585,126.840436,exact_matched,False,ELIGIBLE,,EPSG:4326,ANALYTICAL_ASSUMPTION,analysis assumption supported by official national station-data standard; not source-specific CRS explicitly verified. Batch2R-C official 2024 공공데이터 제공 표준 section42 도시철도역사정보 items10 역위도/11 역경도 explicitly specifies WGS84; longitude=x latitude=y geographic degrees. https://www.data.go.kr/bbs/rcr/selectRecsroom.do?originId=PDS_0000000001227&atchFileId=FILE_000000003049184 standard SHA256=d3d464f6a9dd9f6dfd3ff61fec966c95ccce8aec085c234ba3af9e665d3c67cd,False,SNAPSHOT_STABILITY_ASSUMPTION,"Official same-source snapshots labelled2023-10-31,2024-10-31,2025-08-14 corroborate identical coordinates for existing276source rows; practical pre-existing-station spatial stability assumption approved by human; not continuous-observation proof, not verified unchanged throughout2024. Historical2023/2024 file SHA256=9da58a78b07852906b9b9c75c539770d8a50a16c0cb5b8c21b23383327f85ce6; residual temporal uncertainty retained; see Batch2R-C temporal audit.",,adopted exact_matched; coordinate source=subway/data/raw/2024/station/서울교통공사_1_8호선 역사 좌표(위경도) 정보_20260917.csv row=129.0; ,,11160730,강서구,화곡1동,20240630,941733.1007972632,1949344.2473423171,MAPPED,11160730,UNIQUE_STRICT_WITHIN,longitude=x latitude=y; EPSG:4326 analytical assumption -> EPSG:5179; strict contains; non-within touches checked; no repair/fallback,279.0,subway/data/raw/2024/boundary/bnd_dong_11_2024_2Q.shp,boundary,2024 Q2,2024-06-30,population_direct_65_plus,subway/data/raw/2024/population_direct_65_plus/201_DT_201004_O020003_2024Q2_20261006.csv,262.0,e48f83ca75f7f92a5a83e39834440c0f3149ace1113c3533102797e4d0338d76,DT_201004_O020003,https://stat.eseoul.go.kr/statHtml/statHtml.do?orgId=201&tblId=DT_201004_O020003&conn_path=I2,001016006,001016,002 계 (14210.MT0047 명),006 65세이상고령자 (14999671.ga028 명),명,official source code parents + exact complete Q2 boundary parent/name-set bijection; SGIS codes not equated to statistics codes,seoul_2024,IN_CURRENT_STUDY_AREA,STRICTLY_INSIDE_CONFIGURED_BOUNDARY_UNION,current configured validated boundary union; no replacement coordinates or correction,3,0.584954958468198,51286,9479,0.18482626837733496,0.018970309086919632,-0.15368726221159762,60.84272274575327
"station:[""6"",""공덕""]",6,공덕,2627,subway/data/raw/2024/station/서울교통공사_1_8호선 역사 좌표(위경도) 정보_20260917.csv,194,공덕,2628,37.543592,126.951664,exact_matched,True,ELIGIBLE_CODE_WARNING,,EPSG:4326,ANALYTICAL_ASSUMPTION,analysis assumption supported by official national station-data standard; not source-specific CRS explicitly verified. Batch2R-C official 2024 공공데이터 제공 표준 section42 도시철도역사정보 items10 역위도/11 역경도 explicitly specifies WGS84; longitude=x latitude=y geographic degrees. https://www.data.go.kr/bbs/rcr/selectRecsroom.do?originId=PDS_0000000001227&atchFileId=FILE_000000003049184 standard SHA256=d3d464f6a9dd9f6dfd3ff61fec966c95ccce8aec085c234ba3af9e665d3c67cd,False,SNAPSHOT_STABILITY_ASSUMPTION,"Official same-source snapshots labelled2023-10-31,2024-10-31,2025-08-14 corroborate identical coordinates for existing276source rows; practical pre-existing-station spatial stability assumption approved by human; not continuous-observation proof, not verified unchanged throughout2024. Historical2023/2024 file SHA256=9da58a78b07852906b9b9c75c539770d8a50a16c0cb5b8c21b23383327f85ce6; residual temporal uncertainty retained; see Batch2R-C temporal audit.",,adopted exact_matched; coordinate source=subway/data/raw/2024/station/서울교통공사_1_8호선 역사 좌표(위경도) 정보_20260917.csv row=194.0; ; current official KRIC support export=2026-06-30; operator=서울교통공사; address=서울특별시 마포구 백범로 지하200(공덕동); exact name/line; official operator/address; no code-only join; https://data.kric.go.kr/rips/M_01_01/detail.do?id=32; codes remain incompatible,current official KRIC support export=2026-06-30; operator=서울교통공사; address=서울특별시 마포구 백범로 지하200(공덕동); exact name/line; official operator/address; no code-only join; https://data.kric.go.kr/rips/M_01_01/detail.do?id=32; codes remain incompatible,11140770,마포구,공덕동,20240630,951560.5380379958,1949503.7981005465,MAPPED,11140770,UNIQUE_STRICT_WITHIN,longitude=x latitude=y; EPSG:4326 analytical assumption -> EPSG:5179; strict contains; non-within touches checked; no repair/fallback,139.0,subway/data/raw/2024/boundary/bnd_dong_11_2024_2Q.shp,boundary,2024 Q2,2024-06-30,population_direct_65_plus,subway/data/raw/2024/population_direct_65_plus/201_DT_201004_O020003_2024Q2_20261006.csv,223.0,e48f83ca75f7f92a5a83e39834440c0f3149ace1113c3533102797e4d0338d76,DT_201004_O020003,https://stat.eseoul.go.kr/statHtml/statHtml.do?orgId=201&tblId=DT_201004_O020003&conn_path=I2,001014027,001014,002 계 (14210.MT0047 명),006 65세이상고령자 (14999671.ga028 명),명,official source code parents + exact complete Q2 boundary parent/name-set bijection; SGIS codes not equated to statistics codes,seoul_2024,IN_CURRENT_STUDY_AREA,STRICTLY_INSIDE_CONFIGURED_BOUNDARY_UNION,current configured validated boundary union; no replacement coordinates or correction,3,0.8119739085717379,36947,6450,0.17457439034292366,-0.22320636309575578,-0.02302671267940461,39.748747994689786
"station:[""6"",""구산""]",6,구산,2616,subway/data/raw/2024/station/서울교통공사_1_8호선 역사 좌표(위경도) 정보_20260917.csv,183,구산,2617,37.611223,126.917246,exact_matched,True,ELIGIBLE_CODE_WARNING,,EPSG:4326,ANALYTICAL_ASSUMPTION,analysis assumption supported by official national station-data standard; not source-specific CRS explicitly verified. Batch2R-C official 2024 공공데이터 제공 표준 section42 도시철도역사정보 items10 역위도/11 역경도 explicitly specifies WGS84; longitude=x latitude=y geographic degrees. https://www.data.go.kr/bbs/rcr/selectRecsroom.do?originId=PDS_0000000001227&atchFileId=FILE_000000003049184 standard SHA256=d3d464f6a9dd9f6dfd3ff61fec966c95ccce8aec085c234ba3af9e665d3c67cd,False,SNAPSHOT_STABILITY_ASSUMPTION,"Official same-source snapshots labelled2023-10-31,2024-10-31,2025-08-14 corroborate identical coordinates for existing276source rows; practical pre-existing-station spatial stability assumption approved by human; not continuous-observation proof, not verified unchanged throughout2024. Historical2023/2024 file SHA256=9da58a78b07852906b9b9c75c539770d8a50a16c0cb5b8c21b23383327f85ce6; residual temporal uncertainty retained; see Batch2R-C temporal audit.",,adopted exact_matched; coordinate source=subway/data/raw/2024/station/서울교통공사_1_8호선 역사 좌표(위경도) 정보_20260917.csv row=183.0; ; current official KRIC support export=2026-06-30; operator=서울교통공사; address=서울특별시 은평구 연서로 지하137-1(구산동); exact name/line; official operator/address; no code-only join; https://data.kric.go.kr/rips/M_01_01/detail.do?id=32; codes remain incompatible,current official KRIC support export=2026-06-30; operator=서울교통공사; address=서울특별시 은평구 연서로 지하137-1(구산동); exact name/line; official operator/address; no code-only join; https://data.kric.go.kr/rips/M_01_01/detail.do?id=32; codes remain incompatible,11120570,은평구,구산동,20240630,948566.601291822,1957025.4474838017,MAPPED,11120570,UNIQUE_STRICT_WITHIN,longitude=x latitude=y; EPSG:4326 analytical assumption -> EPSG:5179; strict contains; non-within touches checked; no repair/fallback,238.0,subway/data/raw/2024/boundary/bnd_dong_11_2024_2Q.shp,boundary,2024 Q2,2024-06-30,population_direct_65_plus,subway/data/raw/2024/population_direct_65_plus/201_DT_201004_O020003_2024Q2_20261006.csv,195.0,e48f83ca75f7f92a5a83e39834440c0f3149ace1113c3533102797e4d0338d76,DT_201004_O020003,https://stat.eseoul.go.kr/statHtml/statHtml.do?orgId=201&tblId=DT_201004_O020003&conn_path=I2,001012007,001012,002 계 (14210.MT0047 명),006 65세이상고령자 (14999671.ga028 명),명,official source code parents + exact complete Q2 boundary parent/name-set bijection; SGIS codes not equated to statistics codes,seoul_2024,IN_CURRENT_STUDY_AREA,STRICTLY_INSIDE_CONFIGURED_BOUNDARY_UNION,current configured validated boundary union; no replacement coordinates or correction,0,0.0,31439,6860,0.21820032443780019,0.807354428253398,-0.4903575546703421,47.18510499586514
"station:[""6"",""독바위""]",6,독바위,2614,subway/data/raw/2024/station/서울교통공사_1_8호선 역사 좌표(위경도) 정보_20260917.csv,181,독바위,2614,37.618413,126.933035,exact_matched,False,ELIGIBLE,,EPSG:4326,ANALYTICAL_ASSUMPTION,analysis assumption supported by official national station-data standard; not source-specific CRS explicitly verified. Batch2R-C official 2024 공공데이터 제공 표준 section42 도시철도역사정보 items10 역위도/11 역경도 explicitly specifies WGS84; longitude=x latitude=y geographic degrees. https://www.data.go.kr/bbs/rcr/selectRecsroom.do?originId=PDS_0000000001227&atchFileId=FILE_000000003049184 standard SHA256=d3d464f6a9dd9f6dfd3ff61fec966c95ccce8aec085c234ba3af9e665d3c67cd,False,SNAPSHOT_STABILITY_ASSUMPTION,"Official same-source snapshots labelled2023-10-31,2024-10-31,2025-08-14 corroborate identical coordinates for existing276source rows; practical pre-existing-station spatial stability assumption approved by human; not continuous-observation proof, not verified unchanged throughout2024. Historical2023/2024 file SHA256=9da58a78b07852906b9b9c75c539770d8a50a16c0cb5b8c21b23383327f85ce6; residual temporal uncertainty retained; see Batch2R-C temporal audit.",,adopted exact_matched; coordinate source=subway/data/raw/2024/station/서울교통공사_1_8호선 역사 좌표(위경도) 정보_20260917.csv row=181.0; ,,11120520,은평구,불광1동,20240630,949964.9556161418,1957814.617417037,MAPPED,11120520,UNIQUE_STRICT_WITHIN,longitude=x latitude=y; EPSG:4326 analytical assumption -> EPSG:5179; strict contains; non-within touches checked; no repair/fallback,106.0,subway/data/raw/2024/boundary/bnd_dong_11_2024_2Q.shp,boundary,2024 Q2,2024-06-30,population_direct_65_plus,subway/data/raw/2024/population_direct_65_plus/201_DT_201004_O020003_2024Q2_20261006.csv,191.0,e48f83ca75f7f92a5a83e39834440c0f3149ace1113c3533102797e4d0338d76,DT_201004_O020003,https://stat.eseoul.go.kr/statHtml/statHtml.do?orgId=201&tblId=DT_201004_O020003&conn_path=I2,001012002,001012,002 계 (14210.MT0047 명),006 65세이상고령자 (14999671.ga028 명),명,official source code parents + exact complete Q2 boundary parent/name-set bijection; SGIS codes not equated to statistics codes,seoul_2024,IN_CURRENT_STUDY_AREA,STRICTLY_INSIDE_CONFIGURED_BOUNDARY_UNION,current configured validated boundary union; no replacement coordinates or correction,5,1.3233464785750206,37783,8520,0.2254982399491835,0.9797506357077552,0.27129330325690776,722.9297693210526
"station:[""6"",""돌곶이""]",6,돌곶이,2644,subway/data/raw/2024/station/서울교통공사_1_8호선 역사 좌표(위경도) 정보_20260917.csv,211,돌곶이,2645,37.610522,127.056419,exact_matched,True,ELIGIBLE_CODE_WARNING,,EPSG:4326,ANALYTICAL_ASSUMPTION,analysis assumption supported by official national station-data standard; not source-specific CRS explicitly verified. Batch2R-C official 2024 공공데이터 제공 표준 section42 도시철도역사정보 items10 역위도/11 역경도 explicitly specifies WGS84; longitude=x latitude=y geographic degrees. https://www.data.go.kr/bbs/rcr/selectRecsroom.do?originId=PDS_0000000001227&atchFileId=FILE_000000003049184 standard SHA256=d3d464f6a9dd9f6dfd3ff61fec966c95ccce8aec085c234ba3af9e665d3c67cd,False,SNAPSHOT_STABILITY_ASSUMPTION,"Official same-source snapshots labelled2023-10-31,2024-10-31,2025-08-14 corroborate identical coordinates for existing276source rows; practical pre-existing-station spatial stability assumption approved by human; not continuous-observation proof, not verified unchanged throughout2024. Historical2023/2024 file SHA256=9da58a78b07852906b9b9c75c539770d8a50a16c0cb5b8c21b23383327f85ce6; residual temporal uncertainty retained; see Batch2R-C temporal audit.",,adopted exact_matched; coordinate source=subway/data/raw/2024/station/서울교통공사_1_8호선 역사 좌표(위경도) 정보_20260917.csv row=211.0; ; current official KRIC support export=2026-06-30; operator=서울교통공사; address=서울특별시 성북구 화랑로 지하243(석관동); exact name/line; official operator/address; no code-only join; https://data.kric.go.kr/rips/M_01_01/detail.do?id=32; codes remain incompatible,current official KRIC support export=2026-06-30; operator=서울교통공사; address=서울특별시 성북구 화랑로 지하243(석관동); exact name/line; official operator/address; no code-only join; https://data.kric.go.kr/rips/M_01_01/detail.do?id=32; codes remain incompatible,11080770,성북구,장위2동,20240630,960849.6038759524,1956880.5302515782,MAPPED,11080770,UNIQUE_STRICT_WITHIN,longitude=x latitude=y; EPSG:4326 analytical assumption -> EPSG:5179; strict contains; non-within touches checked; no repair/fallback,64.0,subway/data/raw/2024/boundary/bnd_dong_11_2024_2Q.shp,boundary,2024 Q2,2024-06-30,population_direct_65_plus,subway/data/raw/2024/population_direct_65_plus/201_DT_201004_O020003_2024Q2_20261006.csv,137.0,e48f83ca75f7f92a5a83e39834440c0f3149ace1113c3533102797e4d0338d76,DT_201004_O020003,https://stat.eseoul.go.kr/statHtml/statHtml.do?orgId=201&tblId=DT_201004_O020003&conn_path=I2,001008027,001008,002 계 (14210.MT0047 명),006 65세이상고령자 (14999671.ga028 명),명,official source code parents + exact complete Q2 boundary parent/name-set bijection; SGIS codes not equated to statistics codes,seoul_2024,IN_CURRENT_STUDY_AREA,STRICTLY_INSIDE_CONFIGURED_BOUNDARY_UNION,current configured validated boundary union; no replacement coordinates or correction,0,0.0,13217,3329,0.25187258833320725,1.6027830109652486,-0.4903575546703421,110.64518656408485
"station:[""6"",""동묘앞""]",6,동묘앞,2637,subway/data/raw/2024/station/서울교통공사_1_8호선 역사 좌표(위경도) 정보_20260917.csv,204,동묘앞,2638,37.572275,127.015666,exact_matched,True,ELIGIBLE_CODE_WARNING,,EPSG:4326,ANALYTICAL_ASSUMPTION,analysis assumption supported by official national station-data standard; not source-specific CRS explicitly verified. Batch2R-C official 2024 공공데이터 제공 표준 section42 도시철도역사정보 items10 역위도/11 역경도 explicitly specifies WGS84; longitude=x latitude=y geographic degrees. https://www.data.go.kr/bbs/rcr/selectRecsroom.do?originId=PDS_0000000001227&atchFileId=FILE_000000003049184 standard SHA256=d3d464f6a9dd9f6dfd3ff61fec966c95ccce8aec085c234ba3af9e665d3c67cd,False,SNAPSHOT_STABILITY_ASSUMPTION,"Official same-source snapshots labelled2023-10-31,2024-10-31,2025-08-14 corroborate identical coordinates for existing276source rows; practical pre-existing-station spatial stability assumption approved by human; not continuous-observation proof, not verified unchanged throughout2024. Historical2023/2024 file SHA256=9da58a78b07852906b9b9c75c539770d8a50a16c0cb5b8c21b23383327f85ce6; residual temporal uncertainty retained; see Batch2R-C temporal audit.",,adopted exact_matched; coordinate source=subway/data/raw/2024/station/서울교통공사_1_8호선 역사 좌표(위경도) 정보_20260917.csv row=204.0; ; current official KRIC support export=2026-06-30; operator=서울교통공사; address=서울특별시 종로구 지봉로 지하24(숭인동); exact name/line; official operator/address; no code-only join; https://data.kric.go.kr/rips/M_01_01/detail.do?id=32; codes remain incompatible,current official KRIC support export=2026-06-30; operator=서울교통공사; address=서울특별시 종로구 지봉로 지하24(숭인동); exact name/line; official operator/address; no code-only join; https://data.kric.go.kr/rips/M_01_01/detail.do?id=32; codes remain incompatible,11010670,종로구,창신1동,20240630,957230.8466831909,1952654.9777291096,MAPPED,11010670,UNIQUE_STRICT_WITHIN,longitude=x latitude=y; EPSG:4326 analytical assumption -> EPSG:5179; strict contains; non-within touches checked; no repair/fallback,22.0,subway/data/raw/2024/boundary/bnd_dong_11_2024_2Q.shp,boundary,2024 Q2,2024-06-30,population_direct_65_plus,subway/data/raw/2024/population_direct_65_plus/201_DT_201004_O020003_2024Q2_20261006.csv,15.0,e48f83ca75f7f92a5a83e39834440c0f3149ace1113c3533102797e4d0338d76,DT_201004_O020003,https://stat.eseoul.go.kr/statHtml/statHtml.do?orgId=201&tblId=DT_201004_O020003&conn_path=I2,001001015,001001,002 계 (14210.MT0047 명),006 65세이상고령자 (14999671.ga028 명),명,official source code parents + exact complete Q2 boundary parent/name-set bijection; SGIS codes not equated to statistics codes,seoul_2024,IN_CURRENT_STUDY_AREA,STRICTLY_INSIDE_CONFIGURED_BOUNDARY_UNION,current configured validated boundary union; no replacement coordinates or correction,2,3.727171077152441,5366,1264,0.23555721207603428,1.2173703564147522,1.6548123570005693,40.701521399010005
"station:[""6"",""디지털미디어시티""]",6,디지털미디어시티,2619,subway/data/raw/2024/station/서울교통공사_1_8호선 역사 좌표(위경도) 정보_20260917.csv,186,디지털미디어시티,2620,37.577005,126.898643,exact_matched,True,ELIGIBLE_CODE_WARNING,,EPSG:4326,ANALYTICAL_ASSUMPTION,analysis assumption supported by official national station-data standard; not source-specific CRS explicitly verified. Batch2R-C official 2024 공공데이터 제공 표준 section42 도시철도역사정보 items10 역위도/11 역경도 explicitly specifies WGS84; longitude=x latitude=y geographic degrees. https://www.data.go.kr/bbs/rcr/selectRecsroom.do?originId=PDS_0000000001227&atchFileId=FILE_000000003049184 standard SHA256=d3d464f6a9dd9f6dfd3ff61fec966c95ccce8aec085c234ba3af9e665d3c67cd,False,SNAPSHOT_STABILITY_ASSUMPTION,"Official same-source snapshots labelled2023-10-31,2024-10-31,2025-08-14 corroborate identical coordinates for existing276source rows; practical pre-existing-station spatial stability assumption approved by human; not continuous-observation proof, not verified unchanged throughout2024. Historical2023/2024 file SHA256=9da58a78b07852906b9b9c75c539770d8a50a16c0cb5b8c21b23383327f85ce6; residual temporal uncertainty retained; see Batch2R-C temporal audit.",,adopted exact_matched; coordinate source=subway/data/raw/2024/station/서울교통공사_1_8호선 역사 좌표(위경도) 정보_20260917.csv row=186.0; ; current official KRIC support export=2026-06-30; operator=서울교통공사; address=서울특별시 은평구 수색로 지하175(증산동); exact name/line; official operator/address; no code-only join; https://data.kric.go.kr/rips/M_01_01/detail.do?id=32; codes remain incompatible,current official KRIC support export=2026-06-30; operator=서울교통공사; address=서울특별시 은평구 수색로 지하175(증산동); exact name/line; official operator/address; no code-only join; https://data.kric.go.kr/rips/M_01_01/detail.do?id=32; codes remain incompatible,11140740,마포구,상암동,20240630,946900.391187352,1953239.4523971712,MAPPED,11140740,UNIQUE_STRICT_WITHIN,longitude=x latitude=y; EPSG:4326 analytical assumption -> EPSG:5179; strict contains; non-within touches checked; no repair/fallback,136.0,subway/data/raw/2024/boundary/bnd_dong_11_2024_2Q.shp,boundary,2024 Q2,2024-06-30,population_direct_65_plus,subway/data/raw/2024/population_direct_65_plus/201_DT_201004_O020003_2024Q2_20261006.csv,237.0,e48f83ca75f7f92a5a83e39834440c0f3149ace1113c3533102797e4d0338d76,DT_201004_O020003,https://stat.eseoul.go.kr/statHtml/statHtml.do?orgId=201&tblId=DT_201004_O020003&conn_path=I2,001014024,001014,002 계 (14210.MT0047 명),006 65세이상고령자 (14999671.ga028 명),명,official source code parents + exact complete Q2 boundary parent/name-set bijection; SGIS codes not equated to statistics codes,seoul_2024,IN_CURRENT_STUDY_AREA,STRICTLY_INSIDE_CONFIGURED_BOUNDARY_UNION,current configured validated boundary union; no replacement coordinates or correction,3,0.987914512464188,30367,4563,0.150261797345803,-0.7975345831946605,0.0782357413101356,639.1085934638654
"station:[""6"",""마포구청""]",6,마포구청,2621,subway/data/raw/2024/station/서울교통공사_1_8호선 역사 좌표(위경도) 정보_20260917.csv,188,마포구청,2622,37.563535,126.903326,exact_matched,True,ELIGIBLE_CODE_WARNING,,EPSG:4326,ANALYTICAL_ASSUMPTION,analysis assumption supported by official national station-data standard; not source-specific CRS explicitly verified. Batch2R-C official 2024 공공데이터 제공 표준 section42 도시철도역사정보 items10 역위도/11 역경도 explicitly specifies WGS84; longitude=x latitude=y geographic degrees. https://www.data.go.kr/bbs/rcr/selectRecsroom.do?originId=PDS_0000000001227&atchFileId=FILE_000000003049184 standard SHA256=d3d464f6a9dd9f6dfd3ff61fec966c95ccce8aec085c234ba3af9e665d3c67cd,False,SNAPSHOT_STABILITY_ASSUMPTION,"Official same-source snapshots labelled2023-10-31,2024-10-31,2025-08-14 corroborate identical coordinates for existing276source rows; practical pre-existing-station spatial stability assumption approved by human; not continuous-observation proof, not verified unchanged throughout2024. Historical2023/2024 file SHA256=9da58a78b07852906b9b9c75c539770d8a50a16c0cb5b8c21b23383327f85ce6; residual temporal uncertainty retained; see Batch2R-C temporal audit.",,adopted exact_matched; coordinate source=subway/data/raw/2024/station/서울교통공사_1_8호선 역사 좌표(위경도) 정보_20260917.csv row=188.0; ; current official KRIC support export=2026-06-30; operator=서울교통공사; address=서울특별시 마포구 월드컵로 지하190(성산동); exact name/line; official operator/address; no code-only join; https://data.kric.go.kr/rips/M_01_01/detail.do?id=32; codes remain incompatible,current official KRIC support export=2026-06-30; operator=서울교통공사; address=서울특별시 마포구 월드컵로 지하190(성산동); exact name/line; official operator/address; no code-only join; https://data.kric.go.kr/rips/M_01_01/detail.do?id=32; codes remain incompatible,11140730,마포구,성산2동,20240630,947304.4126994205,1951742.3797028183,MAPPED,11140730,UNIQUE_STRICT_WITHIN,longitude=x latitude=y; EPSG:4326 analytical assumption -> EPSG:5179; strict contains; non-within touches checked; no repair/fallback,135.0,subway/data/raw/2024/boundary/bnd_dong_11_2024_2Q.shp,boundary,2024 Q2,2024-06-30,population_direct_65_plus,subway/data/raw/2024/population_direct_65_plus/201_DT_201004_O020003_2024Q2_20261006.csv,236.0,e48f83ca75f7f92a5a83e39834440c0f3149ace1113c3533102797e4d0338d76,DT_201004_O020003,https://stat.eseoul.go.kr/statHtml/statHtml.do?orgId=201&tblId=DT_201004_O020003&conn_path=I2,001014023,001014,002 계 (14210.MT0047 명),006 65세이상고령자 (14999671.ga028 명),명,official source code parents + exact complete Q2 boundary parent/name-set bijection; SGIS codes not equated to statistics codes,seoul_2024,IN_CURRENT_STUDY_AREA,STRICTLY_INSIDE_CONFIGURED_BOUNDARY_UNION,current configured validated boundary union; no replacement coordinates or correction,0,0.0,39085,6700,0.17142126135346042,-0.2976916703797279,-0.4903575546703421,686.8787866766338
"station:[""6"",""망원""]",6,망원,2622,subway/data/raw/2024/station/서울교통공사_1_8호선 역사 좌표(위경도) 정보_20260917.csv,189,망원,2623,37.556031,126.910129,exact_matched,True,ELIGIBLE_CODE_WARNING,,EPSG:4326,ANALYTICAL_ASSUMPTION,analysis assumption supported by official national station-data standard; not source-specific CRS explicitly verified. Batch2R-C official 2024 공공데이터 제공 표준 section42 도시철도역사정보 items10 역위도/11 역경도 explicitly specifies WGS84; longitude=x latitude=y geographic degrees. https://www.data.go.kr/bbs/rcr/selectRecsroom.do?originId=PDS_0000000001227&atchFileId=FILE_000000003049184 standard SHA256=d3d464f6a9dd9f6dfd3ff61fec966c95ccce8aec085c234ba3af9e665d3c67cd,False,SNAPSHOT_STABILITY_ASSUMPTION,"Official same-source snapshots labelled2023-10-31,2024-10-31,2025-08-14 corroborate identical coordinates for existing276source rows; practical pre-existing-station spatial stability assumption approved by human; not continuous-observation proof, not verified unchanged throughout2024. Historical2023/2024 file SHA256=9da58a78b07852906b9b9c75c539770d8a50a16c0cb5b8c21b23383327f85ce6; residual temporal uncertainty retained; see Batch2R-C temporal audit.",,adopted exact_matched; coordinate source=subway/data/raw/2024/station/서울교통공사_1_8호선 역사 좌표(위경도) 정보_20260917.csv row=189.0; ; current official KRIC support export=2026-06-30; operator=서울교통공사; address=서울특별시 마포구 월드컵로 지하77(망원동); exact name/line; official operator/address; no code-only join; https://data.kric.go.kr/rips/M_01_01/detail.do?id=32; codes remain incompatible,current official KRIC support export=2026-06-30; operator=서울교통공사; address=서울특별시 마포구 월드컵로 지하77(망원동); exact name/line; official operator/address; no code-only join; https://data.kric.go.kr/rips/M_01_01/detail.do?id=32; codes remain incompatible,11140660,마포구,서교동,20240630,947900.003835035,1950906.05339673,MAPPED,11140660,UNIQUE_STRICT_WITHIN,longitude=x latitude=y; EPSG:4326 analytical assumption -> EPSG:5179; strict contains; non-within touches checked; no repair/fallback,129.0,subway/data/raw/2024/boundary/bnd_dong_11_2024_2Q.shp,boundary,2024 Q2,2024-06-30,population_direct_65_plus,subway/data/raw/2024/population_direct_65_plus/201_DT_201004_O020003_2024Q2_20261006.csv,230.0,e48f83ca75f7f92a5a83e39834440c0f3149ace1113c3533102797e4d0338d76,DT_201004_O020003,https://stat.eseoul.go.kr/statHtml/statHtml.do?orgId=201&tblId=DT_201004_O020003&conn_path=I2,001014016,001014,002 계 (14210.MT0047 명),006 65세이상고령자 (14999671.ga028 명),명,official source code parents + exact complete Q2 boundary parent/name-set bijection; SGIS codes not equated to statistics codes,seoul_2024,IN_CURRENT_STUDY_AREA,STRICTLY_INSIDE_CONFIGURED_BOUNDARY_UNION,current configured validated boundary union; no replacement coordinates or correction,5,1.9157088122605364,26100,3460,0.13256704980842912,-1.2155316622986037,0.6122269037612778,421.411001487693
"station:[""6"",""버티고개""]",6,버티고개,2633,subway/data/raw/2024/station/서울교통공사_1_8호선 역사 좌표(위경도) 정보_20260917.csv,200,버티고개,2634,37.547933,127.006948,exact_matched,True,ELIGIBLE_CODE_WARNING,,EPSG:4326,ANALYTICAL_ASSUMPTION,analysis assumption supported by official national station-data standard; not source-specific CRS explicitly verified. Batch2R-C official 2024 공공데이터 제공 표준 section42 도시철도역사정보 items10 역위도/11 역경도 explicitly specifies WGS84; longitude=x latitude=y geographic degrees. https://www.data.go.kr/bbs/rcr/selectRecsroom.do?originId=PDS_0000000001227&atchFileId=FILE_000000003049184 standard SHA256=d3d464f6a9dd9f6dfd3ff61fec966c95ccce8aec085c234ba3af9e665d3c67cd,False,SNAPSHOT_STABILITY_ASSUMPTION,"Official same-source snapshots labelled2023-10-31,2024-10-31,2025-08-14 corroborate identical coordinates for existing276source rows; practical pre-existing-station spatial stability assumption approved by human; not continuous-observation proof, not verified unchanged throughout2024. Historical2023/2024 file SHA256=9da58a78b07852906b9b9c75c539770d8a50a16c0cb5b8c21b23383327f85ce6; residual temporal uncertainty retained; see Batch2R-C temporal audit.",,adopted exact_matched; coordinate source=subway/data/raw/2024/station/서울교통공사_1_8호선 역사 좌표(위경도) 정보_20260917.csv row=200.0; ; current official KRIC support export=2026-06-30; operator=서울교통공사; address=서울특별시 중구 다산로 지하38(신당동); exact name/line; official operator/address; no code-only join; https://data.kric.go.kr/rips/M_01_01/detail.do?id=32; codes remain incompatible,current official KRIC support export=2026-06-30; operator=서울교통공사; address=서울특별시 중구 다산로 지하38(신당동); exact name/line; official operator/address; no code-only join; https://data.kric.go.kr/rips/M_01_01/detail.do?id=32; codes remain incompatible,11020710,중구,약수동,20240630,956446.8308899819,1949958.3624013518,MAPPED,11020710,UNIQUE_STRICT_WITHIN,longitude=x latitude=y; EPSG:4326 analytical assumption -> EPSG:5179; strict contains; non-within touches checked; no repair/fallback,109.0,subway/data/raw/2024/boundary/bnd_dong_11_2024_2Q.shp,boundary,2024 Q2,2024-06-30,population_direct_65_plus,subway/data/raw/2024/population_direct_65_plus/201_DT_201004_O020003_2024Q2_20261006.csv,30.0,e48f83ca75f7f92a5a83e39834440c0f3149ace1113c3533102797e4d0338d76,DT_201004_O020003,https://stat.eseoul.go.kr/statHtml/statHtml.do?orgId=201&tblId=DT_201004_O020003&conn_path=I2,001002018,001002,002 계 (14210.MT0047 명),006 65세이상고령자 (14999671.ga028 명),명,official source code parents + exact complete Q2 boundary parent/name-set bijection; SGIS codes not equated to statistics codes,seoul_2024,IN_CURRENT_STUDY_AREA,STRICTLY_INSIDE_CONFIGURED_BOUNDARY_UNION,current configured validated boundary union; no replacement coordinates or correction,0,0.0,16343,4232,0.25894878541271493,1.7699416383573998,-0.4903575546703421,880.3073095988648
"station:[""6"",""보문""]",6,보문,2639,subway/data/raw/2024/station/서울교통공사_1_8호선 역사 좌표(위경도) 정보_20260917.csv,206,보문,2640,37.585293,127.019377,exact_matched,True,ELIGIBLE_CODE_WARNING,,EPSG:4326,ANALYTICAL_ASSUMPTION,analysis assumption supported by official national station-data standard; not source-specific CRS explicitly verified. Batch2R-C official 2024 공공데이터 제공 표준 section42 도시철도역사정보 items10 역위도/11 역경도 explicitly specifies WGS84; longitude=x latitude=y geographic degrees. https://www.data.go.kr/bbs/rcr/selectRecsroom.do?originId=PDS_0000000001227&atchFileId=FILE_000000003049184 standard SHA256=d3d464f6a9dd9f6dfd3ff61fec966c95ccce8aec085c234ba3af9e665d3c67cd,False,SNAPSHOT_STABILITY_ASSUMPTION,"Official same-source snapshots labelled2023-10-31,2024-10-31,2025-08-14 corroborate identical coordinates for existing276source rows; practical pre-existing-station spatial stability assumption approved by human; not continuous-observation proof, not verified unchanged throughout2024. Historical2023/2024 file SHA256=9da58a78b07852906b9b9c75c539770d8a50a16c0cb5b8c21b23383327f85ce6; residual temporal uncertainty retained; see Batch2R-C temporal audit.",,adopted exact_matched; coordinate source=subway/data/raw/2024/station/서울교통공사_1_8호선 역사 좌표(위경도) 정보_20260917.csv row=206.0; ; current official KRIC support export=2026-06-30; operator=서울교통공사; address=서울특별시 성북구 보문로 지하116(보문동1가); exact name/line; official operator/address; no code-only join; https://data.kric.go.kr/rips/M_01_01/detail.do?id=32; codes remain incompatible,current official KRIC support export=2026-06-30; operator=서울교통공사; address=서울특별시 성북구 보문로 지하116(보문동1가); exact name/line; official operator/address; no code-only join; https://data.kric.go.kr/rips/M_01_01/detail.do?id=32; codes remain incompatible,11080610,성북구,보문동,20240630,957565.9375553579,1954097.578816209,MAPPED,11080610,UNIQUE_STRICT_WITHIN,longitude=x latitude=y; EPSG:4326 analytical assumption -> EPSG:5179; strict contains; non-within touches checked; no repair/fallback,389.0,subway/data/raw/2024/boundary/bnd_dong_11_2024_2Q.shp,boundary,2024 Q2,2024-06-30,population_direct_65_plus,subway/data/raw/2024/population_direct_65_plus/201_DT_201004_O020003_2024Q2_20261006.csv,126.0,e48f83ca75f7f92a5a83e39834440c0f3149ace1113c3533102797e4d0338d76,DT_201004_O020003,https://stat.eseoul.go.kr/statHtml/statHtml.do?orgId=201&tblId=DT_201004_O020003&conn_path=I2,001008011,001008,002 계 (14210.MT0047 명),006 65세이상고령자 (14999671.ga028 명),명,official source code parents + exact complete Q2 boundary parent/name-set bijection; SGIS codes not equated to statistics codes,seoul_2024,IN_CURRENT_STUDY_AREA,STRICTLY_INSIDE_CONFIGURED_BOUNDARY_UNION,current configured validated boundary union; no replacement coordinates or correction,1,0.6038282712396594,16561,2726,0.16460358673993117,-0.4587433083710135,-0.14282474427163092,26.63873448313915
"station:[""6"",""불광""]",6,불광,2613,subway/data/raw/2024/station/서울교통공사_1_8호선 역사 좌표(위경도) 정보_20260917.csv,180,불광,2613,37.610919,126.929504,exact_matched,False,ELIGIBLE,,EPSG:4326,ANALYTICAL_ASSUMPTION,analysis assumption supported by official national station-data standard; not source-specific CRS explicitly verified. Batch2R-C official 2024 공공데이터 제공 표준 section42 도시철도역사정보 items10 역위도/11 역경도 explicitly specifies WGS84; longitude=x latitude=y geographic degrees. https://www.data.go.kr/bbs/rcr/selectRecsroom.do?originId=PDS_0000000001227&atchFileId=FILE_000000003049184 standard SHA256=d3d464f6a9dd9f6dfd3ff61fec966c95ccce8aec085c234ba3af9e665d3c67cd,False,SNAPSHOT_STABILITY_ASSUMPTION,"Official same-source snapshots labelled2023-10-31,2024-10-31,2025-08-14 corroborate identical coordinates for existing276source rows; practical pre-existing-station spatial stability assumption approved by human; not continuous-observation proof, not verified unchanged throughout2024. Historical2023/2024 file SHA256=9da58a78b07852906b9b9c75c539770d8a50a16c0cb5b8c21b23383327f85ce6; residual temporal uncertainty retained; see Batch2R-C temporal audit.",,adopted exact_matched; coordinate source=subway/data/raw/2024/station/서울교통공사_1_8호선 역사 좌표(위경도) 정보_20260917.csv row=180.0; ,,11120520,은평구,불광1동,20240630,949648.2868506574,1956985.0745849963,MAPPED,11120520,UNIQUE_STRICT_WITHIN,longitude=x latitude=y; EPSG:4326 analytical assumption -> EPSG:5179; strict contains; non-within touches checked; no repair/fallback,106.0,subway/data/raw/2024/boundary/bnd_dong_11_2024_2Q.shp,boundary,2024 Q2,2024-06-30,population_direct_65_plus,subway/data/raw/2024/population_direct_65_plus/201_DT_201004_O020003_2024Q2_20261006.csv,191.0,e48f83ca75f7f92a5a83e39834440c0f3149ace1113c3533102797e4d0338d76,DT_201004_O020003,https://stat.eseoul.go.kr/statHtml/statHtml.do?orgId=201&tblId=DT_201004_O020003&conn_path=I2,001012002,001012,002 계 (14210.MT0047 명),006 65세이상고령자 (14999671.ga028 명),명,official source code parents + exact complete Q2 boundary parent/name-set bijection; SGIS codes not equated to statistics codes,seoul_2024,IN_CURRENT_STUDY_AREA,STRICTLY_INSIDE_CONFIGURED_BOUNDARY_UNION,current configured validated boundary union; no replacement coordinates or correction,5,1.3233464785750206,37783,8520,0.2254982399491835,0.9797506357077552,0.27129330325690776,43.08442811312551
"station:[""6"",""삼각지""]",6,삼각지,2629,subway/data/raw/2024/station/서울교통공사_1_8호선 역사 좌표(위경도) 정보_20260917.csv,196,삼각지,2630,37.535563,126.973996,exact_matched,True,ELIGIBLE_CODE_WARNING,,EPSG:4326,ANALYTICAL_ASSUMPTION,analysis assumption supported by official national station-data standard; not source-specific CRS explicitly verified. Batch2R-C official 2024 공공데이터 제공 표준 section42 도시철도역사정보 items10 역위도/11 역경도 explicitly specifies WGS84; longitude=x latitude=y geographic degrees. https://www.data.go.kr/bbs/rcr/selectRecsroom.do?originId=PDS_0000000001227&atchFileId=FILE_000000003049184 standard SHA256=d3d464f6a9dd9f6dfd3ff61fec966c95ccce8aec085c234ba3af9e665d3c67cd,False,SNAPSHOT_STABILITY_ASSUMPTION,"Official same-source snapshots labelled2023-10-31,2024-10-31,2025-08-14 corroborate identical coordinates for existing276source rows; practical pre-existing-station spatial stability assumption approved by human; not continuous-observation proof, not verified unchanged throughout2024. Historical2023/2024 file SHA256=9da58a78b07852906b9b9c75c539770d8a50a16c0cb5b8c21b23383327f85ce6; residual temporal uncertainty retained; see Batch2R-C temporal audit.",,adopted exact_matched; coordinate source=subway/data/raw/2024/station/서울교통공사_1_8호선 역사 좌표(위경도) 정보_20260917.csv row=196.0; ; current official KRIC support export=2026-06-30; operator=서울교통공사; address=서울특별시 용산구 한강대로 지하185(한강로1가); official OA-22477 row=53 date=2024-10-31 병기역명; new relationships are proposal only; https://data.kric.go.kr/rips/M_01_01/detail.do?id=32; codes remain incompatible,current official KRIC support export=2026-06-30; operator=서울교통공사; address=서울특별시 용산구 한강대로 지하185(한강로1가); official OA-22477 row=53 date=2024-10-31 병기역명; new relationships are proposal only; https://data.kric.go.kr/rips/M_01_01/detail.do?id=32; codes remain incompatible,11030730,용산구,한강로동,20240630,953528.3567069005,1948601.7528715315,MAPPED,11030730,UNIQUE_STRICT_WITHIN,longitude=x latitude=y; EPSG:4326 analytical assumption -> EPSG:5179; strict contains; non-within touches checked; no repair/fallback,400.0,subway/data/raw/2024/boundary/bnd_dong_11_2024_2Q.shp,boundary,2024 Q2,2024-06-30,population_direct_65_plus,subway/data/raw/2024/population_direct_65_plus/201_DT_201004_O020003_2024Q2_20261006.csv,45.0,e48f83ca75f7f92a5a83e39834440c0f3149ace1113c3533102797e4d0338d76,DT_201004_O020003,https://stat.eseoul.go.kr/statHtml/statHtml.do?orgId=201&tblId=DT_201004_O020003&conn_path=I2,001003022,001003,002 계 (14210.MT0047 명),006 65세이상고령자 (14999671.ga028 명),명,official source code parents + exact complete Q2 boundary parent/name-set bijection; SGIS codes not equated to statistics codes,seoul_2024,IN_CURRENT_STUDY_AREA,STRICTLY_INSIDE_CONFIGURED_BOUNDARY_UNION,current configured validated boundary union; no replacement coordinates or correction,2,0.8844469995135542,22613,3395,0.15013487816742582,-0.800532752325465,0.018685108666062284,989.2349950128929
"station:[""6"",""상수""]",6,상수,2624,subway/data/raw/2024/station/서울교통공사_1_8호선 역사 좌표(위경도) 정보_20260917.csv,191,상수,2625,37.547704,126.92292,exact_matched,True,ELIGIBLE_CODE_WARNING,,EPSG:4326,ANALYTICAL_ASSUMPTION,analysis assumption supported by official national station-data standard; not source-specific CRS explicitly verified. Batch2R-C official 2024 공공데이터 제공 표준 section42 도시철도역사정보 items10 역위도/11 역경도 explicitly specifies WGS84; longitude=x latitude=y geographic degrees. https://www.data.go.kr/bbs/rcr/selectRecsroom.do?originId=PDS_0000000001227&atchFileId=FILE_000000003049184 standard SHA256=d3d464f6a9dd9f6dfd3ff61fec966c95ccce8aec085c234ba3af9e665d3c67cd,False,SNAPSHOT_STABILITY_ASSUMPTION,"Official same-source snapshots labelled2023-10-31,2024-10-31,2025-08-14 corroborate identical coordinates for existing276source rows; practical pre-existing-station spatial stability assumption approved by human; not continuous-observation proof, not verified unchanged throughout2024. Historical2023/2024 file SHA256=9da58a78b07852906b9b9c75c539770d8a50a16c0cb5b8c21b23383327f85ce6; residual temporal uncertainty retained; see Batch2R-C temporal audit.",,adopted exact_matched; coordinate source=subway/data/raw/2024/station/서울교통공사_1_8호선 역사 좌표(위경도) 정보_20260917.csv row=191.0; ; current official KRIC support export=2026-06-30; operator=서울교통공사; address=서울특별시 마포구 독막로 지하85(상수동); exact name/line; official operator/address; no code-only join; https://data.kric.go.kr/rips/M_01_01/detail.do?id=32; codes remain incompatible,current official KRIC support export=2026-06-30; operator=서울교통공사; address=서울특별시 마포구 독막로 지하85(상수동); exact name/line; official operator/address; no code-only join; https://data.kric.go.kr/rips/M_01_01/detail.do?id=32; codes remain incompatible,11140760,마포구,서강동,20240630,949024.099816009,1949975.2007081907,MAPPED,11140760,UNIQUE_STRICT_WITHIN,longitude=x latitude=y; EPSG:4326 analytical assumption -> EPSG:5179; strict contains; non-within touches checked; no repair/fallback,138.0,subway/data/raw/2024/boundary/bnd_dong_11_2024_2Q.shp,boundary,2024 Q2,2024-06-30,population_direct_65_plus,subway/data/raw/2024/population_direct_65_plus/201_DT_201004_O020003_2024Q2_20261006.csv,229.0,e48f83ca75f7f92a5a83e39834440c0f3149ace1113c3533102797e4d0338d76,DT_201004_O020003,https://stat.eseoul.go.kr/statHtml/statHtml.do?orgId=201&tblId=DT_201004_O020003&conn_path=I2,001014026,001014,002 계 (14210.MT0047 명),006 65세이상고령자 (14999671.ga028 명),명,official source code parents + exact complete Q2 boundary parent/name-set bijection; SGIS codes not equated to statistics codes,seoul_2024,IN_CURRENT_STUDY_AREA,STRICTLY_INSIDE_CONFIGURED_BOUNDARY_UNION,current configured validated boundary union; no replacement coordinates or correction,1,0.3941818755173637,25369,3548,0.13985572943356064,-1.0433536310837226,-0.26348653598560656,248.27624544407996
"station:[""6"",""석계""]",6,석계,2645,subway/data/raw/2024/station/서울교통공사_1_8호선 역사 좌표(위경도) 정보_20260917.csv,212,석계,2646,37.614937,127.065922,exact_matched,True,ELIGIBLE_CODE_WARNING,,EPSG:4326,ANALYTICAL_ASSUMPTION,analysis assumption supported by official national station-data standard; not source-specific CRS explicitly verified. Batch2R-C official 2024 공공데이터 제공 표준 section42 도시철도역사정보 items10 역위도/11 역경도 explicitly specifies WGS84; longitude=x latitude=y geographic degrees. https://www.data.go.kr/bbs/rcr/selectRecsroom.do?originId=PDS_0000000001227&atchFileId=FILE_000000003049184 standard SHA256=d3d464f6a9dd9f6dfd3ff61fec966c95ccce8aec085c234ba3af9e665d3c67cd,False,SNAPSHOT_STABILITY_ASSUMPTION,"Official same-source snapshots labelled2023-10-31,2024-10-31,2025-08-14 corroborate identical coordinates for existing276source rows; practical pre-existing-station spatial stability assumption approved by human; not continuous-observation proof, not verified unchanged throughout2024. Historical2023/2024 file SHA256=9da58a78b07852906b9b9c75c539770d8a50a16c0cb5b8c21b23383327f85ce6; residual temporal uncertainty retained; see Batch2R-C temporal audit.",,adopted exact_matched; coordinate source=subway/data/raw/2024/station/서울교통공사_1_8호선 역사 좌표(위경도) 정보_20260917.csv row=212.0; ; current official KRIC support export=2026-06-30; operator=서울교통공사; address=서울특별시 노원구 화랑로 지하 347-1(월계동) ; exact name/line; official operator/address; no code-only join; https://data.kric.go.kr/rips/M_01_01/detail.do?id=32; codes remain incompatible,current official KRIC support export=2026-06-30; operator=서울교통공사; address=서울특별시 노원구 화랑로 지하 347-1(월계동) ; exact name/line; official operator/address; no code-only join; https://data.kric.go.kr/rips/M_01_01/detail.do?id=32; codes remain incompatible,11080850,성북구,석관동,20240630,961690.6064078169,1957366.4344851687,MAPPED,11080850,UNIQUE_STRICT_WITHIN,longitude=x latitude=y; EPSG:4326 analytical assumption -> EPSG:5179; strict contains; non-within touches checked; no repair/fallback,412.0,subway/data/raw/2024/boundary/bnd_dong_11_2024_2Q.shp,boundary,2024 Q2,2024-06-30,population_direct_65_plus,subway/data/raw/2024/population_direct_65_plus/201_DT_201004_O020003_2024Q2_20261006.csv,139.0,e48f83ca75f7f92a5a83e39834440c0f3149ace1113c3533102797e4d0338d76,DT_201004_O020003,https://stat.eseoul.go.kr/statHtml/statHtml.do?orgId=201&tblId=DT_201004_O020003&conn_path=I2,001008035,001008,002 계 (14210.MT0047 명),006 65세이상고령자 (14999671.ga028 명),명,official source code parents + exact complete Q2 boundary parent/name-set bijection; SGIS codes not equated to statistics codes,seoul_2024,IN_CURRENT_STUDY_AREA,STRICTLY_INSIDE_CONFIGURED_BOUNDARY_UNION,current configured validated boundary union; no replacement coordinates or correction,1,0.2887919831345482,34627,7892,0.22791463308978543,1.0368322794331066,-0.3241435923573189,84.67597981200583
"station:[""6"",""신당""]",6,신당,2636,subway/data/raw/2024/station/서울교통공사_1_8호선 역사 좌표(위경도) 정보_20260917.csv,203,신당,2637,37.566174,127.016158,exact_matched,True,ELIGIBLE_CODE_WARNING,,EPSG:4326,ANALYTICAL_ASSUMPTION,analysis assumption supported by official national station-data standard; not source-specific CRS explicitly verified. Batch2R-C official 2024 공공데이터 제공 표준 section42 도시철도역사정보 items10 역위도/11 역경도 explicitly specifies WGS84; longitude=x latitude=y geographic degrees. https://www.data.go.kr/bbs/rcr/selectRecsroom.do?originId=PDS_0000000001227&atchFileId=FILE_000000003049184 standard SHA256=d3d464f6a9dd9f6dfd3ff61fec966c95ccce8aec085c234ba3af9e665d3c67cd,False,SNAPSHOT_STABILITY_ASSUMPTION,"Official same-source snapshots labelled2023-10-31,2024-10-31,2025-08-14 corroborate identical coordinates for existing276source rows; practical pre-existing-station spatial stability assumption approved by human; not continuous-observation proof, not verified unchanged throughout2024. Historical2023/2024 file SHA256=9da58a78b07852906b9b9c75c539770d8a50a16c0cb5b8c21b23383327f85ce6; residual temporal uncertainty retained; see Batch2R-C temporal audit.",,adopted exact_matched; coordinate source=subway/data/raw/2024/station/서울교통공사_1_8호선 역사 좌표(위경도) 정보_20260917.csv row=203.0; ; current official KRIC support export=2026-06-30; operator=서울교통공사; address=서울특별시 중구 다산로 지하260(흥인동); exact name/line; official operator/address; no code-only join; https://data.kric.go.kr/rips/M_01_01/detail.do?id=32; codes remain incompatible,current official KRIC support export=2026-06-30; operator=서울교통공사; address=서울특별시 중구 다산로 지하260(흥인동); exact name/line; official operator/address; no code-only join; https://data.kric.go.kr/rips/M_01_01/detail.do?id=32; codes remain incompatible,11020690,중구,신당동,20240630,957270.8078318833,1951977.8786285056,MAPPED,11020690,UNIQUE_STRICT_WITHIN,longitude=x latitude=y; EPSG:4326 analytical assumption -> EPSG:5179; strict contains; non-within touches checked; no repair/fallback,105.0,subway/data/raw/2024/boundary/bnd_dong_11_2024_2Q.shp,boundary,2024 Q2,2024-06-30,population_direct_65_plus,subway/data/raw/2024/population_direct_65_plus/201_DT_201004_O020003_2024Q2_20261006.csv,28.0,e48f83ca75f7f92a5a83e39834440c0f3149ace1113c3533102797e4d0338d76,DT_201004_O020003,https://stat.eseoul.go.kr/statHtml/statHtml.do?orgId=201&tblId=DT_201004_O020003&conn_path=I2,001002016,001002,002 계 (14210.MT0047 명),006 65세이상고령자 (14999671.ga028 명),명,official source code parents + exact complete Q2 boundary parent/name-set bijection; SGIS codes not equated to statistics codes,seoul_2024,IN_CURRENT_STUDY_AREA,STRICTLY_INSIDE_CONFIGURED_BOUNDARY_UNION,current configured validated boundary union; no replacement coordinates or correction,1,1.125112511251125,8888,1614,0.1815931593159316,-0.057404340578845955,0.15719992429152285,327.6734769630329
"station:[""6"",""약수""]",6,약수,2634,subway/data/raw/2024/station/서울교통공사_1_8호선 역사 좌표(위경도) 정보_20260917.csv,201,약수,2635,37.554087,127.010237,exact_matched,True,ELIGIBLE_CODE_WARNING,,EPSG:4326,ANALYTICAL_ASSUMPTION,analysis assumption supported by official national station-data standard; not source-specific CRS explicitly verified. Batch2R-C official 2024 공공데이터 제공 표준 section42 도시철도역사정보 items10 역위도/11 역경도 explicitly specifies WGS84; longitude=x latitude=y geographic degrees. https://www.data.go.kr/bbs/rcr/selectRecsroom.do?originId=PDS_0000000001227&atchFileId=FILE_000000003049184 standard SHA256=d3d464f6a9dd9f6dfd3ff61fec966c95ccce8aec085c234ba3af9e665d3c67cd,False,SNAPSHOT_STABILITY_ASSUMPTION,"Official same-source snapshots labelled2023-10-31,2024-10-31,2025-08-14 corroborate identical coordinates for existing276source rows; practical pre-existing-station spatial stability assumption approved by human; not continuous-observation proof, not verified unchanged throughout2024. Historical2023/2024 file SHA256=9da58a78b07852906b9b9c75c539770d8a50a16c0cb5b8c21b23383327f85ce6; residual temporal uncertainty retained; see Batch2R-C temporal audit.",,adopted exact_matched; coordinate source=subway/data/raw/2024/station/서울교통공사_1_8호선 역사 좌표(위경도) 정보_20260917.csv row=201.0; ; current official KRIC support export=2026-06-30; operator=서울교통공사; address=서울특별시 중구 다산로 지하115(신당동); exact name/line; official operator/address; no code-only join; https://data.kric.go.kr/rips/M_01_01/detail.do?id=32; codes remain incompatible,current official KRIC support export=2026-06-30; operator=서울교통공사; address=서울특별시 중구 다산로 지하115(신당동); exact name/line; official operator/address; no code-only join; https://data.kric.go.kr/rips/M_01_01/detail.do?id=32; codes remain incompatible,11020700,중구,다산동,20240630,956740.9197229084,1950639.5972093283,MAPPED,11020700,UNIQUE_STRICT_WITHIN,longitude=x latitude=y; EPSG:4326 analytical assumption -> EPSG:5179; strict contains; non-within touches checked; no repair/fallback,25.0,subway/data/raw/2024/boundary/bnd_dong_11_2024_2Q.shp,boundary,2024 Q2,2024-06-30,population_direct_65_plus,subway/data/raw/2024/population_direct_65_plus/201_DT_201004_O020003_2024Q2_20261006.csv,29.0,e48f83ca75f7f92a5a83e39834440c0f3149ace1113c3533102797e4d0338d76,DT_201004_O020003,https://stat.eseoul.go.kr/statHtml/statHtml.do?orgId=201&tblId=DT_201004_O020003&conn_path=I2,001002017,001002,002 계 (14210.MT0047 명),006 65세이상고령자 (14999671.ga028 명),명,official source code parents + exact complete Q2 boundary parent/name-set bijection; SGIS codes not equated to statistics codes,seoul_2024,IN_CURRENT_STUDY_AREA,STRICTLY_INSIDE_CONFIGURED_BOUNDARY_UNION,current configured validated boundary union; no replacement coordinates or correction,0,0.0,13625,3010,0.22091743119266055,0.8715397287074662,-0.4903575546703421,768.5246560352465
"station:[""6"",""역촌""]",6,역촌,2612,subway/data/raw/2024/station/서울교통공사_1_8호선 역사 좌표(위경도) 정보_20260917.csv,179,역촌,2612,37.60605,126.922764,exact_matched,False,ELIGIBLE,,EPSG:4326,ANALYTICAL_ASSUMPTION,analysis assumption supported by official national station-data standard; not source-specific CRS explicitly verified. Batch2R-C official 2024 공공데이터 제공 표준 section42 도시철도역사정보 items10 역위도/11 역경도 explicitly specifies WGS84; longitude=x latitude=y geographic degrees. https://www.data.go.kr/bbs/rcr/selectRecsroom.do?originId=PDS_0000000001227&atchFileId=FILE_000000003049184 standard SHA256=d3d464f6a9dd9f6dfd3ff61fec966c95ccce8aec085c234ba3af9e665d3c67cd,False,SNAPSHOT_STABILITY_ASSUMPTION,"Official same-source snapshots labelled2023-10-31,2024-10-31,2025-08-14 corroborate identical coordinates for existing276source rows; practical pre-existing-station spatial stability assumption approved by human; not continuous-observation proof, not verified unchanged throughout2024. Historical2023/2024 file SHA256=9da58a78b07852906b9b9c75c539770d8a50a16c0cb5b8c21b23383327f85ce6; residual temporal uncertainty retained; see Batch2R-C temporal audit.",,adopted exact_matched; coordinate source=subway/data/raw/2024/station/서울교통공사_1_8호선 역사 좌표(위경도) 정보_20260917.csv row=179.0; ,,11120510,은평구,녹번동,20240630,949050.0910642303,1956448.5142169762,MAPPED,11120510,UNIQUE_STRICT_WITHIN,longitude=x latitude=y; EPSG:4326 analytical assumption -> EPSG:5179; strict contains; non-within touches checked; no repair/fallback,236.0,subway/data/raw/2024/boundary/bnd_dong_11_2024_2Q.shp,boundary,2024 Q2,2024-06-30,population_direct_65_plus,subway/data/raw/2024/population_direct_65_plus/201_DT_201004_O020003_2024Q2_20261006.csv,190.0,e48f83ca75f7f92a5a83e39834440c0f3149ace1113c3533102797e4d0338d76,DT_201004_O020003,https://stat.eseoul.go.kr/statHtml/statHtml.do?orgId=201&tblId=DT_201004_O020003&conn_path=I2,001012001,001012,002 계 (14210.MT0047 명),006 65세이상고령자 (14999671.ga028 명),명,official source code parents + exact complete Q2 boundary parent/name-set bijection; SGIS codes not equated to statistics codes,seoul_2024,IN_CURRENT_STUDY_AREA,STRICTLY_INSIDE_CONFIGURED_BOUNDARY_UNION,current configured validated boundary union; no replacement coordinates or correction,2,0.5515263491713317,36263,7799,0.21506769985936078,0.7333534897855735,-0.17292706778216096,34.242426575313225
"station:[""6"",""응암""]",6,응암,2611,subway/data/raw/2024/station/서울교통공사_1_8호선 역사 좌표(위경도) 정보_20260917.csv,178,응암,2611,37.59859,126.915583,exact_matched,False,ELIGIBLE,,EPSG:4326,ANALYTICAL_ASSUMPTION,analysis assumption supported by official national station-data standard; not source-specific CRS explicitly verified. Batch2R-C official 2024 공공데이터 제공 표준 section42 도시철도역사정보 items10 역위도/11 역경도 explicitly specifies WGS84; longitude=x latitude=y geographic degrees. https://www.data.go.kr/bbs/rcr/selectRecsroom.do?originId=PDS_0000000001227&atchFileId=FILE_000000003049184 standard SHA256=d3d464f6a9dd9f6dfd3ff61fec966c95ccce8aec085c234ba3af9e665d3c67cd,False,SNAPSHOT_STABILITY_ASSUMPTION,"Official same-source snapshots labelled2023-10-31,2024-10-31,2025-08-14 corroborate identical coordinates for existing276source rows; practical pre-existing-station spatial stability assumption approved by human; not continuous-observation proof, not verified unchanged throughout2024. Historical2023/2024 file SHA256=9da58a78b07852906b9b9c75c539770d8a50a16c0cb5b8c21b23383327f85ce6; residual temporal uncertainty retained; see Batch2R-C temporal audit.",,adopted exact_matched; coordinate source=subway/data/raw/2024/station/서울교통공사_1_8호선 역사 좌표(위경도) 정보_20260917.csv row=178.0; ,,11120650,은평구,신사1동,20240630,948411.1009461762,1955624.7777429686,MAPPED,11120650,UNIQUE_STRICT_WITHIN,longitude=x latitude=y; EPSG:4326 analytical assumption -> EPSG:5179; strict contains; non-within touches checked; no repair/fallback,240.0,subway/data/raw/2024/boundary/bnd_dong_11_2024_2Q.shp,boundary,2024 Q2,2024-06-30,population_direct_65_plus,subway/data/raw/2024/population_direct_65_plus/201_DT_201004_O020003_2024Q2_20261006.csv,201.0,e48f83ca75f7f92a5a83e39834440c0f3149ace1113c3533102797e4d0338d76,DT_201004_O020003,https://stat.eseoul.go.kr/statHtml/statHtml.do?orgId=201&tblId=DT_201004_O020003&conn_path=I2,001012015,001012,002 계 (14210.MT0047 명),006 65세이상고령자 (14999671.ga028 명),명,official source code parents + exact complete Q2 boundary parent/name-set bijection; SGIS codes not equated to statistics codes,seoul_2024,IN_CURRENT_STUDY_AREA,STRICTLY_INSIDE_CONFIGURED_BOUNDARY_UNION,current configured validated boundary union; no replacement coordinates or correction,0,0.0,26555,5651,0.21280361513839202,0.679869776711402,-0.4903575546703421,84.54462298898112
"station:[""6"",""이태원""]",6,이태원,2631,subway/data/raw/2024/station/서울교통공사_1_8호선 역사 좌표(위경도) 정보_20260917.csv,198,이태원,2632,37.534485,126.994369,exact_matched,True,ELIGIBLE_CODE_WARNING,,EPSG:4326,ANALYTICAL_ASSUMPTION,analysis assumption supported by official national station-data standard; not source-specific CRS explicitly verified. Batch2R-C official 2024 공공데이터 제공 표준 section42 도시철도역사정보 items10 역위도/11 역경도 explicitly specifies WGS84; longitude=x latitude=y geographic degrees. https://www.data.go.kr/bbs/rcr/selectRecsroom.do?originId=PDS_0000000001227&atchFileId=FILE_000000003049184 standard SHA256=d3d464f6a9dd9f6dfd3ff61fec966c95ccce8aec085c234ba3af9e665d3c67cd,False,SNAPSHOT_STABILITY_ASSUMPTION,"Official same-source snapshots labelled2023-10-31,2024-10-31,2025-08-14 corroborate identical coordinates for existing276source rows; practical pre-existing-station spatial stability assumption approved by human; not continuous-observation proof, not verified unchanged throughout2024. Historical2023/2024 file SHA256=9da58a78b07852906b9b9c75c539770d8a50a16c0cb5b8c21b23383327f85ce6; residual temporal uncertainty retained; see Batch2R-C temporal audit.",,adopted exact_matched; coordinate source=subway/data/raw/2024/station/서울교통공사_1_8호선 역사 좌표(위경도) 정보_20260917.csv row=198.0; ; current official KRIC support export=2026-06-30; operator=서울교통공사; address=서울특별시 용산구 이태원로 지하177(이태원동); exact name/line; official operator/address; no code-only join; https://data.kric.go.kr/rips/M_01_01/detail.do?id=32; codes remain incompatible,current official KRIC support export=2026-06-30; operator=서울교통공사; address=서울특별시 용산구 이태원로 지하177(이태원동); exact name/line; official operator/address; no code-only join; https://data.kric.go.kr/rips/M_01_01/detail.do?id=32; codes remain incompatible,11030650,용산구,이태원1동,20240630,955327.6492439077,1948472.2819781203,MAPPED,11030650,UNIQUE_STRICT_WITHIN,longitude=x latitude=y; EPSG:4326 analytical assumption -> EPSG:5179; strict contains; non-within touches checked; no repair/fallback,26.0,subway/data/raw/2024/boundary/bnd_dong_11_2024_2Q.shp,boundary,2024 Q2,2024-06-30,population_direct_65_plus,subway/data/raw/2024/population_direct_65_plus/201_DT_201004_O020003_2024Q2_20261006.csv,48.0,e48f83ca75f7f92a5a83e39834440c0f3149ace1113c3533102797e4d0338d76,DT_201004_O020003,https://stat.eseoul.go.kr/statHtml/statHtml.do?orgId=201&tblId=DT_201004_O020003&conn_path=I2,001003015,001003,002 계 (14210.MT0047 명),006 65세이상고령자 (14999671.ga028 명),명,official source code parents + exact complete Q2 boundary parent/name-set bijection; SGIS codes not equated to statistics codes,seoul_2024,IN_CURRENT_STUDY_AREA,STRICTLY_INSIDE_CONFIGURED_BOUNDARY_UNION,current configured validated boundary union; no replacement coordinates or correction,1,1.2753475322025254,7841,1442,0.18390511414360414,-0.0027898080489961907,0.2436675534807938,34.40447386938377
"station:[""6"",""창신""]",6,창신,2638,subway/data/raw/2024/station/서울교통공사_1_8호선 역사 좌표(위경도) 정보_20260917.csv,205,창신,2639,37.579772,127.015246,exact_matched,True,ELIGIBLE_CODE_WARNING,,EPSG:4326,ANALYTICAL_ASSUMPTION,analysis assumption supported by official national station-data standard; not source-specific CRS explicitly verified. Batch2R-C official 2024 공공데이터 제공 표준 section42 도시철도역사정보 items10 역위도/11 역경도 explicitly specifies WGS84; longitude=x latitude=y geographic degrees. https://www.data.go.kr/bbs/rcr/selectRecsroom.do?originId=PDS_0000000001227&atchFileId=FILE_000000003049184 standard SHA256=d3d464f6a9dd9f6dfd3ff61fec966c95ccce8aec085c234ba3af9e665d3c67cd,False,SNAPSHOT_STABILITY_ASSUMPTION,"Official same-source snapshots labelled2023-10-31,2024-10-31,2025-08-14 corroborate identical coordinates for existing276source rows; practical pre-existing-station spatial stability assumption approved by human; not continuous-observation proof, not verified unchanged throughout2024. Historical2023/2024 file SHA256=9da58a78b07852906b9b9c75c539770d8a50a16c0cb5b8c21b23383327f85ce6; residual temporal uncertainty retained; see Batch2R-C temporal audit.",,adopted exact_matched; coordinate source=subway/data/raw/2024/station/서울교통공사_1_8호선 역사 좌표(위경도) 정보_20260917.csv row=205.0; ; current official KRIC support export=2026-06-30; operator=서울교통공사; address=서울특별시 종로구 지봉로 지하112(창신동); exact name/line; official operator/address; no code-only join; https://data.kric.go.kr/rips/M_01_01/detail.do?id=32; codes remain incompatible,current official KRIC support export=2026-06-30; operator=서울교통공사; address=서울특별시 종로구 지봉로 지하112(창신동); exact name/line; official operator/address; no code-only join; https://data.kric.go.kr/rips/M_01_01/detail.do?id=32; codes remain incompatible,11010690,종로구,창신3동,20240630,957198.049748915,1953486.924415278,MAPPED,11010690,UNIQUE_STRICT_WITHIN,longitude=x latitude=y; EPSG:4326 analytical assumption -> EPSG:5179; strict contains; non-within touches checked; no repair/fallback,85.0,subway/data/raw/2024/boundary/bnd_dong_11_2024_2Q.shp,boundary,2024 Q2,2024-06-30,population_direct_65_plus,subway/data/raw/2024/population_direct_65_plus/201_DT_201004_O020003_2024Q2_20261006.csv,17.0,e48f83ca75f7f92a5a83e39834440c0f3149ace1113c3533102797e4d0338d76,DT_201004_O020003,https://stat.eseoul.go.kr/statHtml/statHtml.do?orgId=201&tblId=DT_201004_O020003&conn_path=I2,001001017,001001,002 계 (14210.MT0047 명),006 65세이상고령자 (14999671.ga028 명),명,official source code parents + exact complete Q2 boundary parent/name-set bijection; SGIS codes not equated to statistics codes,seoul_2024,IN_CURRENT_STUDY_AREA,STRICTLY_INSIDE_CONFIGURED_BOUNDARY_UNION,current configured validated boundary union; no replacement coordinates or correction,0,0.0,6533,1372,0.2100107148323894,0.6138940306504967,-0.4903575546703421,711.278726072584
"station:[""6"",""청구""]",6,청구,2635,subway/data/raw/2024/station/서울교통공사_1_8호선 역사 좌표(위경도) 정보_20260917.csv,202,청구,2636,37.560221,127.013776,exact_matched,True,ELIGIBLE_CODE_WARNING,,EPSG:4326,ANALYTICAL_ASSUMPTION,analysis assumption supported by official national station-data standard; not source-specific CRS explicitly verified. Batch2R-C official 2024 공공데이터 제공 표준 section42 도시철도역사정보 items10 역위도/11 역경도 explicitly specifies WGS84; longitude=x latitude=y geographic degrees. https://www.data.go.kr/bbs/rcr/selectRecsroom.do?originId=PDS_0000000001227&atchFileId=FILE_000000003049184 standard SHA256=d3d464f6a9dd9f6dfd3ff61fec966c95ccce8aec085c234ba3af9e665d3c67cd,False,SNAPSHOT_STABILITY_ASSUMPTION,"Official same-source snapshots labelled2023-10-31,2024-10-31,2025-08-14 corroborate identical coordinates for existing276source rows; practical pre-existing-station spatial stability assumption approved by human; not continuous-observation proof, not verified unchanged throughout2024. Historical2023/2024 file SHA256=9da58a78b07852906b9b9c75c539770d8a50a16c0cb5b8c21b23383327f85ce6; residual temporal uncertainty retained; see Batch2R-C temporal audit.",,adopted exact_matched; coordinate source=subway/data/raw/2024/station/서울교통공사_1_8호선 역사 좌표(위경도) 정보_20260917.csv row=202.0; ; current official KRIC support export=2026-06-30; operator=서울교통공사; address=서울특별시 중구 청구로 지하77(신당동); exact name/line; official operator/address; no code-only join; https://data.kric.go.kr/rips/M_01_01/detail.do?id=32; codes remain incompatible,current official KRIC support export=2026-06-30; operator=서울교통공사; address=서울특별시 중구 청구로 지하77(신당동); exact name/line; official operator/address; no code-only join; https://data.kric.go.kr/rips/M_01_01/detail.do?id=32; codes remain incompatible,11020720,중구,청구동,20240630,957057.0297196675,1951318.5095654689,MAPPED,11020720,UNIQUE_STRICT_WITHIN,longitude=x latitude=y; EPSG:4326 analytical assumption -> EPSG:5179; strict contains; non-within touches checked; no repair/fallback,110.0,subway/data/raw/2024/boundary/bnd_dong_11_2024_2Q.shp,boundary,2024 Q2,2024-06-30,population_direct_65_plus,subway/data/raw/2024/population_direct_65_plus/201_DT_201004_O020003_2024Q2_20261006.csv,31.0,e48f83ca75f7f92a5a83e39834440c0f3149ace1113c3533102797e4d0338d76,DT_201004_O020003,https://stat.eseoul.go.kr/statHtml/statHtml.do?orgId=201&tblId=DT_201004_O020003&conn_path=I2,001002019,001002,002 계 (14210.MT0047 명),006 65세이상고령자 (14999671.ga028 명),명,official source code parents + exact complete Q2 boundary parent/name-set bijection; SGIS codes not equated to statistics codes,seoul_2024,IN_CURRENT_STUDY_AREA,STRICTLY_INSIDE_CONFIGURED_BOUNDARY_UNION,current configured validated boundary union; no replacement coordinates or correction,0,0.0,13127,2988,0.2276224575302811,1.0299303143047305,-0.4903575546703421,309.0705329285952
"station:[""6"",""태릉입구""]",6,태릉입구,2646,subway/data/raw/2024/station/서울교통공사_1_8호선 역사 좌표(위경도) 정보_20260917.csv,213,태릉입구,2647,37.617319,127.074741,exact_matched,True,ELIGIBLE_CODE_WARNING,,EPSG:4326,ANALYTICAL_ASSUMPTION,analysis assumption supported by official national station-data standard; not source-specific CRS explicitly verified. Batch2R-C official 2024 공공데이터 제공 표준 section42 도시철도역사정보 items10 역위도/11 역경도 explicitly specifies WGS84; longitude=x latitude=y geographic degrees. https://www.data.go.kr/bbs/rcr/selectRecsroom.do?originId=PDS_0000000001227&atchFileId=FILE_000000003049184 standard SHA256=d3d464f6a9dd9f6dfd3ff61fec966c95ccce8aec085c234ba3af9e665d3c67cd,False,SNAPSHOT_STABILITY_ASSUMPTION,"Official same-source snapshots labelled2023-10-31,2024-10-31,2025-08-14 corroborate identical coordinates for existing276source rows; practical pre-existing-station spatial stability assumption approved by human; not continuous-observation proof, not verified unchanged throughout2024. Historical2023/2024 file SHA256=9da58a78b07852906b9b9c75c539770d8a50a16c0cb5b8c21b23383327f85ce6; residual temporal uncertainty retained; see Batch2R-C temporal audit.",,adopted exact_matched; coordinate source=subway/data/raw/2024/station/서울교통공사_1_8호선 역사 좌표(위경도) 정보_20260917.csv row=213.0; ; current official KRIC support export=2026-06-30; operator=서울교통공사; address=서울특별시 노원구 동일로 지하 992-1(공릉동); exact name/line; official operator/address; no code-only join; https://data.kric.go.kr/rips/M_01_01/detail.do?id=32; codes remain incompatible,current official KRIC support export=2026-06-30; operator=서울교통공사; address=서울특별시 노원구 동일로 지하 992-1(공릉동); exact name/line; official operator/address; no code-only join; https://data.kric.go.kr/rips/M_01_01/detail.do?id=32; codes remain incompatible,11110790,노원구,공릉1동,20240630,962470.1249597552,1957627.1444169532,MAPPED,11110790,UNIQUE_STRICT_WITHIN,longitude=x latitude=y; EPSG:4326 analytical assumption -> EPSG:5179; strict contains; non-within touches checked; no repair/fallback,73.0,subway/data/raw/2024/boundary/bnd_dong_11_2024_2Q.shp,boundary,2024 Q2,2024-06-30,population_direct_65_plus,subway/data/raw/2024/population_direct_65_plus/201_DT_201004_O020003_2024Q2_20261006.csv,173.0,e48f83ca75f7f92a5a83e39834440c0f3149ace1113c3533102797e4d0338d76,DT_201004_O020003,https://stat.eseoul.go.kr/statHtml/statHtml.do?orgId=201&tblId=DT_201004_O020003&conn_path=I2,001011005,001011,002 계 (14210.MT0047 명),006 65세이상고령자 (14999671.ga028 명),명,official source code parents + exact complete Q2 boundary parent/name-set bijection; SGIS codes not equated to statistics codes,seoul_2024,IN_CURRENT_STUDY_AREA,STRICTLY_INSIDE_CONFIGURED_BOUNDARY_UNION,current configured validated boundary union; no replacement coordinates or correction,2,0.5465974309920744,36590,7330,0.20032795845859525,0.38516152834310746,-0.17576390214161533,407.18622603946295
"station:[""6"",""한강진""]",6,한강진,2632,subway/data/raw/2024/station/서울교통공사_1_8호선 역사 좌표(위경도) 정보_20260917.csv,199,한강진,2633,37.53956,127.001729,exact_matched,True,ELIGIBLE_CODE_WARNING,,EPSG:4326,ANALYTICAL_ASSUMPTION,analysis assumption supported by official national station-data standard; not source-specific CRS explicitly verified. Batch2R-C official 2024 공공데이터 제공 표준 section42 도시철도역사정보 items10 역위도/11 역경도 explicitly specifies WGS84; longitude=x latitude=y geographic degrees. https://www.data.go.kr/bbs/rcr/selectRecsroom.do?originId=PDS_0000000001227&atchFileId=FILE_000000003049184 standard SHA256=d3d464f6a9dd9f6dfd3ff61fec966c95ccce8aec085c234ba3af9e665d3c67cd,False,SNAPSHOT_STABILITY_ASSUMPTION,"Official same-source snapshots labelled2023-10-31,2024-10-31,2025-08-14 corroborate identical coordinates for existing276source rows; practical pre-existing-station spatial stability assumption approved by human; not continuous-observation proof, not verified unchanged throughout2024. Historical2023/2024 file SHA256=9da58a78b07852906b9b9c75c539770d8a50a16c0cb5b8c21b23383327f85ce6; residual temporal uncertainty retained; see Batch2R-C temporal audit.",,adopted exact_matched; coordinate source=subway/data/raw/2024/station/서울교통공사_1_8호선 역사 좌표(위경도) 정보_20260917.csv row=199.0; ; current official KRIC support export=2026-06-30; operator=서울교통공사; address=서울특별시 용산구 이태원로 지하287(한남동); exact name/line; official operator/address; no code-only join; https://data.kric.go.kr/rips/M_01_01/detail.do?id=32; codes remain incompatible,current official KRIC support export=2026-06-30; operator=서울교통공사; address=서울특별시 용산구 이태원로 지하287(한남동); exact name/line; official operator/address; no code-only join; https://data.kric.go.kr/rips/M_01_01/detail.do?id=32; codes remain incompatible,11030740,용산구,한남동,20240630,955980.8907640373,1949031.8542150275,MAPPED,11030740,UNIQUE_STRICT_WITHIN,longitude=x latitude=y; EPSG:4326 analytical assumption -> EPSG:5179; strict contains; non-within touches checked; no repair/fallback,401.0,subway/data/raw/2024/boundary/bnd_dong_11_2024_2Q.shp,boundary,2024 Q2,2024-06-30,population_direct_65_plus,subway/data/raw/2024/population_direct_65_plus/201_DT_201004_O020003_2024Q2_20261006.csv,50.0,e48f83ca75f7f92a5a83e39834440c0f3149ace1113c3533102797e4d0338d76,DT_201004_O020003,https://stat.eseoul.go.kr/statHtml/statHtml.do?orgId=201&tblId=DT_201004_O020003&conn_path=I2,001003023,001003,002 계 (14210.MT0047 명),006 65세이상고령자 (14999671.ga028 명),명,official source code parents + exact complete Q2 boundary parent/name-set bijection; SGIS codes not equated to statistics codes,seoul_2024,IN_CURRENT_STUDY_AREA,STRICTLY_INSIDE_CONFIGURED_BOUNDARY_UNION,current configured validated boundary union; no replacement coordinates or correction,2,1.2174336498660823,16428,2741,0.1668492817141466,-0.40569401010904094,0.21033527135997876,756.6855282219342
"station:[""6"",""합정""]",6,합정,2623,subway/data/raw/2024/station/서울교통공사_1_8호선 역사 좌표(위경도) 정보_20260917.csv,190,합정,2624,37.549033,126.913546,exact_matched,True,ELIGIBLE_CODE_WARNING,,EPSG:4326,ANALYTICAL_ASSUMPTION,analysis assumption supported by official national station-data standard; not source-specific CRS explicitly verified. Batch2R-C official 2024 공공데이터 제공 표준 section42 도시철도역사정보 items10 역위도/11 역경도 explicitly specifies WGS84; longitude=x latitude=y geographic degrees. https://www.data.go.kr/bbs/rcr/selectRecsroom.do?originId=PDS_0000000001227&atchFileId=FILE_000000003049184 standard SHA256=d3d464f6a9dd9f6dfd3ff61fec966c95ccce8aec085c234ba3af9e665d3c67cd,False,SNAPSHOT_STABILITY_ASSUMPTION,"Official same-source snapshots labelled2023-10-31,2024-10-31,2025-08-14 corroborate identical coordinates for existing276source rows; practical pre-existing-station spatial stability assumption approved by human; not continuous-observation proof, not verified unchanged throughout2024. Historical2023/2024 file SHA256=9da58a78b07852906b9b9c75c539770d8a50a16c0cb5b8c21b23383327f85ce6; residual temporal uncertainty retained; see Batch2R-C temporal audit.",,adopted exact_matched; coordinate source=subway/data/raw/2024/station/서울교통공사_1_8호선 역사 좌표(위경도) 정보_20260917.csv row=190.0; ; current official KRIC support export=2026-06-30; operator=서울교통공사; address=서울특별시 마포구 양화로 지하45(합정동); exact name/line; official operator/address; no code-only join; https://data.kric.go.kr/rips/M_01_01/detail.do?id=32; codes remain incompatible,current official KRIC support export=2026-06-30; operator=서울교통공사; address=서울특별시 마포구 양화로 지하45(합정동); exact name/line; official operator/address; no code-only join; https://data.kric.go.kr/rips/M_01_01/detail.do?id=32; codes remain incompatible,11140680,마포구,합정동,20240630,948196.9673506031,1950127.7707919409,MAPPED,11140680,UNIQUE_STRICT_WITHIN,longitude=x latitude=y; EPSG:4326 analytical assumption -> EPSG:5179; strict contains; non-within touches checked; no repair/fallback,252.0,subway/data/raw/2024/boundary/bnd_dong_11_2024_2Q.shp,boundary,2024 Q2,2024-06-30,population_direct_65_plus,subway/data/raw/2024/population_direct_65_plus/201_DT_201004_O020003_2024Q2_20261006.csv,231.0,e48f83ca75f7f92a5a83e39834440c0f3149ace1113c3533102797e4d0338d76,DT_201004_O020003,https://stat.eseoul.go.kr/statHtml/statHtml.do?orgId=201&tblId=DT_201004_O020003&conn_path=I2,001014018,001014,002 계 (14210.MT0047 명),006 65세이상고령자 (14999671.ga028 명),명,official source code parents + exact complete Q2 boundary parent/name-set bijection; SGIS codes not equated to statistics codes,seoul_2024,IN_CURRENT_STUDY_AREA,STRICTLY_INSIDE_CONFIGURED_BOUNDARY_UNION,current configured validated boundary union; no replacement coordinates or correction,1,0.6063913649869626,16491,2720,0.16493845127645382,-0.4508329158736738,-0.14134955800470292,122.19122319002817
"station:[""6"",""효창공원앞""]",6,효창공원앞,2628,subway/data/raw/2024/station/서울교통공사_1_8호선 역사 좌표(위경도) 정보_20260917.csv,195,효창공원앞,2629,37.539279,126.961348,exact_matched,True,ELIGIBLE_CODE_WARNING,,EPSG:4326,ANALYTICAL_ASSUMPTION,analysis assumption supported by official national station-data standard; not source-specific CRS explicitly verified. Batch2R-C official 2024 공공데이터 제공 표준 section42 도시철도역사정보 items10 역위도/11 역경도 explicitly specifies WGS84; longitude=x latitude=y geographic degrees. https://www.data.go.kr/bbs/rcr/selectRecsroom.do?originId=PDS_0000000001227&atchFileId=FILE_000000003049184 standard SHA256=d3d464f6a9dd9f6dfd3ff61fec966c95ccce8aec085c234ba3af9e665d3c67cd,False,SNAPSHOT_STABILITY_ASSUMPTION,"Official same-source snapshots labelled2023-10-31,2024-10-31,2025-08-14 corroborate identical coordinates for existing276source rows; practical pre-existing-station spatial stability assumption approved by human; not continuous-observation proof, not verified unchanged throughout2024. Historical2023/2024 file SHA256=9da58a78b07852906b9b9c75c539770d8a50a16c0cb5b8c21b23383327f85ce6; residual temporal uncertainty retained; see Batch2R-C temporal audit.",,adopted exact_matched; coordinate source=subway/data/raw/2024/station/서울교통공사_1_8호선 역사 좌표(위경도) 정보_20260917.csv row=195.0; ; current official KRIC support export=2026-06-30; operator=서울교통공사; address=서울특별시 용산구 백범로 지하287(효창동); exact name/line; official operator/address; no code-only join; https://data.kric.go.kr/rips/M_01_01/detail.do?id=32; codes remain incompatible,current official KRIC support export=2026-06-30; operator=서울교통공사; address=서울특별시 용산구 백범로 지하287(효창동); exact name/line; official operator/address; no code-only join; https://data.kric.go.kr/rips/M_01_01/detail.do?id=32; codes remain incompatible,11030580,용산구,효창동,20240630,952413.2784681328,1949020.3485408553,MAPPED,11030580,UNIQUE_STRICT_WITHIN,longitude=x latitude=y; EPSG:4326 analytical assumption -> EPSG:5179; strict contains; non-within touches checked; no repair/fallback,387.0,subway/data/raw/2024/boundary/bnd_dong_11_2024_2Q.shp,boundary,2024 Q2,2024-06-30,population_direct_65_plus,subway/data/raw/2024/population_direct_65_plus/201_DT_201004_O020003_2024Q2_20261006.csv,43.0,e48f83ca75f7f92a5a83e39834440c0f3149ace1113c3533102797e4d0338d76,DT_201004_O020003,https://stat.eseoul.go.kr/statHtml/statHtml.do?orgId=201&tblId=DT_201004_O020003&conn_path=I2,001003008,001003,002 계 (14210.MT0047 명),006 65세이상고령자 (14999671.ga028 명),명,official source code parents + exact complete Q2 boundary parent/name-set bijection; SGIS codes not equated to statistics codes,seoul_2024,IN_CURRENT_STUDY_AREA,STRICTLY_INSIDE_CONFIGURED_BOUNDARY_UNION,current configured validated boundary union; no replacement coordinates or correction,0,0.0,10772,1659,0.1540103973264018,-0.7089826646487835,-0.4903575546703421,494.5696802966844
"station:[""7"",""가산디지털단지""]",7,가산디지털단지,2748,subway/data/raw/2024/station/서울교통공사_1_8호선 역사 좌표(위경도) 정보_20260917.csv,254,가산디지털단지,2748,37.480376,126.882704,exact_matched,False,ELIGIBLE,,EPSG:4326,ANALYTICAL_ASSUMPTION,analysis assumption supported by official national station-data standard; not source-specific CRS explicitly verified. Batch2R-C official 2024 공공데이터 제공 표준 section42 도시철도역사정보 items10 역위도/11 역경도 explicitly specifies WGS84; longitude=x latitude=y geographic degrees. https://www.data.go.kr/bbs/rcr/selectRecsroom.do?originId=PDS_0000000001227&atchFileId=FILE_000000003049184 standard SHA256=d3d464f6a9dd9f6dfd3ff61fec966c95ccce8aec085c234ba3af9e665d3c67cd,False,SNAPSHOT_STABILITY_ASSUMPTION,"Official same-source snapshots labelled2023-10-31,2024-10-31,2025-08-14 corroborate identical coordinates for existing276source rows; practical pre-existing-station spatial stability assumption approved by human; not continuous-observation proof, not verified unchanged throughout2024. Historical2023/2024 file SHA256=9da58a78b07852906b9b9c75c539770d8a50a16c0cb5b8c21b23383327f85ce6; residual temporal uncertainty retained; see Batch2R-C temporal audit.",,adopted exact_matched; coordinate source=subway/data/raw/2024/station/서울교통공사_1_8호선 역사 좌표(위경도) 정보_20260917.csv row=254.0; ,,11180510,금천구,가산동,20240630,945422.6081266935,1942528.0895484856,MAPPED,11180510,UNIQUE_STRICT_WITHIN,longitude=x latitude=y; EPSG:4326 analytical assumption -> EPSG:5179; strict contains; non-within touches checked; no repair/fallback,419.0,subway/data/raw/2024/boundary/bnd_dong_11_2024_2Q.shp,boundary,2024 Q2,2024-06-30,population_direct_65_plus,subway/data/raw/2024/population_direct_65_plus/201_DT_201004_O020003_2024Q2_20261006.csv,296.0,e48f83ca75f7f92a5a83e39834440c0f3149ace1113c3533102797e4d0338d76,DT_201004_O020003,https://stat.eseoul.go.kr/statHtml/statHtml.do?orgId=201&tblId=DT_201004_O020003&conn_path=I2,001018001,001018,002 계 (14210.MT0047 명),006 65세이상고령자 (14999671.ga028 명),명,official source code parents + exact complete Q2 boundary parent/name-set bijection; SGIS codes not equated to statistics codes,seoul_2024,IN_CURRENT_STUDY_AREA,STRICTLY_INSIDE_CONFIGURED_BOUNDARY_UNION,current configured validated boundary union; no replacement coordinates or correction,3,1.0938924339106655,27425,3154,0.1150045578851413,-1.6304045114429893,0.13923123727274514,154.81454454368094
"station:[""7"",""강남구청""]",7,강남구청,2732,subway/data/raw/2024/station/서울교통공사_1_8호선 역사 좌표(위경도) 정보_20260917.csv,238,강남구청,2732,37.517185,127.04122,exact_matched,False,ELIGIBLE,,EPSG:4326,ANALYTICAL_ASSUMPTION,analysis assumption supported by official national station-data standard; not source-specific CRS explicitly verified. Batch2R-C official 2024 공공데이터 제공 표준 section42 도시철도역사정보 items10 역위도/11 역경도 explicitly specifies WGS84; longitude=x latitude=y geographic degrees. https://www.data.go.kr/bbs/rcr/selectRecsroom.do?originId=PDS_0000000001227&atchFileId=FILE_000000003049184 standard SHA256=d3d464f6a9dd9f6dfd3ff61fec966c95ccce8aec085c234ba3af9e665d3c67cd,False,SNAPSHOT_STABILITY_ASSUMPTION,"Official same-source snapshots labelled2023-10-31,2024-10-31,2025-08-14 corroborate identical coordinates for existing276source rows; practical pre-existing-station spatial stability assumption approved by human; not continuous-observation proof, not verified unchanged throughout2024. Historical2023/2024 file SHA256=9da58a78b07852906b9b9c75c539770d8a50a16c0cb5b8c21b23383327f85ce6; residual temporal uncertainty retained; see Batch2R-C temporal audit.",,adopted exact_matched; coordinate source=subway/data/raw/2024/station/서울교통공사_1_8호선 역사 좌표(위경도) 정보_20260917.csv row=238.0; ,,11230530,강남구,논현2동,20240630,959457.5841158917,1946531.725492398,MAPPED,11230530,UNIQUE_STRICT_WITHIN,longitude=x latitude=y; EPSG:4326 analytical assumption -> EPSG:5179; strict contains; non-within touches checked; no repair/fallback,341.0,subway/data/raw/2024/boundary/bnd_dong_11_2024_2Q.shp,boundary,2024 Q2,2024-06-30,population_direct_65_plus,subway/data/raw/2024/population_direct_65_plus/201_DT_201004_O020003_2024Q2_20261006.csv,385.0,e48f83ca75f7f92a5a83e39834440c0f3149ace1113c3533102797e4d0338d76,DT_201004_O020003,https://stat.eseoul.go.kr/statHtml/statHtml.do?orgId=201&tblId=DT_201004_O020003&conn_path=I2,001023003,001023,002 계 (14210.MT0047 명),006 65세이상고령자 (14999671.ga028 명),명,official source code parents + exact complete Q2 boundary parent/name-set bijection; SGIS codes not equated to statistics codes,seoul_2024,IN_CURRENT_STUDY_AREA,STRICTLY_INSIDE_CONFIGURED_BOUNDARY_UNION,current configured validated boundary union; no replacement coordinates or correction,1,0.4841677156967173,20654,3267,0.15817759271811754,-0.6105424072722085,-0.21169526780033845,55.3755970444945
"station:[""7"",""건대입구""]",7,건대입구,2729,subway/data/raw/2024/station/서울교통공사_1_8호선 역사 좌표(위경도) 정보_20260917.csv,235,건대입구,2729,37.540882,127.071103,exact_matched,False,ELIGIBLE,,EPSG:4326,ANALYTICAL_ASSUMPTION,analysis assumption supported by official national station-data standard; not source-specific CRS explicitly verified. Batch2R-C official 2024 공공데이터 제공 표준 section42 도시철도역사정보 items10 역위도/11 역경도 explicitly specifies WGS84; longitude=x latitude=y geographic degrees. https://www.data.go.kr/bbs/rcr/selectRecsroom.do?originId=PDS_0000000001227&atchFileId=FILE_000000003049184 standard SHA256=d3d464f6a9dd9f6dfd3ff61fec966c95ccce8aec085c234ba3af9e665d3c67cd,False,SNAPSHOT_STABILITY_ASSUMPTION,"Official same-source snapshots labelled2023-10-31,2024-10-31,2025-08-14 corroborate identical coordinates for existing276source rows; practical pre-existing-station spatial stability assumption approved by human; not continuous-observation proof, not verified unchanged throughout2024. Historical2023/2024 file SHA256=9da58a78b07852906b9b9c75c539770d8a50a16c0cb5b8c21b23383327f85ce6; residual temporal uncertainty retained; see Batch2R-C temporal audit.",,adopted exact_matched; coordinate source=subway/data/raw/2024/station/서울교통공사_1_8호선 역사 좌표(위경도) 정보_20260917.csv row=235.0; ,,11050530,광진구,화양동,20240630,962110.3485487169,1949148.3071018802,MAPPED,11050530,UNIQUE_STRICT_WITHIN,longitude=x latitude=y; EPSG:4326 analytical assumption -> EPSG:5179; strict contains; non-within touches checked; no repair/fallback,124.0,subway/data/raw/2024/boundary/bnd_dong_11_2024_2Q.shp,boundary,2024 Q2,2024-06-30,population_direct_65_plus,subway/data/raw/2024/population_direct_65_plus/201_DT_201004_O020003_2024Q2_20261006.csv,72.0,e48f83ca75f7f92a5a83e39834440c0f3149ace1113c3533102797e4d0338d76,DT_201004_O020003,https://stat.eseoul.go.kr/statHtml/statHtml.do?orgId=201&tblId=DT_201004_O020003&conn_path=I2,001005003,001005,002 계 (14210.MT0047 명),006 65세이상고령자 (14999671.ga028 명),명,official source code parents + exact complete Q2 boundary parent/name-set bijection; SGIS codes not equated to statistics codes,seoul_2024,IN_CURRENT_STUDY_AREA,STRICTLY_INSIDE_CONFIGURED_BOUNDARY_UNION,current configured validated boundary union; no replacement coordinates or correction,2,0.7234319612240468,27646,2445,0.08843955725963973,-2.2579406005790803,-0.07398694966324845,202.91823690410376
"station:[""7"",""고속터미널""]",7,고속터미널,2736,subway/data/raw/2024/station/서울교통공사_1_8호선 역사 좌표(위경도) 정보_20260917.csv,242,고속터미널,2736,37.503387,127.005055,exact_matched,False,ELIGIBLE,,EPSG:4326,ANALYTICAL_ASSUMPTION,analysis assumption supported by official national station-data standard; not source-specific CRS explicitly verified. Batch2R-C official 2024 공공데이터 제공 표준 section42 도시철도역사정보 items10 역위도/11 역경도 explicitly specifies WGS84; longitude=x latitude=y geographic degrees. https://www.data.go.kr/bbs/rcr/selectRecsroom.do?originId=PDS_0000000001227&atchFileId=FILE_000000003049184 standard SHA256=d3d464f6a9dd9f6dfd3ff61fec966c95ccce8aec085c234ba3af9e665d3c67cd,False,SNAPSHOT_STABILITY_ASSUMPTION,"Official same-source snapshots labelled2023-10-31,2024-10-31,2025-08-14 corroborate identical coordinates for existing276source rows; practical pre-existing-station spatial stability assumption approved by human; not continuous-observation proof, not verified unchanged throughout2024. Historical2023/2024 file SHA256=9da58a78b07852906b9b9c75c539770d8a50a16c0cb5b8c21b23383327f85ce6; residual temporal uncertainty retained; see Batch2R-C temporal audit.",,adopted exact_matched; coordinate source=subway/data/raw/2024/station/서울교통공사_1_8호선 역사 좌표(위경도) 정보_20260917.csv row=242.0; ,,11220600,서초구,반포4동,20240630,956253.608751836,1945017.1205421106,MAPPED,11220600,UNIQUE_STRICT_WITHIN,longitude=x latitude=y; EPSG:4326 analytical assumption -> EPSG:5179; strict contains; non-within touches checked; no repair/fallback,247.0,subway/data/raw/2024/boundary/bnd_dong_11_2024_2Q.shp,boundary,2024 Q2,2024-06-30,population_direct_65_plus,subway/data/raw/2024/population_direct_65_plus/201_DT_201004_O020003_2024Q2_20261006.csv,373.0,e48f83ca75f7f92a5a83e39834440c0f3149ace1113c3533102797e4d0338d76,DT_201004_O020003,https://stat.eseoul.go.kr/statHtml/statHtml.do?orgId=201&tblId=DT_201004_O020003&conn_path=I2,001022010,001022,002 계 (14210.MT0047 명),006 65세이상고령자 (14999671.ga028 명),명,official source code parents + exact complete Q2 boundary parent/name-set bijection; SGIS codes not equated to statistics codes,seoul_2024,IN_CURRENT_STUDY_AREA,STRICTLY_INSIDE_CONFIGURED_BOUNDARY_UNION,current configured validated boundary union; no replacement coordinates or correction,1,0.517464424320828,19325,3245,0.16791720569210866,-0.38046680059105425,-0.19253137754159405,356.08664764800244
"station:[""7"",""공릉(서울과학기술대)""]",7,공릉(서울과학기술대),2718,subway/data/raw/2024/station/서울교통공사_1_8호선 역사 좌표(위경도) 정보_20260917.csv,224,공릉,2718,37.625642,127.072969,alias_matched,False,ELIGIBLE,,EPSG:4326,ANALYTICAL_ASSUMPTION,analysis assumption supported by official national station-data standard; not source-specific CRS explicitly verified. Batch2R-C official 2024 공공데이터 제공 표준 section42 도시철도역사정보 items10 역위도/11 역경도 explicitly specifies WGS84; longitude=x latitude=y geographic degrees. https://www.data.go.kr/bbs/rcr/selectRecsroom.do?originId=PDS_0000000001227&atchFileId=FILE_000000003049184 standard SHA256=d3d464f6a9dd9f6dfd3ff61fec966c95ccce8aec085c234ba3af9e665d3c67cd,False,SNAPSHOT_STABILITY_ASSUMPTION,"Official same-source snapshots labelled2023-10-31,2024-10-31,2025-08-14 corroborate identical coordinates for existing276source rows; practical pre-existing-station spatial stability assumption approved by human; not continuous-observation proof, not verified unchanged throughout2024. Historical2023/2024 file SHA256=9da58a78b07852906b9b9c75c539770d8a50a16c0cb5b8c21b23383327f85ce6; residual temporal uncertainty retained; see Batch2R-C temporal audit.",,adopted alias_matched; coordinate source=subway/data/raw/2024/station/서울교통공사_1_8호선 역사 좌표(위경도) 정보_20260917.csv row=224.0; P-S2-2RA scoped source alias; provider family=서울교통공사; station_file=subway/data/raw/2024/station/서울교통공사_1_8호선 역사 좌표(위경도) 정보_20260917.csv; total_file=subway/data/raw/2024/total_ridership/서울교통공사_역별 일별 시간대별 승하차인원 정보_20260831.csv; station_row=224; normalized_line=7; external_code=2718; station_raw=공릉; canonical_2024_total=공릉(서울과학기술대); relation=B adjunct/display source difference; source code+line unique on both sides; explicit reviewed display variant; not an official rename claim; candidate identities station=1 total=1; no code-line contradiction or competing candidate; raw names preserved,,11110790,노원구,공릉1동,20240630,962317.9432771656,1958551.2556369859,MAPPED,11110790,UNIQUE_STRICT_WITHIN,longitude=x latitude=y; EPSG:4326 analytical assumption -> EPSG:5179; strict contains; non-within touches checked; no repair/fallback,73.0,subway/data/raw/2024/boundary/bnd_dong_11_2024_2Q.shp,boundary,2024 Q2,2024-06-30,population_direct_65_plus,subway/data/raw/2024/population_direct_65_plus/201_DT_201004_O020003_2024Q2_20261006.csv,173.0,e48f83ca75f7f92a5a83e39834440c0f3149ace1113c3533102797e4d0338d76,DT_201004_O020003,https://stat.eseoul.go.kr/statHtml/statHtml.do?orgId=201&tblId=DT_201004_O020003&conn_path=I2,001011005,001011,002 계 (14210.MT0047 명),006 65세이상고령자 (14999671.ga028 명),명,official source code parents + exact complete Q2 boundary parent/name-set bijection; SGIS codes not equated to statistics codes,seoul_2024,IN_CURRENT_STUDY_AREA,STRICTLY_INSIDE_CONFIGURED_BOUNDARY_UNION,current configured validated boundary union; no replacement coordinates or correction,2,0.5465974309920744,36590,7330,0.20032795845859525,0.38516152834310746,-0.17576390214161533,65.31319669257134
"station:[""7"",""군자(능동)""]",7,군자(능동),2727,subway/data/raw/2024/station/서울교통공사_1_8호선 역사 좌표(위경도) 정보_20260917.csv,233,군자,2727,37.557151,127.079484,alias_matched,False,ELIGIBLE,,EPSG:4326,ANALYTICAL_ASSUMPTION,analysis assumption supported by official national station-data standard; not source-specific CRS explicitly verified. Batch2R-C official 2024 공공데이터 제공 표준 section42 도시철도역사정보 items10 역위도/11 역경도 explicitly specifies WGS84; longitude=x latitude=y geographic degrees. https://www.data.go.kr/bbs/rcr/selectRecsroom.do?originId=PDS_0000000001227&atchFileId=FILE_000000003049184 standard SHA256=d3d464f6a9dd9f6dfd3ff61fec966c95ccce8aec085c234ba3af9e665d3c67cd,False,SNAPSHOT_STABILITY_ASSUMPTION,"Official same-source snapshots labelled2023-10-31,2024-10-31,2025-08-14 corroborate identical coordinates for existing276source rows; practical pre-existing-station spatial stability assumption approved by human; not continuous-observation proof, not verified unchanged throughout2024. Historical2023/2024 file SHA256=9da58a78b07852906b9b9c75c539770d8a50a16c0cb5b8c21b23383327f85ce6; residual temporal uncertainty retained; see Batch2R-C temporal audit.",,adopted alias_matched; coordinate source=subway/data/raw/2024/station/서울교통공사_1_8호선 역사 좌표(위경도) 정보_20260917.csv row=233.0; P-S2-2RA scoped source alias; provider family=서울교통공사; station_file=subway/data/raw/2024/station/서울교통공사_1_8호선 역사 좌표(위경도) 정보_20260917.csv; total_file=subway/data/raw/2024/total_ridership/서울교통공사_역별 일별 시간대별 승하차인원 정보_20260831.csv; station_row=233; normalized_line=7; external_code=2727; station_raw=군자; canonical_2024_total=군자(능동); relation=B adjunct/display source difference; source code+line unique on both sides; explicit reviewed display variant; not an official rename claim; candidate identities station=1 total=1; no code-line contradiction or competing candidate; raw names preserved,,11050590,광진구,능동,20240630,962858.8205337643,1950949.91640562,MAPPED,11050590,UNIQUE_STRICT_WITHIN,longitude=x latitude=y; EPSG:4326 analytical assumption -> EPSG:5179; strict contains; non-within touches checked; no repair/fallback,132.0,subway/data/raw/2024/boundary/bnd_dong_11_2024_2Q.shp,boundary,2024 Q2,2024-06-30,population_direct_65_plus,subway/data/raw/2024/population_direct_65_plus/201_DT_201004_O020003_2024Q2_20261006.csv,78.0,e48f83ca75f7f92a5a83e39834440c0f3149ace1113c3533102797e4d0338d76,DT_201004_O020003,https://stat.eseoul.go.kr/statHtml/statHtml.do?orgId=201&tblId=DT_201004_O020003&conn_path=I2,001005009,001005,002 계 (14210.MT0047 명),006 65세이상고령자 (14999671.ga028 명),명,official source code parents + exact complete Q2 boundary parent/name-set bijection; SGIS codes not equated to statistics codes,seoul_2024,IN_CURRENT_STUDY_AREA,STRICTLY_INSIDE_CONFIGURED_BOUNDARY_UNION,current configured validated boundary union; no replacement coordinates or correction,0,0.0,11477,1753,0.15274026313496558,-0.7389866181366204,-0.4903575546703421,48.257329312940655
"station:[""7"",""남구로""]",7,남구로,2747,subway/data/raw/2024/station/서울교통공사_1_8호선 역사 좌표(위경도) 정보_20260917.csv,253,남구로,2747,37.486181,126.887372,exact_matched,False,ELIGIBLE,,EPSG:4326,ANALYTICAL_ASSUMPTION,analysis assumption supported by official national station-data standard; not source-specific CRS explicitly verified. Batch2R-C official 2024 공공데이터 제공 표준 section42 도시철도역사정보 items10 역위도/11 역경도 explicitly specifies WGS84; longitude=x latitude=y geographic degrees. https://www.data.go.kr/bbs/rcr/selectRecsroom.do?originId=PDS_0000000001227&atchFileId=FILE_000000003049184 standard SHA256=d3d464f6a9dd9f6dfd3ff61fec966c95ccce8aec085c234ba3af9e665d3c67cd,False,SNAPSHOT_STABILITY_ASSUMPTION,"Official same-source snapshots labelled2023-10-31,2024-10-31,2025-08-14 corroborate identical coordinates for existing276source rows; practical pre-existing-station spatial stability assumption approved by human; not continuous-observation proof, not verified unchanged throughout2024. Historical2023/2024 file SHA256=9da58a78b07852906b9b9c75c539770d8a50a16c0cb5b8c21b23383327f85ce6; residual temporal uncertainty retained; see Batch2R-C temporal audit.",,adopted exact_matched; coordinate source=subway/data/raw/2024/station/서울교통공사_1_8호선 역사 좌표(위경도) 정보_20260917.csv row=253.0; ,,11170540,구로구,구로3동,20240630,945839.517803649,1943169.4238367942,MAPPED,11170540,UNIQUE_STRICT_WITHIN,longitude=x latitude=y; EPSG:4326 analytical assumption -> EPSG:5179; strict contains; non-within touches checked; no repair/fallback,94.0,subway/data/raw/2024/boundary/bnd_dong_11_2024_2Q.shp,boundary,2024 Q2,2024-06-30,population_direct_65_plus,subway/data/raw/2024/population_direct_65_plus/201_DT_201004_O020003_2024Q2_20261006.csv,282.0,e48f83ca75f7f92a5a83e39834440c0f3149ace1113c3533102797e4d0338d76,DT_201004_O020003,https://stat.eseoul.go.kr/statHtml/statHtml.do?orgId=201&tblId=DT_201004_O020003&conn_path=I2,001017004,001017,002 계 (14210.MT0047 명),006 65세이상고령자 (14999671.ga028 명),명,official source code parents + exact complete Q2 boundary parent/name-set bijection; SGIS codes not equated to statistics codes,seoul_2024,IN_CURRENT_STUDY_AREA,STRICTLY_INSIDE_CONFIGURED_BOUNDARY_UNION,current configured validated boundary union; no replacement coordinates or correction,3,1.205254911413764,24891,3923,0.15760716724920654,-0.624017376572996,0.2033258095592657,502.3082145236233
"station:[""7"",""남성""]",7,남성,2739,subway/data/raw/2024/station/서울교통공사_1_8호선 역사 좌표(위경도) 정보_20260917.csv,245,남성,2739,37.484688,126.971108,exact_matched,False,ELIGIBLE,,EPSG:4326,ANALYTICAL_ASSUMPTION,analysis assumption supported by official national station-data standard; not source-specific CRS explicitly verified. Batch2R-C official 2024 공공데이터 제공 표준 section42 도시철도역사정보 items10 역위도/11 역경도 explicitly specifies WGS84; longitude=x latitude=y geographic degrees. https://www.data.go.kr/bbs/rcr/selectRecsroom.do?originId=PDS_0000000001227&atchFileId=FILE_000000003049184 standard SHA256=d3d464f6a9dd9f6dfd3ff61fec966c95ccce8aec085c234ba3af9e665d3c67cd,False,SNAPSHOT_STABILITY_ASSUMPTION,"Official same-source snapshots labelled2023-10-31,2024-10-31,2025-08-14 corroborate identical coordinates for existing276source rows; practical pre-existing-station spatial stability assumption approved by human; not continuous-observation proof, not verified unchanged throughout2024. Historical2023/2024 file SHA256=9da58a78b07852906b9b9c75c539770d8a50a16c0cb5b8c21b23383327f85ce6; residual temporal uncertainty retained; see Batch2R-C temporal audit.",,adopted exact_matched; coordinate source=subway/data/raw/2024/station/서울교통공사_1_8호선 역사 좌표(위경도) 정보_20260917.csv row=245.0; ,,11200650,동작구,사당3동,20240630,953241.4786854064,1942958.9045585645,MAPPED,11200650,UNIQUE_STRICT_WITHIN,longitude=x latitude=y; EPSG:4326 analytical assumption -> EPSG:5179; strict contains; non-within touches checked; no repair/fallback,207.0,subway/data/raw/2024/boundary/bnd_dong_11_2024_2Q.shp,boundary,2024 Q2,2024-06-30,population_direct_65_plus,subway/data/raw/2024/population_direct_65_plus/201_DT_201004_O020003_2024Q2_20261006.csv,335.0,e48f83ca75f7f92a5a83e39834440c0f3149ace1113c3533102797e4d0338d76,DT_201004_O020003,https://stat.eseoul.go.kr/statHtml/statHtml.do?orgId=201&tblId=DT_201004_O020003&conn_path=I2,001020015,001020,002 계 (14210.MT0047 명),006 65세이상고령자 (14999671.ga028 명),명,official source code parents + exact complete Q2 boundary parent/name-set bijection; SGIS codes not equated to statistics codes,seoul_2024,IN_CURRENT_STUDY_AREA,STRICTLY_INSIDE_CONFIGURED_BOUNDARY_UNION,current configured validated boundary union; no replacement coordinates or correction,0,0.0,23971,4984,0.20791790079679612,0.5644561874635261,-0.4903575546703421,963.1569263758374
"station:[""7"",""내방""]",7,내방,2737,subway/data/raw/2024/station/서울교통공사_1_8호선 역사 좌표(위경도) 정보_20260917.csv,243,내방,2737,37.48764,126.993541,exact_matched,False,ELIGIBLE,,EPSG:4326,ANALYTICAL_ASSUMPTION,analysis assumption supported by official national station-data standard; not source-specific CRS explicitly verified. Batch2R-C official 2024 공공데이터 제공 표준 section42 도시철도역사정보 items10 역위도/11 역경도 explicitly specifies WGS84; longitude=x latitude=y geographic degrees. https://www.data.go.kr/bbs/rcr/selectRecsroom.do?originId=PDS_0000000001227&atchFileId=FILE_000000003049184 standard SHA256=d3d464f6a9dd9f6dfd3ff61fec966c95ccce8aec085c234ba3af9e665d3c67cd,False,SNAPSHOT_STABILITY_ASSUMPTION,"Official same-source snapshots labelled2023-10-31,2024-10-31,2025-08-14 corroborate identical coordinates for existing276source rows; practical pre-existing-station spatial stability assumption approved by human; not continuous-observation proof, not verified unchanged throughout2024. Historical2023/2024 file SHA256=9da58a78b07852906b9b9c75c539770d8a50a16c0cb5b8c21b23383327f85ce6; residual temporal uncertainty retained; see Batch2R-C temporal audit.",,adopted exact_matched; coordinate source=subway/data/raw/2024/station/서울교통공사_1_8호선 역사 좌표(위경도) 정보_20260917.csv row=243.0; ,,11220620,서초구,방배1동,20240630,955226.5210712313,1943275.5047895527,MAPPED,11220620,UNIQUE_STRICT_WITHIN,longitude=x latitude=y; EPSG:4326 analytical assumption -> EPSG:5179; strict contains; non-within touches checked; no repair/fallback,335.0,subway/data/raw/2024/boundary/bnd_dong_11_2024_2Q.shp,boundary,2024 Q2,2024-06-30,population_direct_65_plus,subway/data/raw/2024/population_direct_65_plus/201_DT_201004_O020003_2024Q2_20261006.csv,375.0,e48f83ca75f7f92a5a83e39834440c0f3149ace1113c3533102797e4d0338d76,DT_201004_O020003,https://stat.eseoul.go.kr/statHtml/statHtml.do?orgId=201&tblId=DT_201004_O020003&conn_path=I2,001022012,001022,002 계 (14210.MT0047 명),006 65세이상고령자 (14999671.ga028 명),명,official source code parents + exact complete Q2 boundary parent/name-set bijection; SGIS codes not equated to statistics codes,seoul_2024,IN_CURRENT_STUDY_AREA,STRICTLY_INSIDE_CONFIGURED_BOUNDARY_UNION,current configured validated boundary union; no replacement coordinates or correction,1,0.6030271965265633,16583,3232,0.19489838991738528,0.25690065396630074,-0.14328580209161354,81.83275440918514
"station:[""7"",""노원""]",7,노원,2715,subway/data/raw/2024/station/서울교통공사_1_8호선 역사 좌표(위경도) 정보_20260917.csv,221,노원,2715,37.654478,127.060555,exact_matched,False,ELIGIBLE,,EPSG:4326,ANALYTICAL_ASSUMPTION,analysis assumption supported by official national station-data standard; not source-specific CRS explicitly verified. Batch2R-C official 2024 공공데이터 제공 표준 section42 도시철도역사정보 items10 역위도/11 역경도 explicitly specifies WGS84; longitude=x latitude=y geographic degrees. https://www.data.go.kr/bbs/rcr/selectRecsroom.do?originId=PDS_0000000001227&atchFileId=FILE_000000003049184 standard SHA256=d3d464f6a9dd9f6dfd3ff61fec966c95ccce8aec085c234ba3af9e665d3c67cd,False,SNAPSHOT_STABILITY_ASSUMPTION,"Official same-source snapshots labelled2023-10-31,2024-10-31,2025-08-14 corroborate identical coordinates for existing276source rows; practical pre-existing-station spatial stability assumption approved by human; not continuous-observation proof, not verified unchanged throughout2024. Historical2023/2024 file SHA256=9da58a78b07852906b9b9c75c539770d8a50a16c0cb5b8c21b23383327f85ce6; residual temporal uncertainty retained; see Batch2R-C temporal audit.",,adopted exact_matched; coordinate source=subway/data/raw/2024/station/서울교통공사_1_8호선 역사 좌표(위경도) 정보_20260917.csv row=221.0; ,,11110770,노원구,상계6·7동,20240630,961237.48729118,1961755.5548383351,MAPPED,11110770,UNIQUE_STRICT_WITHIN,longitude=x latitude=y; EPSG:4326 analytical assumption -> EPSG:5179; strict contains; non-within touches checked; no repair/fallback,228.0,subway/data/raw/2024/boundary/bnd_dong_11_2024_2Q.shp,boundary,2024 Q2,2024-06-30,population_direct_65_plus,subway/data/raw/2024/population_direct_65_plus/201_DT_201004_O020003_2024Q2_20261006.csv,185.0,e48f83ca75f7f92a5a83e39834440c0f3149ace1113c3533102797e4d0338d76,DT_201004_O020003,https://stat.eseoul.go.kr/statHtml/statHtml.do?orgId=201&tblId=DT_201004_O020003&conn_path=I2,001011028,001011,002 계 (14210.MT0047 명),006 65세이상고령자 (14999671.ga028 명),명,official source code parents + exact complete Q2 boundary parent/name-set bijection; SGIS codes not equated to statistics codes,seoul_2024,IN_CURRENT_STUDY_AREA,STRICTLY_INSIDE_CONFIGURED_BOUNDARY_UNION,current configured validated boundary union; no replacement coordinates or correction,4,1.2749410339771785,31374,5618,0.17906546822209474,-0.1171151384791399,0.2434335937982058,69.11556102116285
"station:[""7"",""논현""]",7,논현,2734,subway/data/raw/2024/station/서울교통공사_1_8호선 역사 좌표(위경도) 정보_20260917.csv,240,논현,2734,37.511108,127.021385,exact_matched,False,ELIGIBLE,,EPSG:4326,ANALYTICAL_ASSUMPTION,analysis assumption supported by official national station-data standard; not source-specific CRS explicitly verified. Batch2R-C official 2024 공공데이터 제공 표준 section42 도시철도역사정보 items10 역위도/11 역경도 explicitly specifies WGS84; longitude=x latitude=y geographic degrees. https://www.data.go.kr/bbs/rcr/selectRecsroom.do?originId=PDS_0000000001227&atchFileId=FILE_000000003049184 standard SHA256=d3d464f6a9dd9f6dfd3ff61fec966c95ccce8aec085c234ba3af9e665d3c67cd,False,SNAPSHOT_STABILITY_ASSUMPTION,"Official same-source snapshots labelled2023-10-31,2024-10-31,2025-08-14 corroborate identical coordinates for existing276source rows; practical pre-existing-station spatial stability assumption approved by human; not continuous-observation proof, not verified unchanged throughout2024. Historical2023/2024 file SHA256=9da58a78b07852906b9b9c75c539770d8a50a16c0cb5b8c21b23383327f85ce6; residual temporal uncertainty retained; see Batch2R-C temporal audit.",,adopted exact_matched; coordinate source=subway/data/raw/2024/station/서울교통공사_1_8호선 역사 좌표(위경도) 정보_20260917.csv row=240.0; ,,11230520,강남구,논현1동,20240630,957701.3238914124,1945866.2517580418,MAPPED,11230520,UNIQUE_STRICT_WITHIN,longitude=x latitude=y; EPSG:4326 analytical assumption -> EPSG:5179; strict contains; non-within touches checked; no repair/fallback,339.0,subway/data/raw/2024/boundary/bnd_dong_11_2024_2Q.shp,boundary,2024 Q2,2024-06-30,population_direct_65_plus,subway/data/raw/2024/population_direct_65_plus/201_DT_201004_O020003_2024Q2_20261006.csv,384.0,e48f83ca75f7f92a5a83e39834440c0f3149ace1113c3533102797e4d0338d76,DT_201004_O020003,https://stat.eseoul.go.kr/statHtml/statHtml.do?orgId=201&tblId=DT_201004_O020003&conn_path=I2,001023002,001023,002 계 (14210.MT0047 명),006 65세이상고령자 (14999671.ga028 명),명,official source code parents + exact complete Q2 boundary parent/name-set bijection; SGIS codes not equated to statistics codes,seoul_2024,IN_CURRENT_STUDY_AREA,STRICTLY_INSIDE_CONFIGURED_BOUNDARY_UNION,current configured validated boundary union; no replacement coordinates or correction,1,0.4643387815750371,21536,3094,0.14366641901931648,-0.9533349906451738,-0.2231077927362292,81.81660489189278
"station:[""7"",""대림(구로구청)""]",7,대림(구로구청),2746,subway/data/raw/2024/station/서울교통공사_1_8호선 역사 좌표(위경도) 정보_20260917.csv,252,대림,2746,37.492984,126.896997,alias_matched,False,ELIGIBLE,,EPSG:4326,ANALYTICAL_ASSUMPTION,analysis assumption supported by official national station-data standard; not source-specific CRS explicitly verified. Batch2R-C official 2024 공공데이터 제공 표준 section42 도시철도역사정보 items10 역위도/11 역경도 explicitly specifies WGS84; longitude=x latitude=y geographic degrees. https://www.data.go.kr/bbs/rcr/selectRecsroom.do?originId=PDS_0000000001227&atchFileId=FILE_000000003049184 standard SHA256=d3d464f6a9dd9f6dfd3ff61fec966c95ccce8aec085c234ba3af9e665d3c67cd,False,SNAPSHOT_STABILITY_ASSUMPTION,"Official same-source snapshots labelled2023-10-31,2024-10-31,2025-08-14 corroborate identical coordinates for existing276source rows; practical pre-existing-station spatial stability assumption approved by human; not continuous-observation proof, not verified unchanged throughout2024. Historical2023/2024 file SHA256=9da58a78b07852906b9b9c75c539770d8a50a16c0cb5b8c21b23383327f85ce6; residual temporal uncertainty retained; see Batch2R-C temporal audit.",,adopted alias_matched; coordinate source=subway/data/raw/2024/station/서울교통공사_1_8호선 역사 좌표(위경도) 정보_20260917.csv row=252.0; P-S2-2RA scoped source alias; provider family=서울교통공사; station_file=subway/data/raw/2024/station/서울교통공사_1_8호선 역사 좌표(위경도) 정보_20260917.csv; total_file=subway/data/raw/2024/total_ridership/서울교통공사_역별 일별 시간대별 승하차인원 정보_20260831.csv; station_row=252; normalized_line=7; external_code=2746; station_raw=대림; canonical_2024_total=대림(구로구청); relation=B adjunct/display source difference; source code+line unique on both sides; explicit reviewed display variant; not an official rename claim; candidate identities station=1 total=1; no code-line contradiction or competing candidate; raw names preserved,,11190710,영등포구,대림2동,20240630,946695.2761789464,1943918.6825158647,MAPPED,11190710,UNIQUE_STRICT_WITHIN,longitude=x latitude=y; EPSG:4326 analytical assumption -> EPSG:5179; strict contains; non-within touches checked; no repair/fallback,297.0,subway/data/raw/2024/boundary/bnd_dong_11_2024_2Q.shp,boundary,2024 Q2,2024-06-30,population_direct_65_plus,subway/data/raw/2024/population_direct_65_plus/201_DT_201004_O020003_2024Q2_20261006.csv,323.0,e48f83ca75f7f92a5a83e39834440c0f3149ace1113c3533102797e4d0338d76,DT_201004_O020003,https://stat.eseoul.go.kr/statHtml/statHtml.do?orgId=201&tblId=DT_201004_O020003&conn_path=I2,001019021,001019,002 계 (14210.MT0047 명),006 65세이상고령자 (14999671.ga028 명),명,official source code parents + exact complete Q2 boundary parent/name-set bijection; SGIS codes not equated to statistics codes,seoul_2024,IN_CURRENT_STUDY_AREA,STRICTLY_INSIDE_CONFIGURED_BOUNDARY_UNION,current configured validated boundary union; no replacement coordinates or correction,1,0.572508158241255,17467,3402,0.19476727543367492,0.2538033805464117,-0.16085100672203634,29.37343794415671
"station:[""7"",""도봉산""]",7,도봉산,2712,subway/data/raw/2024/station/서울교통공사_1_8호선 역사 좌표(위경도) 정보_20260917.csv,218,도봉산,2712,37.689131,127.046548,exact_matched,False,ELIGIBLE,,EPSG:4326,ANALYTICAL_ASSUMPTION,analysis assumption supported by official national station-data standard; not source-specific CRS explicitly verified. Batch2R-C official 2024 공공데이터 제공 표준 section42 도시철도역사정보 items10 역위도/11 역경도 explicitly specifies WGS84; longitude=x latitude=y geographic degrees. https://www.data.go.kr/bbs/rcr/selectRecsroom.do?originId=PDS_0000000001227&atchFileId=FILE_000000003049184 standard SHA256=d3d464f6a9dd9f6dfd3ff61fec966c95ccce8aec085c234ba3af9e665d3c67cd,False,SNAPSHOT_STABILITY_ASSUMPTION,"Official same-source snapshots labelled2023-10-31,2024-10-31,2025-08-14 corroborate identical coordinates for existing276source rows; practical pre-existing-station spatial stability assumption approved by human; not continuous-observation proof, not verified unchanged throughout2024. Historical2023/2024 file SHA256=9da58a78b07852906b9b9c75c539770d8a50a16c0cb5b8c21b23383327f85ce6; residual temporal uncertainty retained; see Batch2R-C temporal audit.",,adopted exact_matched; coordinate source=subway/data/raw/2024/station/서울교통공사_1_8호선 역사 좌표(위경도) 정보_20260917.csv row=218.0; ,,11100650,도봉구,도봉2동,20240630,960020.5486710252,1965606.074583105,MAPPED,11100650,UNIQUE_STRICT_WITHIN,longitude=x latitude=y; EPSG:4326 analytical assumption -> EPSG:5179; strict contains; non-within touches checked; no repair/fallback,413.0,subway/data/raw/2024/boundary/bnd_dong_11_2024_2Q.shp,boundary,2024 Q2,2024-06-30,population_direct_65_plus,subway/data/raw/2024/population_direct_65_plus/201_DT_201004_O020003_2024Q2_20261006.csv,161.0,e48f83ca75f7f92a5a83e39834440c0f3149ace1113c3533102797e4d0338d76,DT_201004_O020003,https://stat.eseoul.go.kr/statHtml/statHtml.do?orgId=201&tblId=DT_201004_O020003&conn_path=I2,001010015,001010,002 계 (14210.MT0047 명),006 65세이상고령자 (14999671.ga028 명),명,official source code parents + exact complete Q2 boundary parent/name-set bijection; SGIS codes not equated to statistics codes,seoul_2024,IN_CURRENT_STUDY_AREA,STRICTLY_INSIDE_CONFIGURED_BOUNDARY_UNION,current configured validated boundary union; no replacement coordinates or correction,0,0.0,26276,7318,0.27850509971076265,2.2319138839267096,-0.4903575546703421,1449.5624338181894
"station:[""7"",""마들""]",7,마들,2714,subway/data/raw/2024/station/서울교통공사_1_8호선 역사 좌표(위경도) 정보_20260917.csv,220,마들,2714,37.664985,127.057701,exact_matched,False,ELIGIBLE,,EPSG:4326,ANALYTICAL_ASSUMPTION,analysis assumption supported by official national station-data standard; not source-specific CRS explicitly verified. Batch2R-C official 2024 공공데이터 제공 표준 section42 도시철도역사정보 items10 역위도/11 역경도 explicitly specifies WGS84; longitude=x latitude=y geographic degrees. https://www.data.go.kr/bbs/rcr/selectRecsroom.do?originId=PDS_0000000001227&atchFileId=FILE_000000003049184 standard SHA256=d3d464f6a9dd9f6dfd3ff61fec966c95ccce8aec085c234ba3af9e665d3c67cd,False,SNAPSHOT_STABILITY_ASSUMPTION,"Official same-source snapshots labelled2023-10-31,2024-10-31,2025-08-14 corroborate identical coordinates for existing276source rows; practical pre-existing-station spatial stability assumption approved by human; not continuous-observation proof, not verified unchanged throughout2024. Historical2023/2024 file SHA256=9da58a78b07852906b9b9c75c539770d8a50a16c0cb5b8c21b23383327f85ce6; residual temporal uncertainty retained; see Batch2R-C temporal audit.",,adopted exact_matched; coordinate source=subway/data/raw/2024/station/서울교통공사_1_8호선 역사 좌표(위경도) 정보_20260917.csv row=220.0; ,,11110720,노원구,상계8동,20240630,960991.2388462069,1962922.4530923043,MAPPED,11110720,UNIQUE_STRICT_WITHIN,longitude=x latitude=y; EPSG:4326 analytical assumption -> EPSG:5179; strict contains; non-within touches checked; no repair/fallback,206.0,subway/data/raw/2024/boundary/bnd_dong_11_2024_2Q.shp,boundary,2024 Q2,2024-06-30,population_direct_65_plus,subway/data/raw/2024/population_direct_65_plus/201_DT_201004_O020003_2024Q2_20261006.csv,186.0,e48f83ca75f7f92a5a83e39834440c0f3149ace1113c3533102797e4d0338d76,DT_201004_O020003,https://stat.eseoul.go.kr/statHtml/statHtml.do?orgId=201&tblId=DT_201004_O020003&conn_path=I2,001011022,001011,002 계 (14210.MT0047 명),006 65세이상고령자 (14999671.ga028 명),명,official source code parents + exact complete Q2 boundary parent/name-set bijection; SGIS codes not equated to statistics codes,seoul_2024,IN_CURRENT_STUDY_AREA,STRICTLY_INSIDE_CONFIGURED_BOUNDARY_UNION,current configured validated boundary union; no replacement coordinates or correction,0,0.0,21721,3294,0.15165047649739882,-0.7647302819208746,-0.4903575546703421,139.8390321344288
"station:[""7"",""먹골""]",7,먹골,2720,subway/data/raw/2024/station/서울교통공사_1_8호선 역사 좌표(위경도) 정보_20260917.csv,226,먹골,2720,37.610638,127.077719,exact_matched,False,ELIGIBLE,,EPSG:4326,ANALYTICAL_ASSUMPTION,analysis assumption supported by official national station-data standard; not source-specific CRS explicitly verified. Batch2R-C official 2024 공공데이터 제공 표준 section42 도시철도역사정보 items10 역위도/11 역경도 explicitly specifies WGS84; longitude=x latitude=y geographic degrees. https://www.data.go.kr/bbs/rcr/selectRecsroom.do?originId=PDS_0000000001227&atchFileId=FILE_000000003049184 standard SHA256=d3d464f6a9dd9f6dfd3ff61fec966c95ccce8aec085c234ba3af9e665d3c67cd,False,SNAPSHOT_STABILITY_ASSUMPTION,"Official same-source snapshots labelled2023-10-31,2024-10-31,2025-08-14 corroborate identical coordinates for existing276source rows; practical pre-existing-station spatial stability assumption approved by human; not continuous-observation proof, not verified unchanged throughout2024. Historical2023/2024 file SHA256=9da58a78b07852906b9b9c75c539770d8a50a16c0cb5b8c21b23383327f85ce6; residual temporal uncertainty retained; see Batch2R-C temporal audit.",,adopted exact_matched; coordinate source=subway/data/raw/2024/station/서울교통공사_1_8호선 역사 좌표(위경도) 정보_20260917.csv row=226.0; ,,11070650,중랑구,묵2동,20240630,962729.6057365555,1956884.7305901984,MAPPED,11070650,UNIQUE_STRICT_WITHIN,longitude=x latitude=y; EPSG:4326 analytical assumption -> EPSG:5179; strict contains; non-within touches checked; no repair/fallback,164.0,subway/data/raw/2024/boundary/bnd_dong_11_2024_2Q.shp,boundary,2024 Q2,2024-06-30,population_direct_65_plus,subway/data/raw/2024/population_direct_65_plus/201_DT_201004_O020003_2024Q2_20261006.csv,114.0,e48f83ca75f7f92a5a83e39834440c0f3149ace1113c3533102797e4d0338d76,DT_201004_O020003,https://stat.eseoul.go.kr/statHtml/statHtml.do?orgId=201&tblId=DT_201004_O020003&conn_path=I2,001007015,001007,002 계 (14210.MT0047 명),006 65세이상고령자 (14999671.ga028 명),명,official source code parents + exact complete Q2 boundary parent/name-set bijection; SGIS codes not equated to statistics codes,seoul_2024,IN_CURRENT_STUDY_AREA,STRICTLY_INSIDE_CONFIGURED_BOUNDARY_UNION,current configured validated boundary union; no replacement coordinates or correction,0,0.0,18302,4021,0.21970276472516664,0.8428460706360207,-0.4903575546703421,90.24047826418047
"station:[""7"",""면목""]",7,면목,2723,subway/data/raw/2024/station/서울교통공사_1_8호선 역사 좌표(위경도) 정보_20260917.csv,229,면목,2723,37.588671,127.087503,exact_matched,False,ELIGIBLE,,EPSG:4326,ANALYTICAL_ASSUMPTION,analysis assumption supported by official national station-data standard; not source-specific CRS explicitly verified. Batch2R-C official 2024 공공데이터 제공 표준 section42 도시철도역사정보 items10 역위도/11 역경도 explicitly specifies WGS84; longitude=x latitude=y geographic degrees. https://www.data.go.kr/bbs/rcr/selectRecsroom.do?originId=PDS_0000000001227&atchFileId=FILE_000000003049184 standard SHA256=d3d464f6a9dd9f6dfd3ff61fec966c95ccce8aec085c234ba3af9e665d3c67cd,False,SNAPSHOT_STABILITY_ASSUMPTION,"Official same-source snapshots labelled2023-10-31,2024-10-31,2025-08-14 corroborate identical coordinates for existing276source rows; practical pre-existing-station spatial stability assumption approved by human; not continuous-observation proof, not verified unchanged throughout2024. Historical2023/2024 file SHA256=9da58a78b07852906b9b9c75c539770d8a50a16c0cb5b8c21b23383327f85ce6; residual temporal uncertainty retained; see Batch2R-C temporal audit.",,adopted exact_matched; coordinate source=subway/data/raw/2024/station/서울교통공사_1_8호선 역사 좌표(위경도) 정보_20260917.csv row=229.0; ,,11070710,중랑구,면목본동,20240630,963582.4368311838,1954443.7568009677,MAPPED,11070710,UNIQUE_STRICT_WITHIN,longitude=x latitude=y; EPSG:4326 analytical assumption -> EPSG:5179; strict contains; non-within touches checked; no repair/fallback,168.0,subway/data/raw/2024/boundary/bnd_dong_11_2024_2Q.shp,boundary,2024 Q2,2024-06-30,population_direct_65_plus,subway/data/raw/2024/population_direct_65_plus/201_DT_201004_O020003_2024Q2_20261006.csv,106.0,e48f83ca75f7f92a5a83e39834440c0f3149ace1113c3533102797e4d0338d76,DT_201004_O020003,https://stat.eseoul.go.kr/statHtml/statHtml.do?orgId=201&tblId=DT_201004_O020003&conn_path=I2,001007021,001007,002 계 (14210.MT0047 명),006 65세이상고령자 (14999671.ga028 명),명,official source code parents + exact complete Q2 boundary parent/name-set bijection; SGIS codes not equated to statistics codes,seoul_2024,IN_CURRENT_STUDY_AREA,STRICTLY_INSIDE_CONFIGURED_BOUNDARY_UNION,current configured validated boundary union; no replacement coordinates or correction,2,0.5984261392537626,33421,6761,0.20229795637473444,0.4316981275823893,-0.14593393640559502,64.38711247057344
"station:[""7"",""반포""]",7,반포,2735,subway/data/raw/2024/station/서울교통공사_1_8호선 역사 좌표(위경도) 정보_20260917.csv,241,반포,2735,37.508171,127.011717,exact_matched,False,ELIGIBLE,,EPSG:4326,ANALYTICAL_ASSUMPTION,analysis assumption supported by official national station-data standard; not source-specific CRS explicitly verified. Batch2R-C official 2024 공공데이터 제공 표준 section42 도시철도역사정보 items10 역위도/11 역경도 explicitly specifies WGS84; longitude=x latitude=y geographic degrees. https://www.data.go.kr/bbs/rcr/selectRecsroom.do?originId=PDS_0000000001227&atchFileId=FILE_000000003049184 standard SHA256=d3d464f6a9dd9f6dfd3ff61fec966c95ccce8aec085c234ba3af9e665d3c67cd,False,SNAPSHOT_STABILITY_ASSUMPTION,"Official same-source snapshots labelled2023-10-31,2024-10-31,2025-08-14 corroborate identical coordinates for existing276source rows; practical pre-existing-station spatial stability assumption approved by human; not continuous-observation proof, not verified unchanged throughout2024. Historical2023/2024 file SHA256=9da58a78b07852906b9b9c75c539770d8a50a16c0cb5b8c21b23383327f85ce6; residual temporal uncertainty retained; see Batch2R-C temporal audit.",,adopted exact_matched; coordinate source=subway/data/raw/2024/station/서울교통공사_1_8호선 역사 좌표(위경도) 정보_20260917.csv row=241.0; ,,11220570,서초구,반포1동,20240630,956845.1964534312,1945544.7997024255,MAPPED,11220570,UNIQUE_STRICT_WITHIN,longitude=x latitude=y; EPSG:4326 analytical assumption -> EPSG:5179; strict contains; non-within touches checked; no repair/fallback,225.0,subway/data/raw/2024/boundary/bnd_dong_11_2024_2Q.shp,boundary,2024 Q2,2024-06-30,population_direct_65_plus,subway/data/raw/2024/population_direct_65_plus/201_DT_201004_O020003_2024Q2_20261006.csv,370.0,e48f83ca75f7f92a5a83e39834440c0f3149ace1113c3533102797e4d0338d76,DT_201004_O020003,https://stat.eseoul.go.kr/statHtml/statHtml.do?orgId=201&tblId=DT_201004_O020003&conn_path=I2,001022007,001022,002 계 (14210.MT0047 명),006 65세이상고령자 (14999671.ga028 명),명,official source code parents + exact complete Q2 boundary parent/name-set bijection; SGIS codes not equated to statistics codes,seoul_2024,IN_CURRENT_STUDY_AREA,STRICTLY_INSIDE_CONFIGURED_BOUNDARY_UNION,current configured validated boundary union; no replacement coordinates or correction,2,0.5849492556520722,34191,4428,0.12950776520136878,-1.2878001152504146,-0.15369054446221386,597.1978006235315
"station:[""7"",""보라매""]",7,보라매,2744,subway/data/raw/2024/station/서울교통공사_1_8호선 역사 좌표(위경도) 정보_20260917.csv,250,보라매,2744,37.499916,126.920112,exact_matched,False,ELIGIBLE,,EPSG:4326,ANALYTICAL_ASSUMPTION,analysis assumption supported by official national station-data standard; not source-specific CRS explicitly verified. Batch2R-C official 2024 공공데이터 제공 표준 section42 도시철도역사정보 items10 역위도/11 역경도 explicitly specifies WGS84; longitude=x latitude=y geographic degrees. https://www.data.go.kr/bbs/rcr/selectRecsroom.do?originId=PDS_0000000001227&atchFileId=FILE_000000003049184 standard SHA256=d3d464f6a9dd9f6dfd3ff61fec966c95ccce8aec085c234ba3af9e665d3c67cd,False,SNAPSHOT_STABILITY_ASSUMPTION,"Official same-source snapshots labelled2023-10-31,2024-10-31,2025-08-14 corroborate identical coordinates for existing276source rows; practical pre-existing-station spatial stability assumption approved by human; not continuous-observation proof, not verified unchanged throughout2024. Historical2023/2024 file SHA256=9da58a78b07852906b9b9c75c539770d8a50a16c0cb5b8c21b23383327f85ce6; residual temporal uncertainty retained; see Batch2R-C temporal audit.",,adopted exact_matched; coordinate source=subway/data/raw/2024/station/서울교통공사_1_8호선 역사 좌표(위경도) 정보_20260917.csv row=250.0; ,,11190680,영등포구,신길6동,20240630,948743.3705573162,1944674.9077988362,MAPPED,11190680,UNIQUE_STRICT_WITHIN,longitude=x latitude=y; EPSG:4326 analytical assumption -> EPSG:5179; strict contains; non-within touches checked; no repair/fallback,200.0,subway/data/raw/2024/boundary/bnd_dong_11_2024_2Q.shp,boundary,2024 Q2,2024-06-30,population_direct_65_plus,subway/data/raw/2024/population_direct_65_plus/201_DT_201004_O020003_2024Q2_20261006.csv,320.0,e48f83ca75f7f92a5a83e39834440c0f3149ace1113c3533102797e4d0338d76,DT_201004_O020003,https://stat.eseoul.go.kr/statHtml/statHtml.do?orgId=201&tblId=DT_201004_O020003&conn_path=I2,001019018,001019,002 계 (14210.MT0047 명),006 65세이상고령자 (14999671.ga028 명),명,official source code parents + exact complete Q2 boundary parent/name-set bijection; SGIS codes not equated to statistics codes,seoul_2024,IN_CURRENT_STUDY_AREA,STRICTLY_INSIDE_CONFIGURED_BOUNDARY_UNION,current configured validated boundary union; no replacement coordinates or correction,0,0.0,18194,3601,0.19792239199736178,0.32833563962883255,-0.4903575546703421,66.7220422992089
"station:[""7"",""사가정""]",7,사가정,2724,subway/data/raw/2024/station/서울교통공사_1_8호선 역사 좌표(위경도) 정보_20260917.csv,230,사가정,2724,37.580912,127.088502,exact_matched,False,ELIGIBLE,,EPSG:4326,ANALYTICAL_ASSUMPTION,analysis assumption supported by official national station-data standard; not source-specific CRS explicitly verified. Batch2R-C official 2024 공공데이터 제공 표준 section42 도시철도역사정보 items10 역위도/11 역경도 explicitly specifies WGS84; longitude=x latitude=y geographic degrees. https://www.data.go.kr/bbs/rcr/selectRecsroom.do?originId=PDS_0000000001227&atchFileId=FILE_000000003049184 standard SHA256=d3d464f6a9dd9f6dfd3ff61fec966c95ccce8aec085c234ba3af9e665d3c67cd,False,SNAPSHOT_STABILITY_ASSUMPTION,"Official same-source snapshots labelled2023-10-31,2024-10-31,2025-08-14 corroborate identical coordinates for existing276source rows; practical pre-existing-station spatial stability assumption approved by human; not continuous-observation proof, not verified unchanged throughout2024. Historical2023/2024 file SHA256=9da58a78b07852906b9b9c75c539770d8a50a16c0cb5b8c21b23383327f85ce6; residual temporal uncertainty retained; see Batch2R-C temporal audit.",,adopted exact_matched; coordinate source=subway/data/raw/2024/station/서울교통공사_1_8호선 역사 좌표(위경도) 정보_20260917.csv row=230.0; ,,11070720,중랑구,면목3·8동,20240630,963666.8636430219,1953582.5478447857,MAPPED,11070720,UNIQUE_STRICT_WITHIN,longitude=x latitude=y; EPSG:4326 analytical assumption -> EPSG:5179; strict contains; non-within touches checked; no repair/fallback,169.0,subway/data/raw/2024/boundary/bnd_dong_11_2024_2Q.shp,boundary,2024 Q2,2024-06-30,population_direct_65_plus,subway/data/raw/2024/population_direct_65_plus/201_DT_201004_O020003_2024Q2_20261006.csv,108.0,e48f83ca75f7f92a5a83e39834440c0f3149ace1113c3533102797e4d0338d76,DT_201004_O020003,https://stat.eseoul.go.kr/statHtml/statHtml.do?orgId=201&tblId=DT_201004_O020003&conn_path=I2,001007022,001007,002 계 (14210.MT0047 명),006 65세이상고령자 (14999671.ga028 명),명,official source code parents + exact complete Q2 boundary parent/name-set bijection; SGIS codes not equated to statistics codes,seoul_2024,IN_CURRENT_STUDY_AREA,STRICTLY_INSIDE_CONFIGURED_BOUNDARY_UNION,current configured validated boundary union; no replacement coordinates or correction,2,0.8117871494094248,24637,5665,0.2299387100702196,1.0846463702482487,-0.023134201744819095,127.43030658635159
"station:[""7"",""상도""]",7,상도,2741,subway/data/raw/2024/station/서울교통공사_1_8호선 역사 좌표(위경도) 정보_20260917.csv,247,상도,2741,37.50279,126.947949,exact_matched,False,ELIGIBLE,,EPSG:4326,ANALYTICAL_ASSUMPTION,analysis assumption supported by official national station-data standard; not source-specific CRS explicitly verified. Batch2R-C official 2024 공공데이터 제공 표준 section42 도시철도역사정보 items10 역위도/11 역경도 explicitly specifies WGS84; longitude=x latitude=y geographic degrees. https://www.data.go.kr/bbs/rcr/selectRecsroom.do?originId=PDS_0000000001227&atchFileId=FILE_000000003049184 standard SHA256=d3d464f6a9dd9f6dfd3ff61fec966c95ccce8aec085c234ba3af9e665d3c67cd,False,SNAPSHOT_STABILITY_ASSUMPTION,"Official same-source snapshots labelled2023-10-31,2024-10-31,2025-08-14 corroborate identical coordinates for existing276source rows; practical pre-existing-station spatial stability assumption approved by human; not continuous-observation proof, not verified unchanged throughout2024. Historical2023/2024 file SHA256=9da58a78b07852906b9b9c75c539770d8a50a16c0cb5b8c21b23383327f85ce6; residual temporal uncertainty retained; see Batch2R-C temporal audit.",,adopted exact_matched; coordinate source=subway/data/raw/2024/station/서울교통공사_1_8호선 역사 좌표(위경도) 정보_20260917.csv row=247.0; ,,11200530,동작구,상도1동,20240630,951205.7895401043,1944978.9642612764,MAPPED,11200530,UNIQUE_STRICT_WITHIN,longitude=x latitude=y; EPSG:4326 analytical assumption -> EPSG:5179; strict contains; non-within touches checked; no repair/fallback,304.0,subway/data/raw/2024/boundary/bnd_dong_11_2024_2Q.shp,boundary,2024 Q2,2024-06-30,population_direct_65_plus,subway/data/raw/2024/population_direct_65_plus/201_DT_201004_O020003_2024Q2_20261006.csv,328.0,e48f83ca75f7f92a5a83e39834440c0f3149ace1113c3533102797e4d0338d76,DT_201004_O020003,https://stat.eseoul.go.kr/statHtml/statHtml.do?orgId=201&tblId=DT_201004_O020003&conn_path=I2,001020003,001020,002 계 (14210.MT0047 명),006 65세이상고령자 (14999671.ga028 명),명,official source code parents + exact complete Q2 boundary parent/name-set bijection; SGIS codes not equated to statistics codes,seoul_2024,IN_CURRENT_STUDY_AREA,STRICTLY_INSIDE_CONFIGURED_BOUNDARY_UNION,current configured validated boundary union; no replacement coordinates or correction,0,0.0,46523,7842,0.16856178664316573,-0.36524008123725643,-0.4903575546703421,351.8873589085865
"station:[""7"",""상봉""]",7,상봉,2722,subway/data/raw/2024/station/서울교통공사_1_8호선 역사 좌표(위경도) 정보_20260917.csv,228,상봉,2722,37.595673,127.085708,exact_matched,False,ELIGIBLE,,EPSG:4326,ANALYTICAL_ASSUMPTION,analysis assumption supported by official national station-data standard; not source-specific CRS explicitly verified. Batch2R-C official 2024 공공데이터 제공 표준 section42 도시철도역사정보 items10 역위도/11 역경도 explicitly specifies WGS84; longitude=x latitude=y geographic degrees. https://www.data.go.kr/bbs/rcr/selectRecsroom.do?originId=PDS_0000000001227&atchFileId=FILE_000000003049184 standard SHA256=d3d464f6a9dd9f6dfd3ff61fec966c95ccce8aec085c234ba3af9e665d3c67cd,False,SNAPSHOT_STABILITY_ASSUMPTION,"Official same-source snapshots labelled2023-10-31,2024-10-31,2025-08-14 corroborate identical coordinates for existing276source rows; practical pre-existing-station spatial stability assumption approved by human; not continuous-observation proof, not verified unchanged throughout2024. Historical2023/2024 file SHA256=9da58a78b07852906b9b9c75c539770d8a50a16c0cb5b8c21b23383327f85ce6; residual temporal uncertainty retained; see Batch2R-C temporal audit.",,adopted exact_matched; coordinate source=subway/data/raw/2024/station/서울교통공사_1_8호선 역사 좌표(위경도) 정보_20260917.csv row=228.0; ,,11070600,중랑구,상봉2동,20240630,963427.3901035192,1955221.2920567398,MAPPED,11070600,UNIQUE_STRICT_WITHIN,longitude=x latitude=y; EPSG:4326 analytical assumption -> EPSG:5179; strict contains; non-within touches checked; no repair/fallback,406.0,subway/data/raw/2024/boundary/bnd_dong_11_2024_2Q.shp,boundary,2024 Q2,2024-06-30,population_direct_65_plus,subway/data/raw/2024/population_direct_65_plus/201_DT_201004_O020003_2024Q2_20261006.csv,110.0,e48f83ca75f7f92a5a83e39834440c0f3149ace1113c3533102797e4d0338d76,DT_201004_O020003,https://stat.eseoul.go.kr/statHtml/statHtml.do?orgId=201&tblId=DT_201004_O020003&conn_path=I2,001007010,001007,002 계 (14210.MT0047 명),006 65세이상고령자 (14999671.ga028 명),명,official source code parents + exact complete Q2 boundary parent/name-set bijection; SGIS codes not equated to statistics codes,seoul_2024,IN_CURRENT_STUDY_AREA,STRICTLY_INSIDE_CONFIGURED_BOUNDARY_UNION,current configured validated boundary union; no replacement coordinates or correction,4,1.9051247856734617,20996,3349,0.15950657268051058,-0.5791483598977185,0.6061352769191141,99.40245593570067
"station:[""7"",""수락산""]",7,수락산,2713,subway/data/raw/2024/station/서울교통공사_1_8호선 역사 좌표(위경도) 정보_20260917.csv,219,수락산,2713,37.677804,127.055314,exact_matched,False,ELIGIBLE,,EPSG:4326,ANALYTICAL_ASSUMPTION,analysis assumption supported by official national station-data standard; not source-specific CRS explicitly verified. Batch2R-C official 2024 공공데이터 제공 표준 section42 도시철도역사정보 items10 역위도/11 역경도 explicitly specifies WGS84; longitude=x latitude=y geographic degrees. https://www.data.go.kr/bbs/rcr/selectRecsroom.do?originId=PDS_0000000001227&atchFileId=FILE_000000003049184 standard SHA256=d3d464f6a9dd9f6dfd3ff61fec966c95ccce8aec085c234ba3af9e665d3c67cd,False,SNAPSHOT_STABILITY_ASSUMPTION,"Official same-source snapshots labelled2023-10-31,2024-10-31,2025-08-14 corroborate identical coordinates for existing276source rows; practical pre-existing-station spatial stability assumption approved by human; not continuous-observation proof, not verified unchanged throughout2024. Historical2023/2024 file SHA256=9da58a78b07852906b9b9c75c539770d8a50a16c0cb5b8c21b23383327f85ce6; residual temporal uncertainty retained; see Batch2R-C temporal audit.",,adopted exact_matched; coordinate source=subway/data/raw/2024/station/서울교통공사_1_8호선 역사 좌표(위경도) 정보_20260917.csv row=219.0; ,,11110650,노원구,상계1동,20240630,960787.4611702929,1964345.6749099288,MAPPED,11110650,UNIQUE_STRICT_WITHIN,longitude=x latitude=y; EPSG:4326 analytical assumption -> EPSG:5179; strict contains; non-within touches checked; no repair/fallback,74.0,subway/data/raw/2024/boundary/bnd_dong_11_2024_2Q.shp,boundary,2024 Q2,2024-06-30,population_direct_65_plus,subway/data/raw/2024/population_direct_65_plus/201_DT_201004_O020003_2024Q2_20261006.csv,181.0,e48f83ca75f7f92a5a83e39834440c0f3149ace1113c3533102797e4d0338d76,DT_201004_O020003,https://stat.eseoul.go.kr/statHtml/statHtml.do?orgId=201&tblId=DT_201004_O020003&conn_path=I2,001011015,001011,002 계 (14210.MT0047 명),006 65세이상고령자 (14999671.ga028 명),명,official source code parents + exact complete Q2 boundary parent/name-set bijection; SGIS codes not equated to statistics codes,seoul_2024,IN_CURRENT_STUDY_AREA,STRICTLY_INSIDE_CONFIGURED_BOUNDARY_UNION,current configured validated boundary union; no replacement coordinates or correction,2,0.5430503136115561,36829,8168,0.2217817480789595,0.8919571962712219,-0.1778054423125232,34.393906578932636
"station:[""7"",""숭실대입구(살피재)""]",7,숭실대입구(살피재),2740,subway/data/raw/2024/station/서울교통공사_1_8호선 역사 좌표(위경도) 정보_20260917.csv,246,숭실대입구,2740,37.496258,126.953649,alias_matched,False,ELIGIBLE,,EPSG:4326,ANALYTICAL_ASSUMPTION,analysis assumption supported by official national station-data standard; not source-specific CRS explicitly verified. Batch2R-C official 2024 공공데이터 제공 표준 section42 도시철도역사정보 items10 역위도/11 역경도 explicitly specifies WGS84; longitude=x latitude=y geographic degrees. https://www.data.go.kr/bbs/rcr/selectRecsroom.do?originId=PDS_0000000001227&atchFileId=FILE_000000003049184 standard SHA256=d3d464f6a9dd9f6dfd3ff61fec966c95ccce8aec085c234ba3af9e665d3c67cd,False,SNAPSHOT_STABILITY_ASSUMPTION,"Official same-source snapshots labelled2023-10-31,2024-10-31,2025-08-14 corroborate identical coordinates for existing276source rows; practical pre-existing-station spatial stability assumption approved by human; not continuous-observation proof, not verified unchanged throughout2024. Historical2023/2024 file SHA256=9da58a78b07852906b9b9c75c539770d8a50a16c0cb5b8c21b23383327f85ce6; residual temporal uncertainty retained; see Batch2R-C temporal audit.",,adopted alias_matched; coordinate source=subway/data/raw/2024/station/서울교통공사_1_8호선 역사 좌표(위경도) 정보_20260917.csv row=246.0; P-S2-2RA scoped source alias; provider family=서울교통공사; station_file=subway/data/raw/2024/station/서울교통공사_1_8호선 역사 좌표(위경도) 정보_20260917.csv; total_file=subway/data/raw/2024/total_ridership/서울교통공사_역별 일별 시간대별 승하차인원 정보_20260831.csv; station_row=246; normalized_line=7; external_code=2740; station_raw=숭실대입구; canonical_2024_total=숭실대입구(살피재); relation=B adjunct/display source difference; source code+line unique on both sides; explicit reviewed display variant; not an official rename claim; candidate identities station=1 total=1; no code-line contradiction or competing candidate; raw names preserved,,11200530,동작구,상도1동,20240630,951705.3934383359,1944251.3382533567,MAPPED,11200530,UNIQUE_STRICT_WITHIN,longitude=x latitude=y; EPSG:4326 analytical assumption -> EPSG:5179; strict contains; non-within touches checked; no repair/fallback,304.0,subway/data/raw/2024/boundary/bnd_dong_11_2024_2Q.shp,boundary,2024 Q2,2024-06-30,population_direct_65_plus,subway/data/raw/2024/population_direct_65_plus/201_DT_201004_O020003_2024Q2_20261006.csv,328.0,e48f83ca75f7f92a5a83e39834440c0f3149ace1113c3533102797e4d0338d76,DT_201004_O020003,https://stat.eseoul.go.kr/statHtml/statHtml.do?orgId=201&tblId=DT_201004_O020003&conn_path=I2,001020003,001020,002 계 (14210.MT0047 명),006 65세이상고령자 (14999671.ga028 명),명,official source code parents + exact complete Q2 boundary parent/name-set bijection; SGIS codes not equated to statistics codes,seoul_2024,IN_CURRENT_STUDY_AREA,STRICTLY_INSIDE_CONFIGURED_BOUNDARY_UNION,current configured validated boundary union; no replacement coordinates or correction,0,0.0,46523,7842,0.16856178664316573,-0.36524008123725643,-0.4903575546703421,1234.3986695946387
"station:[""7"",""신대방삼거리""]",7,신대방삼거리,2743,subway/data/raw/2024/station/서울교통공사_1_8호선 역사 좌표(위경도) 정보_20260917.csv,249,신대방삼거리,2743,37.499717,126.928218,exact_matched,False,ELIGIBLE,,EPSG:4326,ANALYTICAL_ASSUMPTION,analysis assumption supported by official national station-data standard; not source-specific CRS explicitly verified. Batch2R-C official 2024 공공데이터 제공 표준 section42 도시철도역사정보 items10 역위도/11 역경도 explicitly specifies WGS84; longitude=x latitude=y geographic degrees. https://www.data.go.kr/bbs/rcr/selectRecsroom.do?originId=PDS_0000000001227&atchFileId=FILE_000000003049184 standard SHA256=d3d464f6a9dd9f6dfd3ff61fec966c95ccce8aec085c234ba3af9e665d3c67cd,False,SNAPSHOT_STABILITY_ASSUMPTION,"Official same-source snapshots labelled2023-10-31,2024-10-31,2025-08-14 corroborate identical coordinates for existing276source rows; practical pre-existing-station spatial stability assumption approved by human; not continuous-observation proof, not verified unchanged throughout2024. Historical2023/2024 file SHA256=9da58a78b07852906b9b9c75c539770d8a50a16c0cb5b8c21b23383327f85ce6; residual temporal uncertainty retained; see Batch2R-C temporal audit.",,adopted exact_matched; coordinate source=subway/data/raw/2024/station/서울교통공사_1_8호선 역사 좌표(위경도) 정보_20260917.csv row=249.0; ,,11200680,동작구,대방동,20240630,949459.7366314724,1944648.4461056213,MAPPED,11200680,UNIQUE_STRICT_WITHIN,longitude=x latitude=y; EPSG:4326 analytical assumption -> EPSG:5179; strict contains; non-within touches checked; no repair/fallback,426.0,subway/data/raw/2024/boundary/bnd_dong_11_2024_2Q.shp,boundary,2024 Q2,2024-06-30,population_direct_65_plus,subway/data/raw/2024/population_direct_65_plus/201_DT_201004_O020003_2024Q2_20261006.csv,338.0,e48f83ca75f7f92a5a83e39834440c0f3149ace1113c3533102797e4d0338d76,DT_201004_O020003,https://stat.eseoul.go.kr/statHtml/statHtml.do?orgId=201&tblId=DT_201004_O020003&conn_path=I2,001020018,001020,002 계 (14210.MT0047 명),006 65세이상고령자 (14999671.ga028 명),명,official source code parents + exact complete Q2 boundary parent/name-set bijection; SGIS codes not equated to statistics codes,seoul_2024,IN_CURRENT_STUDY_AREA,STRICTLY_INSIDE_CONFIGURED_BOUNDARY_UNION,current configured validated boundary union; no replacement coordinates or correction,2,0.5566998830930245,35926,5977,0.16636976006235038,-0.4170215890640138,-0.1699494450554083,134.98157731167763
"station:[""7"",""신풍""]",7,신풍,2745,subway/data/raw/2024/station/서울교통공사_1_8호선 역사 좌표(위경도) 정보_20260917.csv,251,신풍,2745,37.500107,126.909806,exact_matched,False,ELIGIBLE,,EPSG:4326,ANALYTICAL_ASSUMPTION,analysis assumption supported by official national station-data standard; not source-specific CRS explicitly verified. Batch2R-C official 2024 공공데이터 제공 표준 section42 도시철도역사정보 items10 역위도/11 역경도 explicitly specifies WGS84; longitude=x latitude=y geographic degrees. https://www.data.go.kr/bbs/rcr/selectRecsroom.do?originId=PDS_0000000001227&atchFileId=FILE_000000003049184 standard SHA256=d3d464f6a9dd9f6dfd3ff61fec966c95ccce8aec085c234ba3af9e665d3c67cd,False,SNAPSHOT_STABILITY_ASSUMPTION,"Official same-source snapshots labelled2023-10-31,2024-10-31,2025-08-14 corroborate identical coordinates for existing276source rows; practical pre-existing-station spatial stability assumption approved by human; not continuous-observation proof, not verified unchanged throughout2024. Historical2023/2024 file SHA256=9da58a78b07852906b9b9c75c539770d8a50a16c0cb5b8c21b23383327f85ce6; residual temporal uncertainty retained; see Batch2R-C temporal audit.",,adopted exact_matched; coordinate source=subway/data/raw/2024/station/서울교통공사_1_8호선 역사 좌표(위경도) 정보_20260917.csv row=251.0; ,,11190680,영등포구,신길6동,20240630,947832.5419012055,1944701.7608592443,MAPPED,11190680,UNIQUE_STRICT_WITHIN,longitude=x latitude=y; EPSG:4326 analytical assumption -> EPSG:5179; strict contains; non-within touches checked; no repair/fallback,200.0,subway/data/raw/2024/boundary/bnd_dong_11_2024_2Q.shp,boundary,2024 Q2,2024-06-30,population_direct_65_plus,subway/data/raw/2024/population_direct_65_plus/201_DT_201004_O020003_2024Q2_20261006.csv,320.0,e48f83ca75f7f92a5a83e39834440c0f3149ace1113c3533102797e4d0338d76,DT_201004_O020003,https://stat.eseoul.go.kr/statHtml/statHtml.do?orgId=201&tblId=DT_201004_O020003&conn_path=I2,001019018,001019,002 계 (14210.MT0047 명),006 65세이상고령자 (14999671.ga028 명),명,official source code parents + exact complete Q2 boundary parent/name-set bijection; SGIS codes not equated to statistics codes,seoul_2024,IN_CURRENT_STUDY_AREA,STRICTLY_INSIDE_CONFIGURED_BOUNDARY_UNION,current configured validated boundary union; no replacement coordinates or correction,0,0.0,18194,3601,0.19792239199736178,0.32833563962883255,-0.4903575546703421,371.3299421388274
"station:[""7"",""어린이대공원(세종대)""]",7,어린이대공원(세종대),2728,subway/data/raw/2024/station/서울교통공사_1_8호선 역사 좌표(위경도) 정보_20260917.csv,234,어린이대공원,2728,37.547962,127.07465,alias_matched,False,ELIGIBLE,,EPSG:4326,ANALYTICAL_ASSUMPTION,analysis assumption supported by official national station-data standard; not source-specific CRS explicitly verified. Batch2R-C official 2024 공공데이터 제공 표준 section42 도시철도역사정보 items10 역위도/11 역경도 explicitly specifies WGS84; longitude=x latitude=y geographic degrees. https://www.data.go.kr/bbs/rcr/selectRecsroom.do?originId=PDS_0000000001227&atchFileId=FILE_000000003049184 standard SHA256=d3d464f6a9dd9f6dfd3ff61fec966c95ccce8aec085c234ba3af9e665d3c67cd,False,SNAPSHOT_STABILITY_ASSUMPTION,"Official same-source snapshots labelled2023-10-31,2024-10-31,2025-08-14 corroborate identical coordinates for existing276source rows; practical pre-existing-station spatial stability assumption approved by human; not continuous-observation proof, not verified unchanged throughout2024. Historical2023/2024 file SHA256=9da58a78b07852906b9b9c75c539770d8a50a16c0cb5b8c21b23383327f85ce6; residual temporal uncertainty retained; see Batch2R-C temporal audit.",,adopted alias_matched; coordinate source=subway/data/raw/2024/station/서울교통공사_1_8호선 역사 좌표(위경도) 정보_20260917.csv row=234.0; P-S2-2RA scoped source alias; provider family=서울교통공사; station_file=subway/data/raw/2024/station/서울교통공사_1_8호선 역사 좌표(위경도) 정보_20260917.csv; total_file=subway/data/raw/2024/total_ridership/서울교통공사_역별 일별 시간대별 승하차인원 정보_20260831.csv; station_row=234; normalized_line=7; external_code=2728; station_raw=어린이대공원; canonical_2024_total=어린이대공원(세종대); relation=B adjunct/display source difference; source code+line unique on both sides; explicit reviewed display variant; not an official rename claim; candidate identities station=1 total=1; no code-line contradiction or competing candidate; raw names preserved,,11050590,광진구,능동,20240630,962427.2528903809,1949932.3691778176,MAPPED,11050590,UNIQUE_STRICT_WITHIN,longitude=x latitude=y; EPSG:4326 analytical assumption -> EPSG:5179; strict contains; non-within touches checked; no repair/fallback,132.0,subway/data/raw/2024/boundary/bnd_dong_11_2024_2Q.shp,boundary,2024 Q2,2024-06-30,population_direct_65_plus,subway/data/raw/2024/population_direct_65_plus/201_DT_201004_O020003_2024Q2_20261006.csv,78.0,e48f83ca75f7f92a5a83e39834440c0f3149ace1113c3533102797e4d0338d76,DT_201004_O020003,https://stat.eseoul.go.kr/statHtml/statHtml.do?orgId=201&tblId=DT_201004_O020003&conn_path=I2,001005009,001005,002 계 (14210.MT0047 명),006 65세이상고령자 (14999671.ga028 명),명,official source code parents + exact complete Q2 boundary parent/name-set bijection; SGIS codes not equated to statistics codes,seoul_2024,IN_CURRENT_STUDY_AREA,STRICTLY_INSIDE_CONFIGURED_BOUNDARY_UNION,current configured validated boundary union; no replacement coordinates or correction,0,0.0,11477,1753,0.15274026313496558,-0.7389866181366204,-0.4903575546703421,365.58555007905
"station:[""7"",""온수(성공회대입구)""]",7,온수(성공회대입구),2752,subway/data/raw/2024/station/서울교통공사_1_8호선 역사 좌표(위경도) 정보_20260917.csv,258,온수,2752,37.492059,126.823294,alias_matched,False,ELIGIBLE,,EPSG:4326,ANALYTICAL_ASSUMPTION,analysis assumption supported by official national station-data standard; not source-specific CRS explicitly verified. Batch2R-C official 2024 공공데이터 제공 표준 section42 도시철도역사정보 items10 역위도/11 역경도 explicitly specifies WGS84; longitude=x latitude=y geographic degrees. https://www.data.go.kr/bbs/rcr/selectRecsroom.do?originId=PDS_0000000001227&atchFileId=FILE_000000003049184 standard SHA256=d3d464f6a9dd9f6dfd3ff61fec966c95ccce8aec085c234ba3af9e665d3c67cd,False,SNAPSHOT_STABILITY_ASSUMPTION,"Official same-source snapshots labelled2023-10-31,2024-10-31,2025-08-14 corroborate identical coordinates for existing276source rows; practical pre-existing-station spatial stability assumption approved by human; not continuous-observation proof, not verified unchanged throughout2024. Historical2023/2024 file SHA256=9da58a78b07852906b9b9c75c539770d8a50a16c0cb5b8c21b23383327f85ce6; residual temporal uncertainty retained; see Batch2R-C temporal audit.",,adopted alias_matched; coordinate source=subway/data/raw/2024/station/서울교통공사_1_8호선 역사 좌표(위경도) 정보_20260917.csv row=258.0; P-S2-2RA scoped source alias; provider family=서울교통공사; station_file=subway/data/raw/2024/station/서울교통공사_1_8호선 역사 좌표(위경도) 정보_20260917.csv; total_file=subway/data/raw/2024/total_ridership/서울교통공사_역별 일별 시간대별 승하차인원 정보_20260831.csv; station_row=258; normalized_line=7; external_code=2752; station_raw=온수; canonical_2024_total=온수(성공회대입구); relation=B adjunct/display source difference; source code+line unique on both sides; explicit reviewed display variant; not an official rename claim; candidate identities station=1 total=1; no code-line contradiction or competing candidate; raw names preserved,,11170690,구로구,수궁동,20240630,940179.2088660647,1943860.3473393628,MAPPED,11170690,UNIQUE_STRICT_WITHIN,longitude=x latitude=y; EPSG:4326 analytical assumption -> EPSG:5179; strict contains; non-within touches checked; no repair/fallback,102.0,subway/data/raw/2024/boundary/bnd_dong_11_2024_2Q.shp,boundary,2024 Q2,2024-06-30,population_direct_65_plus,subway/data/raw/2024/population_direct_65_plus/201_DT_201004_O020003_2024Q2_20261006.csv,293.0,e48f83ca75f7f92a5a83e39834440c0f3149ace1113c3533102797e4d0338d76,DT_201004_O020003,https://stat.eseoul.go.kr/statHtml/statHtml.do?orgId=201&tblId=DT_201004_O020003&conn_path=I2,001017019,001017,002 계 (14210.MT0047 명),006 65세이상고령자 (14999671.ga028 명),명,official source code parents + exact complete Q2 boundary parent/name-set bijection; SGIS codes not equated to statistics codes,seoul_2024,IN_CURRENT_STUDY_AREA,STRICTLY_INSIDE_CONFIGURED_BOUNDARY_UNION,current configured validated boundary union; no replacement coordinates or correction,0,0.0,22970,5198,0.226295167609926,0.998576190225779,-0.4903575546703421,1827.4175813130532
"station:[""7"",""용마산(용마폭포공원)""]",7,용마산(용마폭포공원),2725,subway/data/raw/2024/station/서울교통공사_1_8호선 역사 좌표(위경도) 정보_20260917.csv,231,용마산,2725,37.573752,127.086802,alias_matched,False,ELIGIBLE,,EPSG:4326,ANALYTICAL_ASSUMPTION,analysis assumption supported by official national station-data standard; not source-specific CRS explicitly verified. Batch2R-C official 2024 공공데이터 제공 표준 section42 도시철도역사정보 items10 역위도/11 역경도 explicitly specifies WGS84; longitude=x latitude=y geographic degrees. https://www.data.go.kr/bbs/rcr/selectRecsroom.do?originId=PDS_0000000001227&atchFileId=FILE_000000003049184 standard SHA256=d3d464f6a9dd9f6dfd3ff61fec966c95ccce8aec085c234ba3af9e665d3c67cd,False,SNAPSHOT_STABILITY_ASSUMPTION,"Official same-source snapshots labelled2023-10-31,2024-10-31,2025-08-14 corroborate identical coordinates for existing276source rows; practical pre-existing-station spatial stability assumption approved by human; not continuous-observation proof, not verified unchanged throughout2024. Historical2023/2024 file SHA256=9da58a78b07852906b9b9c75c539770d8a50a16c0cb5b8c21b23383327f85ce6; residual temporal uncertainty retained; see Batch2R-C temporal audit.",,adopted alias_matched; coordinate source=subway/data/raw/2024/station/서울교통공사_1_8호선 역사 좌표(위경도) 정보_20260917.csv row=231.0; P-S2-2RA scoped source alias; provider family=서울교통공사; station_file=subway/data/raw/2024/station/서울교통공사_1_8호선 역사 좌표(위경도) 정보_20260917.csv; total_file=subway/data/raw/2024/total_ridership/서울교통공사_역별 일별 시간대별 승하차인원 정보_20260831.csv; station_row=231; normalized_line=7; external_code=2725; station_raw=용마산; canonical_2024_total=용마산(용마폭포공원); relation=B adjunct/display source difference; source code+line unique on both sides; explicit reviewed display variant; not an official rename claim; OA-22477 row=57 previous=용마산 changed=용마산(용마폭포공원) revision=2019-12-26 note=병기역명; https://data.seoul.go.kr/dataList/OA-22477/F/1/datasetView.do; candidate identities station=1 total=1; no code-line contradiction or competing candidate; raw names preserved,,11070540,중랑구,면목4동,20240630,963513.2681989158,1952788.8415927775,MAPPED,11070540,UNIQUE_STRICT_WITHIN,longitude=x latitude=y; EPSG:4326 analytical assumption -> EPSG:5179; strict contains; non-within touches checked; no repair/fallback,160.0,subway/data/raw/2024/boundary/bnd_dong_11_2024_2Q.shp,boundary,2024 Q2,2024-06-30,population_direct_65_plus,subway/data/raw/2024/population_direct_65_plus/201_DT_201004_O020003_2024Q2_20261006.csv,104.0,e48f83ca75f7f92a5a83e39834440c0f3149ace1113c3533102797e4d0338d76,DT_201004_O020003,https://stat.eseoul.go.kr/statHtml/statHtml.do?orgId=201&tblId=DT_201004_O020003&conn_path=I2,001007004,001007,002 계 (14210.MT0047 명),006 65세이상고령자 (14999671.ga028 명),명,official source code parents + exact complete Q2 boundary parent/name-set bijection; SGIS codes not equated to statistics codes,seoul_2024,IN_CURRENT_STUDY_AREA,STRICTLY_INSIDE_CONFIGURED_BOUNDARY_UNION,current configured validated boundary union; no replacement coordinates or correction,0,0.0,18364,4186,0.22794598126769766,1.0375728069130756,-0.4903575546703421,633.3944630563445
"station:[""7"",""이수""]",7,이수,2738,subway/data/raw/2024/station/서울교통공사_1_8호선 역사 좌표(위경도) 정보_20260917.csv,244,총신대입구,2738,37.485258,126.981766,alias_matched,False,ELIGIBLE,,EPSG:4326,ANALYTICAL_ASSUMPTION,analysis assumption supported by official national station-data standard; not source-specific CRS explicitly verified. Batch2R-C official 2024 공공데이터 제공 표준 section42 도시철도역사정보 items10 역위도/11 역경도 explicitly specifies WGS84; longitude=x latitude=y geographic degrees. https://www.data.go.kr/bbs/rcr/selectRecsroom.do?originId=PDS_0000000001227&atchFileId=FILE_000000003049184 standard SHA256=d3d464f6a9dd9f6dfd3ff61fec966c95ccce8aec085c234ba3af9e665d3c67cd,False,SNAPSHOT_STABILITY_ASSUMPTION,"Official same-source snapshots labelled2023-10-31,2024-10-31,2025-08-14 corroborate identical coordinates for existing276source rows; practical pre-existing-station spatial stability assumption approved by human; not continuous-observation proof, not verified unchanged throughout2024. Historical2023/2024 file SHA256=9da58a78b07852906b9b9c75c539770d8a50a16c0cb5b8c21b23383327f85ce6; residual temporal uncertainty retained; see Batch2R-C temporal audit.",,adopted alias_matched; coordinate source=subway/data/raw/2024/station/서울교통공사_1_8호선 역사 좌표(위경도) 정보_20260917.csv row=244.0; P-S2-2RA scoped source alias; provider family=서울교통공사; station_file=subway/data/raw/2024/station/서울교통공사_1_8호선 역사 좌표(위경도) 정보_20260917.csv; total_file=subway/data/raw/2024/total_ridership/서울교통공사_역별 일별 시간대별 승하차인원 정보_20260831.csv; station_row=244; normalized_line=7; external_code=2738; station_raw=총신대입구; canonical_2024_total=이수; relation=B line-specific source display difference; source code+line unique on both sides; explicit reviewed display variant; not an official rename claim; OA-22477 line-4 rename is NOT line-7 evidence; KRIC dataset32 line S1107 official station name 이수; independent line-specific display corroboration; candidate identities station=1 total=1; no code-line contradiction or competing candidate; raw names preserved,,11200630,동작구,사당1동,20240630,954184.0908234473,1943016.902433176,MAPPED,11200630,UNIQUE_STRICT_WITHIN,longitude=x latitude=y; EPSG:4326 analytical assumption -> EPSG:5179; strict contains; non-within touches checked; no repair/fallback,305.0,subway/data/raw/2024/boundary/bnd_dong_11_2024_2Q.shp,boundary,2024 Q2,2024-06-30,population_direct_65_plus,subway/data/raw/2024/population_direct_65_plus/201_DT_201004_O020003_2024Q2_20261006.csv,333.0,e48f83ca75f7f92a5a83e39834440c0f3149ace1113c3533102797e4d0338d76,DT_201004_O020003,https://stat.eseoul.go.kr/statHtml/statHtml.do?orgId=201&tblId=DT_201004_O020003&conn_path=I2,001020013,001020,002 계 (14210.MT0047 명),006 65세이상고령자 (14999671.ga028 명),명,official source code parents + exact complete Q2 boundary parent/name-set bijection; SGIS codes not equated to statistics codes,seoul_2024,IN_CURRENT_STUDY_AREA,STRICTLY_INSIDE_CONFIGURED_BOUNDARY_UNION,current configured validated boundary union; no replacement coordinates or correction,2,0.8715356458079135,22948,4112,0.179187728778107,-0.1142270184200763,0.011253990824956464,105.8605339553094
"station:[""7"",""자양(뚝섬한강공원)""]",7,자양(뚝섬한강공원),2730,subway/data/raw/2024/station/서울교통공사_1_8호선 역사 좌표(위경도) 정보_20260917.csv,236,뚝섬유원지,2730,37.531558,127.066714,alias_matched,False,ELIGIBLE,,EPSG:4326,ANALYTICAL_ASSUMPTION,analysis assumption supported by official national station-data standard; not source-specific CRS explicitly verified. Batch2R-C official 2024 공공데이터 제공 표준 section42 도시철도역사정보 items10 역위도/11 역경도 explicitly specifies WGS84; longitude=x latitude=y geographic degrees. https://www.data.go.kr/bbs/rcr/selectRecsroom.do?originId=PDS_0000000001227&atchFileId=FILE_000000003049184 standard SHA256=d3d464f6a9dd9f6dfd3ff61fec966c95ccce8aec085c234ba3af9e665d3c67cd,False,SNAPSHOT_STABILITY_ASSUMPTION,"Official same-source snapshots labelled2023-10-31,2024-10-31,2025-08-14 corroborate identical coordinates for existing276source rows; practical pre-existing-station spatial stability assumption approved by human; not continuous-observation proof, not verified unchanged throughout2024. Historical2023/2024 file SHA256=9da58a78b07852906b9b9c75c539770d8a50a16c0cb5b8c21b23383327f85ce6; residual temporal uncertainty retained; see Batch2R-C temporal audit.",,adopted alias_matched; coordinate source=subway/data/raw/2024/station/서울교통공사_1_8호선 역사 좌표(위경도) 정보_20260917.csv row=236.0; P-S2-2RA scoped source alias; provider family=서울교통공사; station_file=subway/data/raw/2024/station/서울교통공사_1_8호선 역사 좌표(위경도) 정보_20260917.csv; total_file=subway/data/raw/2024/total_ridership/서울교통공사_역별 일별 시간대별 승하차인원 정보_20260831.csv; station_row=236; normalized_line=7; external_code=2730; station_raw=뚝섬유원지; canonical_2024_total=자양(뚝섬한강공원); relation=A official rename; source code+line unique on both sides; explicit reviewed display variant; OA-22477 row=62 previous=뚝섬유원지 changed=자양(뚝섬한강공원) revision=2024-02-29 note=; https://data.seoul.go.kr/dataList/OA-22477/F/1/datasetView.do; candidate identities station=1 total=1; no code-line contradiction or competing candidate; raw names preserved,,11050670,광진구,자양4동,20240630,961717.8470695692,1948115.641479893,MAPPED,11050670,UNIQUE_STRICT_WITHIN,longitude=x latitude=y; EPSG:4326 analytical assumption -> EPSG:5179; strict contains; non-within touches checked; no repair/fallback,147.0,subway/data/raw/2024/boundary/bnd_dong_11_2024_2Q.shp,boundary,2024 Q2,2024-06-30,population_direct_65_plus,subway/data/raw/2024/population_direct_65_plus/201_DT_201004_O020003_2024Q2_20261006.csv,83.0,e48f83ca75f7f92a5a83e39834440c0f3149ace1113c3533102797e4d0338d76,DT_201004_O020003,https://stat.eseoul.go.kr/statHtml/statHtml.do?orgId=201&tblId=DT_201004_O020003&conn_path=I2,001005017,001005,002 계 (14210.MT0047 명),006 65세이상고령자 (14999671.ga028 명),명,official source code parents + exact complete Q2 boundary parent/name-set bijection; SGIS codes not equated to statistics codes,seoul_2024,IN_CURRENT_STUDY_AREA,STRICTLY_INSIDE_CONFIGURED_BOUNDARY_UNION,current configured validated boundary union; no replacement coordinates or correction,2,0.8608815426997245,23232,4330,0.18638085399449036,0.05569376308452333,0.00512203150502426,727.8171821297706
"station:[""7"",""장승배기""]",7,장승배기,2742,subway/data/raw/2024/station/서울교통공사_1_8호선 역사 좌표(위경도) 정보_20260917.csv,248,장승배기,2742,37.504845,126.939025,exact_matched,False,ELIGIBLE,,EPSG:4326,ANALYTICAL_ASSUMPTION,analysis assumption supported by official national station-data standard; not source-specific CRS explicitly verified. Batch2R-C official 2024 공공데이터 제공 표준 section42 도시철도역사정보 items10 역위도/11 역경도 explicitly specifies WGS84; longitude=x latitude=y geographic degrees. https://www.data.go.kr/bbs/rcr/selectRecsroom.do?originId=PDS_0000000001227&atchFileId=FILE_000000003049184 standard SHA256=d3d464f6a9dd9f6dfd3ff61fec966c95ccce8aec085c234ba3af9e665d3c67cd,False,SNAPSHOT_STABILITY_ASSUMPTION,"Official same-source snapshots labelled2023-10-31,2024-10-31,2025-08-14 corroborate identical coordinates for existing276source rows; practical pre-existing-station spatial stability assumption approved by human; not continuous-observation proof, not verified unchanged throughout2024. Historical2023/2024 file SHA256=9da58a78b07852906b9b9c75c539770d8a50a16c0cb5b8c21b23383327f85ce6; residual temporal uncertainty retained; see Batch2R-C temporal audit.",,adopted exact_matched; coordinate source=subway/data/raw/2024/station/서울교통공사_1_8호선 역사 좌표(위경도) 정보_20260917.csv row=248.0; ,,11200540,동작구,상도2동,20240630,950418.3751952706,1945211.6187682552,MAPPED,11200540,UNIQUE_STRICT_WITHIN,longitude=x latitude=y; EPSG:4326 analytical assumption -> EPSG:5179; strict contains; non-within touches checked; no repair/fallback,295.0,subway/data/raw/2024/boundary/bnd_dong_11_2024_2Q.shp,boundary,2024 Q2,2024-06-30,population_direct_65_plus,subway/data/raw/2024/population_direct_65_plus/201_DT_201004_O020003_2024Q2_20261006.csv,329.0,e48f83ca75f7f92a5a83e39834440c0f3149ace1113c3533102797e4d0338d76,DT_201004_O020003,https://stat.eseoul.go.kr/statHtml/statHtml.do?orgId=201&tblId=DT_201004_O020003&conn_path=I2,001020004,001020,002 계 (14210.MT0047 명),006 65세이상고령자 (14999671.ga028 명),명,official source code parents + exact complete Q2 boundary parent/name-set bijection; SGIS codes not equated to statistics codes,seoul_2024,IN_CURRENT_STUDY_AREA,STRICTLY_INSIDE_CONFIGURED_BOUNDARY_UNION,current configured validated boundary union; no replacement coordinates or correction,1,0.36017864860971044,27764,4668,0.16813139317101283,-0.37540712170196694,-0.28305706219760557,581.499931544179
"station:[""7"",""중계""]",7,중계,2716,subway/data/raw/2024/station/서울교통공사_1_8호선 역사 좌표(위경도) 정보_20260917.csv,222,중계,2716,37.645052,127.064084,exact_matched,False,ELIGIBLE,,EPSG:4326,ANALYTICAL_ASSUMPTION,analysis assumption supported by official national station-data standard; not source-specific CRS explicitly verified. Batch2R-C official 2024 공공데이터 제공 표준 section42 도시철도역사정보 items10 역위도/11 역경도 explicitly specifies WGS84; longitude=x latitude=y geographic degrees. https://www.data.go.kr/bbs/rcr/selectRecsroom.do?originId=PDS_0000000001227&atchFileId=FILE_000000003049184 standard SHA256=d3d464f6a9dd9f6dfd3ff61fec966c95ccce8aec085c234ba3af9e665d3c67cd,False,SNAPSHOT_STABILITY_ASSUMPTION,"Official same-source snapshots labelled2023-10-31,2024-10-31,2025-08-14 corroborate identical coordinates for existing276source rows; practical pre-existing-station spatial stability assumption approved by human; not continuous-observation proof, not verified unchanged throughout2024. Historical2023/2024 file SHA256=9da58a78b07852906b9b9c75c539770d8a50a16c0cb5b8c21b23383327f85ce6; residual temporal uncertainty retained; see Batch2R-C temporal audit.",,adopted exact_matched; coordinate source=subway/data/raw/2024/station/서울교통공사_1_8호선 역사 좌표(위경도) 정보_20260917.csv row=222.0; ,,11110780,노원구,중계2·3동,20240630,961543.9142828911,1960708.3224462662,MAPPED,11110780,UNIQUE_STRICT_WITHIN,longitude=x latitude=y; EPSG:4326 analytical assumption -> EPSG:5179; strict contains; non-within touches checked; no repair/fallback,205.0,subway/data/raw/2024/boundary/bnd_dong_11_2024_2Q.shp,boundary,2024 Q2,2024-06-30,population_direct_65_plus,subway/data/raw/2024/population_direct_65_plus/201_DT_201004_O020003_2024Q2_20261006.csv,180.0,e48f83ca75f7f92a5a83e39834440c0f3149ace1113c3533102797e4d0338d76,DT_201004_O020003,https://stat.eseoul.go.kr/statHtml/statHtml.do?orgId=201&tblId=DT_201004_O020003&conn_path=I2,001011025,001011,002 계 (14210.MT0047 명),006 65세이상고령자 (14999671.ga028 명),명,official source code parents + exact complete Q2 boundary parent/name-set bijection; SGIS codes not equated to statistics codes,seoul_2024,IN_CURRENT_STUDY_AREA,STRICTLY_INSIDE_CONFIGURED_BOUNDARY_UNION,current configured validated boundary union; no replacement coordinates or correction,1,0.3103565997330933,32221,8017,0.24881288600602092,1.5305046903511736,-0.31173209695602355,598.2522057091996
"station:[""7"",""중곡""]",7,중곡,2726,subway/data/raw/2024/station/서울교통공사_1_8호선 역사 좌표(위경도) 정보_20260917.csv,232,중곡,2726,37.565877,127.084291,exact_matched,False,ELIGIBLE,,EPSG:4326,ANALYTICAL_ASSUMPTION,analysis assumption supported by official national station-data standard; not source-specific CRS explicitly verified. Batch2R-C official 2024 공공데이터 제공 표준 section42 도시철도역사정보 items10 역위도/11 역경도 explicitly specifies WGS84; longitude=x latitude=y geographic degrees. https://www.data.go.kr/bbs/rcr/selectRecsroom.do?originId=PDS_0000000001227&atchFileId=FILE_000000003049184 standard SHA256=d3d464f6a9dd9f6dfd3ff61fec966c95ccce8aec085c234ba3af9e665d3c67cd,False,SNAPSHOT_STABILITY_ASSUMPTION,"Official same-source snapshots labelled2023-10-31,2024-10-31,2025-08-14 corroborate identical coordinates for existing276source rows; practical pre-existing-station spatial stability assumption approved by human; not continuous-observation proof, not verified unchanged throughout2024. Historical2023/2024 file SHA256=9da58a78b07852906b9b9c75c539770d8a50a16c0cb5b8c21b23383327f85ce6; residual temporal uncertainty retained; see Batch2R-C temporal audit.",,adopted exact_matched; coordinate source=subway/data/raw/2024/station/서울교통공사_1_8호선 역사 좌표(위경도) 정보_20260917.csv row=232.0; ,,11050570,광진구,중곡3동,20240630,963287.6725393913,1951916.1300238294,MAPPED,11050570,UNIQUE_STRICT_WITHIN,longitude=x latitude=y; EPSG:4326 analytical assumption -> EPSG:5179; strict contains; non-within touches checked; no repair/fallback,131.0,subway/data/raw/2024/boundary/bnd_dong_11_2024_2Q.shp,boundary,2024 Q2,2024-06-30,population_direct_65_plus,subway/data/raw/2024/population_direct_65_plus/201_DT_201004_O020003_2024Q2_20261006.csv,76.0,e48f83ca75f7f92a5a83e39834440c0f3149ace1113c3533102797e4d0338d76,DT_201004_O020003,https://stat.eseoul.go.kr/statHtml/statHtml.do?orgId=201&tblId=DT_201004_O020003&conn_path=I2,001005007,001005,002 계 (14210.MT0047 명),006 65세이상고령자 (14999671.ga028 명),명,official source code parents + exact complete Q2 boundary parent/name-set bijection; SGIS codes not equated to statistics codes,seoul_2024,IN_CURRENT_STUDY_AREA,STRICTLY_INSIDE_CONFIGURED_BOUNDARY_UNION,current configured validated boundary union; no replacement coordinates or correction,0,0.0,15814,3183,0.2012773491842671,0.40758866664621224,-0.4903575546703421,835.0983818701096
"station:[""7"",""중화""]",7,중화,2721,subway/data/raw/2024/station/서울교통공사_1_8호선 역사 좌표(위경도) 정보_20260917.csv,227,중화,2721,37.602604,127.079254,exact_matched,False,ELIGIBLE,,EPSG:4326,ANALYTICAL_ASSUMPTION,analysis assumption supported by official national station-data standard; not source-specific CRS explicitly verified. Batch2R-C official 2024 공공데이터 제공 표준 section42 도시철도역사정보 items10 역위도/11 역경도 explicitly specifies WGS84; longitude=x latitude=y geographic degrees. https://www.data.go.kr/bbs/rcr/selectRecsroom.do?originId=PDS_0000000001227&atchFileId=FILE_000000003049184 standard SHA256=d3d464f6a9dd9f6dfd3ff61fec966c95ccce8aec085c234ba3af9e665d3c67cd,False,SNAPSHOT_STABILITY_ASSUMPTION,"Official same-source snapshots labelled2023-10-31,2024-10-31,2025-08-14 corroborate identical coordinates for existing276source rows; practical pre-existing-station spatial stability assumption approved by human; not continuous-observation proof, not verified unchanged throughout2024. Historical2023/2024 file SHA256=9da58a78b07852906b9b9c75c539770d8a50a16c0cb5b8c21b23383327f85ce6; residual temporal uncertainty retained; see Batch2R-C temporal audit.",,adopted exact_matched; coordinate source=subway/data/raw/2024/station/서울교통공사_1_8호선 역사 좌표(위경도) 정보_20260917.csv row=227.0; ,,11070620,중랑구,중화2동,20240630,962861.0906667334,1955992.7867861427,MAPPED,11070620,UNIQUE_STRICT_WITHIN,longitude=x latitude=y; EPSG:4326 analytical assumption -> EPSG:5179; strict contains; non-within touches checked; no repair/fallback,408.0,subway/data/raw/2024/boundary/bnd_dong_11_2024_2Q.shp,boundary,2024 Q2,2024-06-30,population_direct_65_plus,subway/data/raw/2024/population_direct_65_plus/201_DT_201004_O020003_2024Q2_20261006.csv,112.0,e48f83ca75f7f92a5a83e39834440c0f3149ace1113c3533102797e4d0338d76,DT_201004_O020003,https://stat.eseoul.go.kr/statHtml/statHtml.do?orgId=201&tblId=DT_201004_O020003&conn_path=I2,001007012,001007,002 계 (14210.MT0047 명),006 65세이상고령자 (14999671.ga028 명),명,official source code parents + exact complete Q2 boundary parent/name-set bijection; SGIS codes not equated to statistics codes,seoul_2024,IN_CURRENT_STUDY_AREA,STRICTLY_INSIDE_CONFIGURED_BOUNDARY_UNION,current configured validated boundary union; no replacement coordinates or correction,1,0.41431885979449784,24136,5513,0.22841398740470667,1.0486283587291894,-0.25189671306390127,133.3669413952774
"station:[""7"",""천왕""]",7,천왕,2751,subway/data/raw/2024/station/서울교통공사_1_8호선 역사 좌표(위경도) 정보_20260917.csv,257,천왕,2751,37.486699,126.838684,exact_matched,False,ELIGIBLE,,EPSG:4326,ANALYTICAL_ASSUMPTION,analysis assumption supported by official national station-data standard; not source-specific CRS explicitly verified. Batch2R-C official 2024 공공데이터 제공 표준 section42 도시철도역사정보 items10 역위도/11 역경도 explicitly specifies WGS84; longitude=x latitude=y geographic degrees. https://www.data.go.kr/bbs/rcr/selectRecsroom.do?originId=PDS_0000000001227&atchFileId=FILE_000000003049184 standard SHA256=d3d464f6a9dd9f6dfd3ff61fec966c95ccce8aec085c234ba3af9e665d3c67cd,False,SNAPSHOT_STABILITY_ASSUMPTION,"Official same-source snapshots labelled2023-10-31,2024-10-31,2025-08-14 corroborate identical coordinates for existing276source rows; practical pre-existing-station spatial stability assumption approved by human; not continuous-observation proof, not verified unchanged throughout2024. Historical2023/2024 file SHA256=9da58a78b07852906b9b9c75c539770d8a50a16c0cb5b8c21b23383327f85ce6; residual temporal uncertainty retained; see Batch2R-C temporal audit.",,adopted exact_matched; coordinate source=subway/data/raw/2024/station/서울교통공사_1_8호선 역사 좌표(위경도) 정보_20260917.csv row=257.0; ,,11170730,구로구,오류2동,20240630,941535.5229081392,1943256.0161791462,MAPPED,11170730,UNIQUE_STRICT_WITHIN,longitude=x latitude=y; EPSG:4326 analytical assumption -> EPSG:5179; strict contains; non-within touches checked; no repair/fallback,417.0,subway/data/raw/2024/boundary/bnd_dong_11_2024_2Q.shp,boundary,2024 Q2,2024-06-30,population_direct_65_plus,subway/data/raw/2024/population_direct_65_plus/201_DT_201004_O020003_2024Q2_20261006.csv,292.0,e48f83ca75f7f92a5a83e39834440c0f3149ace1113c3533102797e4d0338d76,DT_201004_O020003,https://stat.eseoul.go.kr/statHtml/statHtml.do?orgId=201&tblId=DT_201004_O020003&conn_path=I2,001017018,001017,002 계 (14210.MT0047 명),006 65세이상고령자 (14999671.ga028 명),명,official source code parents + exact complete Q2 boundary parent/name-set bijection; SGIS codes not equated to statistics codes,seoul_2024,IN_CURRENT_STUDY_AREA,STRICTLY_INSIDE_CONFIGURED_BOUNDARY_UNION,current configured validated boundary union; no replacement coordinates or correction,0,0.0,37076,7918,0.213561333477182,0.6977691025835988,-0.4903575546703421,1044.6008118022357
"station:[""7"",""청담""]",7,청담,2731,subway/data/raw/2024/station/서울교통공사_1_8호선 역사 좌표(위경도) 정보_20260917.csv,237,청담,2731,37.519097,127.051851,exact_matched,False,ELIGIBLE,,EPSG:4326,ANALYTICAL_ASSUMPTION,analysis assumption supported by official national station-data standard; not source-specific CRS explicitly verified. Batch2R-C official 2024 공공데이터 제공 표준 section42 도시철도역사정보 items10 역위도/11 역경도 explicitly specifies WGS84; longitude=x latitude=y geographic degrees. https://www.data.go.kr/bbs/rcr/selectRecsroom.do?originId=PDS_0000000001227&atchFileId=FILE_000000003049184 standard SHA256=d3d464f6a9dd9f6dfd3ff61fec966c95ccce8aec085c234ba3af9e665d3c67cd,False,SNAPSHOT_STABILITY_ASSUMPTION,"Official same-source snapshots labelled2023-10-31,2024-10-31,2025-08-14 corroborate identical coordinates for existing276source rows; practical pre-existing-station spatial stability assumption approved by human; not continuous-observation proof, not verified unchanged throughout2024. Historical2023/2024 file SHA256=9da58a78b07852906b9b9c75c539770d8a50a16c0cb5b8c21b23383327f85ce6; residual temporal uncertainty retained; see Batch2R-C temporal audit.",,adopted exact_matched; coordinate source=subway/data/raw/2024/station/서울교통공사_1_8호선 역사 좌표(위경도) 정보_20260917.csv row=237.0; ,,11230580,강남구,삼성1동,20240630,960398.0617521269,1946739.3219420258,MAPPED,11230580,UNIQUE_STRICT_WITHIN,longitude=x latitude=y; EPSG:4326 analytical assumption -> EPSG:5179; strict contains; non-within touches checked; no repair/fallback,342.0,subway/data/raw/2024/boundary/bnd_dong_11_2024_2Q.shp,boundary,2024 Q2,2024-06-30,population_direct_65_plus,subway/data/raw/2024/population_direct_65_plus/201_DT_201004_O020003_2024Q2_20261006.csv,388.0,e48f83ca75f7f92a5a83e39834440c0f3149ace1113c3533102797e4d0338d76,DT_201004_O020003,https://stat.eseoul.go.kr/statHtml/statHtml.do?orgId=201&tblId=DT_201004_O020003&conn_path=I2,001023008,001023,002 계 (14210.MT0047 명),006 65세이상고령자 (14999671.ga028 명),명,official source code parents + exact complete Q2 boundary parent/name-set bijection; SGIS codes not equated to statistics codes,seoul_2024,IN_CURRENT_STUDY_AREA,STRICTLY_INSIDE_CONFIGURED_BOUNDARY_UNION,current configured validated boundary union; no replacement coordinates or correction,2,1.6245633985866297,12311,2308,0.1874746161968971,0.08153134030198055,0.4446584266492997,385.21427283365574
"station:[""7"",""태릉입구""]",7,태릉입구,2719,subway/data/raw/2024/station/서울교통공사_1_8호선 역사 좌표(위경도) 정보_20260917.csv,225,태릉입구,2719,37.617319,127.074741,exact_matched,False,ELIGIBLE,,EPSG:4326,ANALYTICAL_ASSUMPTION,analysis assumption supported by official national station-data standard; not source-specific CRS explicitly verified. Batch2R-C official 2024 공공데이터 제공 표준 section42 도시철도역사정보 items10 역위도/11 역경도 explicitly specifies WGS84; longitude=x latitude=y geographic degrees. https://www.data.go.kr/bbs/rcr/selectRecsroom.do?originId=PDS_0000000001227&atchFileId=FILE_000000003049184 standard SHA256=d3d464f6a9dd9f6dfd3ff61fec966c95ccce8aec085c234ba3af9e665d3c67cd,False,SNAPSHOT_STABILITY_ASSUMPTION,"Official same-source snapshots labelled2023-10-31,2024-10-31,2025-08-14 corroborate identical coordinates for existing276source rows; practical pre-existing-station spatial stability assumption approved by human; not continuous-observation proof, not verified unchanged throughout2024. Historical2023/2024 file SHA256=9da58a78b07852906b9b9c75c539770d8a50a16c0cb5b8c21b23383327f85ce6; residual temporal uncertainty retained; see Batch2R-C temporal audit.",,adopted exact_matched; coordinate source=subway/data/raw/2024/station/서울교통공사_1_8호선 역사 좌표(위경도) 정보_20260917.csv row=225.0; ,,11110790,노원구,공릉1동,20240630,962470.1249597552,1957627.1444169532,MAPPED,11110790,UNIQUE_STRICT_WITHIN,longitude=x latitude=y; EPSG:4326 analytical assumption -> EPSG:5179; strict contains; non-within touches checked; no repair/fallback,73.0,subway/data/raw/2024/boundary/bnd_dong_11_2024_2Q.shp,boundary,2024 Q2,2024-06-30,population_direct_65_plus,subway/data/raw/2024/population_direct_65_plus/201_DT_201004_O020003_2024Q2_20261006.csv,173.0,e48f83ca75f7f92a5a83e39834440c0f3149ace1113c3533102797e4d0338d76,DT_201004_O020003,https://stat.eseoul.go.kr/statHtml/statHtml.do?orgId=201&tblId=DT_201004_O020003&conn_path=I2,001011005,001011,002 계 (14210.MT0047 명),006 65세이상고령자 (14999671.ga028 명),명,official source code parents + exact complete Q2 boundary parent/name-set bijection; SGIS codes not equated to statistics codes,seoul_2024,IN_CURRENT_STUDY_AREA,STRICTLY_INSIDE_CONFIGURED_BOUNDARY_UNION,current configured validated boundary union; no replacement coordinates or correction,2,0.5465974309920744,36590,7330,0.20032795845859525,0.38516152834310746,-0.17576390214161533,407.18622603946295
"station:[""7"",""하계""]",7,하계,2717,subway/data/raw/2024/station/서울교통공사_1_8호선 역사 좌표(위경도) 정보_20260917.csv,223,하계,2717,37.636363,127.067999,exact_matched,False,ELIGIBLE,,EPSG:4326,ANALYTICAL_ASSUMPTION,analysis assumption supported by official national station-data standard; not source-specific CRS explicitly verified. Batch2R-C official 2024 공공데이터 제공 표준 section42 도시철도역사정보 items10 역위도/11 역경도 explicitly specifies WGS84; longitude=x latitude=y geographic degrees. https://www.data.go.kr/bbs/rcr/selectRecsroom.do?originId=PDS_0000000001227&atchFileId=FILE_000000003049184 standard SHA256=d3d464f6a9dd9f6dfd3ff61fec966c95ccce8aec085c234ba3af9e665d3c67cd,False,SNAPSHOT_STABILITY_ASSUMPTION,"Official same-source snapshots labelled2023-10-31,2024-10-31,2025-08-14 corroborate identical coordinates for existing276source rows; practical pre-existing-station spatial stability assumption approved by human; not continuous-observation proof, not verified unchanged throughout2024. Historical2023/2024 file SHA256=9da58a78b07852906b9b9c75c539770d8a50a16c0cb5b8c21b23383327f85ce6; residual temporal uncertainty retained; see Batch2R-C temporal audit.",,adopted exact_matched; coordinate source=subway/data/raw/2024/station/서울교통공사_1_8호선 역사 좌표(위경도) 정보_20260917.csv row=223.0; ,,11110590,노원구,하계2동,20240630,961884.8544566233,1959742.7140208716,MAPPED,11110590,UNIQUE_STRICT_WITHIN,longitude=x latitude=y; EPSG:4326 analytical assumption -> EPSG:5179; strict contains; non-within touches checked; no repair/fallback,203.0,subway/data/raw/2024/boundary/bnd_dong_11_2024_2Q.shp,boundary,2024 Q2,2024-06-30,population_direct_65_plus,subway/data/raw/2024/population_direct_65_plus/201_DT_201004_O020003_2024Q2_20261006.csv,176.0,e48f83ca75f7f92a5a83e39834440c0f3149ace1113c3533102797e4d0338d76,DT_201004_O020003,https://stat.eseoul.go.kr/statHtml/statHtml.do?orgId=201&tblId=DT_201004_O020003&conn_path=I2,001011009,001011,002 계 (14210.MT0047 명),006 65세이상고령자 (14999671.ga028 명),명,official source code parents + exact complete Q2 boundary parent/name-set bijection; SGIS codes not equated to statistics codes,seoul_2024,IN_CURRENT_STUDY_AREA,STRICTLY_INSIDE_CONFIGURED_BOUNDARY_UNION,current configured validated boundary union; no replacement coordinates or correction,1,0.4729921483303377,21142,3678,0.1739665121558982,-0.23756606537977898,-0.21812735539813247,257.63816048157776
"station:[""7"",""학동""]",7,학동,2733,subway/data/raw/2024/station/서울교통공사_1_8호선 역사 좌표(위경도) 정보_20260917.csv,239,학동,2733,37.514262,127.031738,exact_matched,False,ELIGIBLE,,EPSG:4326,ANALYTICAL_ASSUMPTION,analysis assumption supported by official national station-data standard; not source-specific CRS explicitly verified. Batch2R-C official 2024 공공데이터 제공 표준 section42 도시철도역사정보 items10 역위도/11 역경도 explicitly specifies WGS84; longitude=x latitude=y geographic degrees. https://www.data.go.kr/bbs/rcr/selectRecsroom.do?originId=PDS_0000000001227&atchFileId=FILE_000000003049184 standard SHA256=d3d464f6a9dd9f6dfd3ff61fec966c95ccce8aec085c234ba3af9e665d3c67cd,False,SNAPSHOT_STABILITY_ASSUMPTION,"Official same-source snapshots labelled2023-10-31,2024-10-31,2025-08-14 corroborate identical coordinates for existing276source rows; practical pre-existing-station spatial stability assumption approved by human; not continuous-observation proof, not verified unchanged throughout2024. Historical2023/2024 file SHA256=9da58a78b07852906b9b9c75c539770d8a50a16c0cb5b8c21b23383327f85ce6; residual temporal uncertainty retained; see Batch2R-C temporal audit.",,adopted exact_matched; coordinate source=subway/data/raw/2024/station/서울교통공사_1_8호선 역사 좌표(위경도) 정보_20260917.csv row=239.0; ,,11230530,강남구,논현2동,20240630,958618.040367445,1946211.5648490286,MAPPED,11230530,UNIQUE_STRICT_WITHIN,longitude=x latitude=y; EPSG:4326 analytical assumption -> EPSG:5179; strict contains; non-within touches checked; no repair/fallback,341.0,subway/data/raw/2024/boundary/bnd_dong_11_2024_2Q.shp,boundary,2024 Q2,2024-06-30,population_direct_65_plus,subway/data/raw/2024/population_direct_65_plus/201_DT_201004_O020003_2024Q2_20261006.csv,385.0,e48f83ca75f7f92a5a83e39834440c0f3149ace1113c3533102797e4d0338d76,DT_201004_O020003,https://stat.eseoul.go.kr/statHtml/statHtml.do?orgId=201&tblId=DT_201004_O020003&conn_path=I2,001023003,001023,002 계 (14210.MT0047 명),006 65세이상고령자 (14999671.ga028 명),명,official source code parents + exact complete Q2 boundary parent/name-set bijection; SGIS codes not equated to statistics codes,seoul_2024,IN_CURRENT_STUDY_AREA,STRICTLY_INSIDE_CONFIGURED_BOUNDARY_UNION,current configured validated boundary union; no replacement coordinates or correction,1,0.4841677156967173,20654,3267,0.15817759271811754,-0.6105424072722085,-0.21169526780033845,397.460013481776
"station:[""8"",""가락시장""]",8,가락시장,2818,subway/data/raw/2024/station/서울교통공사_1_8호선 역사 좌표(위경도) 정보_20260917.csv,266,가락시장,2818,37.493004,127.118279,exact_matched,False,ELIGIBLE,,EPSG:4326,ANALYTICAL_ASSUMPTION,analysis assumption supported by official national station-data standard; not source-specific CRS explicitly verified. Batch2R-C official 2024 공공데이터 제공 표준 section42 도시철도역사정보 items10 역위도/11 역경도 explicitly specifies WGS84; longitude=x latitude=y geographic degrees. https://www.data.go.kr/bbs/rcr/selectRecsroom.do?originId=PDS_0000000001227&atchFileId=FILE_000000003049184 standard SHA256=d3d464f6a9dd9f6dfd3ff61fec966c95ccce8aec085c234ba3af9e665d3c67cd,False,SNAPSHOT_STABILITY_ASSUMPTION,"Official same-source snapshots labelled2023-10-31,2024-10-31,2025-08-14 corroborate identical coordinates for existing276source rows; practical pre-existing-station spatial stability assumption approved by human; not continuous-observation proof, not verified unchanged throughout2024. Historical2023/2024 file SHA256=9da58a78b07852906b9b9c75c539770d8a50a16c0cb5b8c21b23383327f85ce6; residual temporal uncertainty retained; see Batch2R-C temporal audit.",,adopted exact_matched; coordinate source=subway/data/raw/2024/station/서울교통공사_1_8호선 역사 좌표(위경도) 정보_20260917.csv row=266.0; ,,11240660,송파구,가락1동,20240630,966256.4396109718,1943818.584884646,MAPPED,11240660,UNIQUE_STRICT_WITHIN,longitude=x latitude=y; EPSG:4326 analytical assumption -> EPSG:5179; strict contains; non-within touches checked; no repair/fallback,367.0,subway/data/raw/2024/boundary/bnd_dong_11_2024_2Q.shp,boundary,2024 Q2,2024-06-30,population_direct_65_plus,subway/data/raw/2024/population_direct_65_plus/201_DT_201004_O020003_2024Q2_20261006.csv,421.0,e48f83ca75f7f92a5a83e39834440c0f3149ace1113c3533102797e4d0338d76,DT_201004_O020003,https://stat.eseoul.go.kr/statHtml/statHtml.do?orgId=201&tblId=DT_201004_O020003&conn_path=I2,001024016,001024,002 계 (14210.MT0047 명),006 65세이상고령자 (14999671.ga028 명),명,official source code parents + exact complete Q2 boundary parent/name-set bijection; SGIS codes not equated to statistics codes,seoul_2024,IN_CURRENT_STUDY_AREA,STRICTLY_INSIDE_CONFIGURED_BOUNDARY_UNION,current configured validated boundary union; no replacement coordinates or correction,1,0.36210892236384706,27616,4071,0.14741454229432213,-0.8647943331554436,-0.2819460949001706,79.73431075850915
"station:[""8"",""강동구청""]",8,강동구청,2813,subway/data/raw/2024/station/서울교통공사_1_8호선 역사 좌표(위경도) 정보_20260917.csv,261,강동구청,2813,37.530348,127.120461,exact_matched,False,ELIGIBLE,,EPSG:4326,ANALYTICAL_ASSUMPTION,analysis assumption supported by official national station-data standard; not source-specific CRS explicitly verified. Batch2R-C official 2024 공공데이터 제공 표준 section42 도시철도역사정보 items10 역위도/11 역경도 explicitly specifies WGS84; longitude=x latitude=y geographic degrees. https://www.data.go.kr/bbs/rcr/selectRecsroom.do?originId=PDS_0000000001227&atchFileId=FILE_000000003049184 standard SHA256=d3d464f6a9dd9f6dfd3ff61fec966c95ccce8aec085c234ba3af9e665d3c67cd,False,SNAPSHOT_STABILITY_ASSUMPTION,"Official same-source snapshots labelled2023-10-31,2024-10-31,2025-08-14 corroborate identical coordinates for existing276source rows; practical pre-existing-station spatial stability assumption approved by human; not continuous-observation proof, not verified unchanged throughout2024. Historical2023/2024 file SHA256=9da58a78b07852906b9b9c75c539770d8a50a16c0cb5b8c21b23383327f85ce6; residual temporal uncertainty retained; see Batch2R-C temporal audit.",,adopted exact_matched; coordinate source=subway/data/raw/2024/station/서울교통공사_1_8호선 역사 좌표(위경도) 정보_20260917.csv row=261.0; ,,11240520,송파구,풍납2동,20240630,966466.0377385821,1947960.8788988332,MAPPED,11240520,UNIQUE_STRICT_WITHIN,longitude=x latitude=y; EPSG:4326 analytical assumption -> EPSG:5179; strict contains; non-within touches checked; no repair/fallback,358.0,subway/data/raw/2024/boundary/bnd_dong_11_2024_2Q.shp,boundary,2024 Q2,2024-06-30,population_direct_65_plus,subway/data/raw/2024/population_direct_65_plus/201_DT_201004_O020003_2024Q2_20261006.csv,407.0,e48f83ca75f7f92a5a83e39834440c0f3149ace1113c3533102797e4d0338d76,DT_201004_O020003,https://stat.eseoul.go.kr/statHtml/statHtml.do?orgId=201&tblId=DT_201004_O020003&conn_path=I2,001024002,001024,002 계 (14210.MT0047 명),006 65세이상고령자 (14999671.ga028 명),명,official source code parents + exact complete Q2 boundary parent/name-set bijection; SGIS codes not equated to statistics codes,seoul_2024,IN_CURRENT_STUDY_AREA,STRICTLY_INSIDE_CONFIGURED_BOUNDARY_UNION,current configured validated boundary union; no replacement coordinates or correction,0,0.0,23584,4320,0.18317503392130258,-0.020036247976383866,-0.4903575546703421,251.11677899629086
"station:[""8"",""몽촌토성(평화의문)""]",8,몽촌토성(평화의문),2814,subway/data/raw/2024/station/서울교통공사_1_8호선 역사 좌표(위경도) 정보_20260917.csv,262,몽촌토성,2814,37.517692,127.11274,alias_matched,False,ELIGIBLE,,EPSG:4326,ANALYTICAL_ASSUMPTION,analysis assumption supported by official national station-data standard; not source-specific CRS explicitly verified. Batch2R-C official 2024 공공데이터 제공 표준 section42 도시철도역사정보 items10 역위도/11 역경도 explicitly specifies WGS84; longitude=x latitude=y geographic degrees. https://www.data.go.kr/bbs/rcr/selectRecsroom.do?originId=PDS_0000000001227&atchFileId=FILE_000000003049184 standard SHA256=d3d464f6a9dd9f6dfd3ff61fec966c95ccce8aec085c234ba3af9e665d3c67cd,False,SNAPSHOT_STABILITY_ASSUMPTION,"Official same-source snapshots labelled2023-10-31,2024-10-31,2025-08-14 corroborate identical coordinates for existing276source rows; practical pre-existing-station spatial stability assumption approved by human; not continuous-observation proof, not verified unchanged throughout2024. Historical2023/2024 file SHA256=9da58a78b07852906b9b9c75c539770d8a50a16c0cb5b8c21b23383327f85ce6; residual temporal uncertainty retained; see Batch2R-C temporal audit.",,adopted alias_matched; coordinate source=subway/data/raw/2024/station/서울교통공사_1_8호선 역사 좌표(위경도) 정보_20260917.csv row=262.0; P-S2-2RA scoped source alias; provider family=서울교통공사; station_file=subway/data/raw/2024/station/서울교통공사_1_8호선 역사 좌표(위경도) 정보_20260917.csv; total_file=subway/data/raw/2024/total_ridership/서울교통공사_역별 일별 시간대별 승하차인원 정보_20260831.csv; station_row=262; normalized_line=8; external_code=2814; station_raw=몽촌토성; canonical_2024_total=몽촌토성(평화의문); relation=B adjunct/display source difference; source code+line unique on both sides; explicit reviewed display variant; not an official rename claim; candidate identities station=1 total=1; no code-line contradiction or competing candidate; raw names preserved,,11240750,송파구,잠실4동,20240630,965778.0697321417,1946559.555641593,MAPPED,11240750,UNIQUE_STRICT_WITHIN,longitude=x latitude=y; EPSG:4326 analytical assumption -> EPSG:5179; strict contains; non-within touches checked; no repair/fallback,1.0,subway/data/raw/2024/boundary/bnd_dong_11_2024_2Q.shp,boundary,2024 Q2,2024-06-30,population_direct_65_plus,subway/data/raw/2024/population_direct_65_plus/201_DT_201004_O020003_2024Q2_20261006.csv,430.0,e48f83ca75f7f92a5a83e39834440c0f3149ace1113c3533102797e4d0338d76,DT_201004_O020003,https://stat.eseoul.go.kr/statHtml/statHtml.do?orgId=201&tblId=DT_201004_O020003&conn_path=I2,001024025,001024,002 계 (14210.MT0047 명),006 65세이상고령자 (14999671.ga028 명),명,official source code parents + exact complete Q2 boundary parent/name-set bijection; SGIS codes not equated to statistics codes,seoul_2024,IN_CURRENT_STUDY_AREA,STRICTLY_INSIDE_CONFIGURED_BOUNDARY_UNION,current configured validated boundary union; no replacement coordinates or correction,1,0.4728132387706856,21150,3218,0.1521513002364066,-0.7528994909130341,-0.21823032663189973,649.032860383033
"station:[""8"",""문정""]",8,문정,2819,subway/data/raw/2024/station/서울교통공사_1_8호선 역사 좌표(위경도) 정보_20260917.csv,267,문정,2819,37.485931,127.122473,exact_matched,False,ELIGIBLE,,EPSG:4326,ANALYTICAL_ASSUMPTION,analysis assumption supported by official national station-data standard; not source-specific CRS explicitly verified. Batch2R-C official 2024 공공데이터 제공 표준 section42 도시철도역사정보 items10 역위도/11 역경도 explicitly specifies WGS84; longitude=x latitude=y geographic degrees. https://www.data.go.kr/bbs/rcr/selectRecsroom.do?originId=PDS_0000000001227&atchFileId=FILE_000000003049184 standard SHA256=d3d464f6a9dd9f6dfd3ff61fec966c95ccce8aec085c234ba3af9e665d3c67cd,False,SNAPSHOT_STABILITY_ASSUMPTION,"Official same-source snapshots labelled2023-10-31,2024-10-31,2025-08-14 corroborate identical coordinates for existing276source rows; practical pre-existing-station spatial stability assumption approved by human; not continuous-observation proof, not verified unchanged throughout2024. Historical2023/2024 file SHA256=9da58a78b07852906b9b9c75c539770d8a50a16c0cb5b8c21b23383327f85ce6; residual temporal uncertainty retained; see Batch2R-C temporal audit.",,adopted exact_matched; coordinate source=subway/data/raw/2024/station/서울교통공사_1_8호선 역사 좌표(위경도) 정보_20260917.csv row=267.0; ,,11240690,송파구,문정2동,20240630,966624.037425488,1943032.3893512674,MAPPED,11240690,UNIQUE_STRICT_WITHIN,longitude=x latitude=y; EPSG:4326 analytical assumption -> EPSG:5179; strict contains; non-within touches checked; no repair/fallback,371.0,subway/data/raw/2024/boundary/bnd_dong_11_2024_2Q.shp,boundary,2024 Q2,2024-06-30,population_direct_65_plus,subway/data/raw/2024/population_direct_65_plus/201_DT_201004_O020003_2024Q2_20261006.csv,424.0,e48f83ca75f7f92a5a83e39834440c0f3149ace1113c3533102797e4d0338d76,DT_201004_O020003,https://stat.eseoul.go.kr/statHtml/statHtml.do?orgId=201&tblId=DT_201004_O020003&conn_path=I2,001024019,001024,002 계 (14210.MT0047 명),006 65세이상고령자 (14999671.ga028 명),명,official source code parents + exact complete Q2 boundary parent/name-set bijection; SGIS codes not equated to statistics codes,seoul_2024,IN_CURRENT_STUDY_AREA,STRICTLY_INSIDE_CONFIGURED_BOUNDARY_UNION,current configured validated boundary union; no replacement coordinates or correction,2,0.6897265234334586,28997,4477,0.15439528227057972,-0.6998906568584684,-0.09338608362071242,199.64373082026526
"station:[""8"",""복정""]",8,복정,2821,subway/data/raw/2024/station/서울교통공사_1_8호선 역사 좌표(위경도) 정보_20260917.csv,269,복정,2821,37.471016,127.126746,exact_matched,False,ELIGIBLE,,EPSG:4326,ANALYTICAL_ASSUMPTION,analysis assumption supported by official national station-data standard; not source-specific CRS explicitly verified. Batch2R-C official 2024 공공데이터 제공 표준 section42 도시철도역사정보 items10 역위도/11 역경도 explicitly specifies WGS84; longitude=x latitude=y geographic degrees. https://www.data.go.kr/bbs/rcr/selectRecsroom.do?originId=PDS_0000000001227&atchFileId=FILE_000000003049184 standard SHA256=d3d464f6a9dd9f6dfd3ff61fec966c95ccce8aec085c234ba3af9e665d3c67cd,False,SNAPSHOT_STABILITY_ASSUMPTION,"Official same-source snapshots labelled2023-10-31,2024-10-31,2025-08-14 corroborate identical coordinates for existing276source rows; practical pre-existing-station spatial stability assumption approved by human; not continuous-observation proof, not verified unchanged throughout2024. Historical2023/2024 file SHA256=9da58a78b07852906b9b9c75c539770d8a50a16c0cb5b8c21b23383327f85ce6; residual temporal uncertainty retained; see Batch2R-C temporal audit.",,adopted exact_matched; coordinate source=subway/data/raw/2024/station/서울교통공사_1_8호선 역사 좌표(위경도) 정보_20260917.csv row=269.0; ,,11240820,송파구,위례동,20240630,966995.2420753841,1941376.1704405507,MAPPED,11240820,UNIQUE_STRICT_WITHIN,longitude=x latitude=y; EPSG:4326 analytical assumption -> EPSG:5179; strict contains; non-within touches checked; no repair/fallback,293.0,subway/data/raw/2024/boundary/bnd_dong_11_2024_2Q.shp,boundary,2024 Q2,2024-06-30,population_direct_65_plus,subway/data/raw/2024/population_direct_65_plus/201_DT_201004_O020003_2024Q2_20261006.csv,426.0,e48f83ca75f7f92a5a83e39834440c0f3149ace1113c3533102797e4d0338d76,DT_201004_O020003,https://stat.eseoul.go.kr/statHtml/statHtml.do?orgId=201&tblId=DT_201004_O020003&conn_path=I2,001024029,001024,002 계 (14210.MT0047 명),006 65세이상고령자 (14999671.ga028 명),명,official source code parents + exact complete Q2 boundary parent/name-set bijection; SGIS codes not equated to statistics codes,seoul_2024,IN_CURRENT_STUDY_AREA,STRICTLY_INSIDE_CONFIGURED_BOUNDARY_UNION,current configured validated boundary union; no replacement coordinates or correction,0,0.0,45178,3984,0.08818451458674575,-2.263965387996441,-0.4903575546703421,1505.693695352672
"station:[""8"",""석촌""]",8,석촌,2816,subway/data/raw/2024/station/서울교통공사_1_8호선 역사 좌표(위경도) 정보_20260917.csv,264,석촌,2816,37.505396,127.106995,exact_matched,False,ELIGIBLE,,EPSG:4326,ANALYTICAL_ASSUMPTION,analysis assumption supported by official national station-data standard; not source-specific CRS explicitly verified. Batch2R-C official 2024 공공데이터 제공 표준 section42 도시철도역사정보 items10 역위도/11 역경도 explicitly specifies WGS84; longitude=x latitude=y geographic degrees. https://www.data.go.kr/bbs/rcr/selectRecsroom.do?originId=PDS_0000000001227&atchFileId=FILE_000000003049184 standard SHA256=d3d464f6a9dd9f6dfd3ff61fec966c95ccce8aec085c234ba3af9e665d3c67cd,False,SNAPSHOT_STABILITY_ASSUMPTION,"Official same-source snapshots labelled2023-10-31,2024-10-31,2025-08-14 corroborate identical coordinates for existing276source rows; practical pre-existing-station spatial stability assumption approved by human; not continuous-observation proof, not verified unchanged throughout2024. Historical2023/2024 file SHA256=9da58a78b07852906b9b9c75c539770d8a50a16c0cb5b8c21b23383327f85ce6; residual temporal uncertainty retained; see Batch2R-C temporal audit.",,adopted exact_matched; coordinate source=subway/data/raw/2024/station/서울교통공사_1_8호선 역사 좌표(위경도) 정보_20260917.csv row=264.0; ,,11240630,송파구,석촌동,20240630,965264.6876924058,1945197.4991542632,MAPPED,11240630,UNIQUE_STRICT_WITHIN,longitude=x latitude=y; EPSG:4326 analytical assumption -> EPSG:5179; strict contains; non-within touches checked; no repair/fallback,364.0,subway/data/raw/2024/boundary/bnd_dong_11_2024_2Q.shp,boundary,2024 Q2,2024-06-30,population_direct_65_plus,subway/data/raw/2024/population_direct_65_plus/201_DT_201004_O020003_2024Q2_20261006.csv,418.0,e48f83ca75f7f92a5a83e39834440c0f3149ace1113c3533102797e4d0338d76,DT_201004_O020003,https://stat.eseoul.go.kr/statHtml/statHtml.do?orgId=201&tblId=DT_201004_O020003&conn_path=I2,001024013,001024,002 계 (14210.MT0047 명),006 65세이상고령자 (14999671.ga028 명),명,official source code parents + exact complete Q2 boundary parent/name-set bijection; SGIS codes not equated to statistics codes,seoul_2024,IN_CURRENT_STUDY_AREA,STRICTLY_INSIDE_CONFIGURED_BOUNDARY_UNION,current configured validated boundary union; no replacement coordinates or correction,0,0.0,31237,5087,0.1628517463264718,-0.5001264461827063,-0.4903575546703421,951.2177097804735
"station:[""8"",""송파""]",8,송파,2817,subway/data/raw/2024/station/서울교통공사_1_8호선 역사 좌표(위경도) 정보_20260917.csv,265,송파,2817,37.49978,127.11212,exact_matched,False,ELIGIBLE,,EPSG:4326,ANALYTICAL_ASSUMPTION,analysis assumption supported by official national station-data standard; not source-specific CRS explicitly verified. Batch2R-C official 2024 공공데이터 제공 표준 section42 도시철도역사정보 items10 역위도/11 역경도 explicitly specifies WGS84; longitude=x latitude=y geographic degrees. https://www.data.go.kr/bbs/rcr/selectRecsroom.do?originId=PDS_0000000001227&atchFileId=FILE_000000003049184 standard SHA256=d3d464f6a9dd9f6dfd3ff61fec966c95ccce8aec085c234ba3af9e665d3c67cd,False,SNAPSHOT_STABILITY_ASSUMPTION,"Official same-source snapshots labelled2023-10-31,2024-10-31,2025-08-14 corroborate identical coordinates for existing276source rows; practical pre-existing-station spatial stability assumption approved by human; not continuous-observation proof, not verified unchanged throughout2024. Historical2023/2024 file SHA256=9da58a78b07852906b9b9c75c539770d8a50a16c0cb5b8c21b23383327f85ce6; residual temporal uncertainty retained; see Batch2R-C temporal audit.",,adopted exact_matched; coordinate source=subway/data/raw/2024/station/서울교통공사_1_8호선 역사 좌표(위경도) 정보_20260917.csv row=265.0; ,,11240660,송파구,가락1동,20240630,965715.0890436817,1944572.5619097077,MAPPED,11240660,UNIQUE_STRICT_WITHIN,longitude=x latitude=y; EPSG:4326 analytical assumption -> EPSG:5179; strict contains; non-within touches checked; no repair/fallback,367.0,subway/data/raw/2024/boundary/bnd_dong_11_2024_2Q.shp,boundary,2024 Q2,2024-06-30,population_direct_65_plus,subway/data/raw/2024/population_direct_65_plus/201_DT_201004_O020003_2024Q2_20261006.csv,421.0,e48f83ca75f7f92a5a83e39834440c0f3149ace1113c3533102797e4d0338d76,DT_201004_O020003,https://stat.eseoul.go.kr/statHtml/statHtml.do?orgId=201&tblId=DT_201004_O020003&conn_path=I2,001024016,001024,002 계 (14210.MT0047 명),006 65세이상고령자 (14999671.ga028 명),명,official source code parents + exact complete Q2 boundary parent/name-set bijection; SGIS codes not equated to statistics codes,seoul_2024,IN_CURRENT_STUDY_AREA,STRICTLY_INSIDE_CONFIGURED_BOUNDARY_UNION,current configured validated boundary union; no replacement coordinates or correction,1,0.36210892236384706,27616,4071,0.14741454229432213,-0.8647943331554436,-0.2819460949001706,868.801832290023
"station:[""8"",""암사""]",8,암사,2811,subway/data/raw/2024/station/서울교통공사_1_8호선 역사 좌표(위경도) 정보_20260917.csv,259,암사,2811,37.550127,127.127521,exact_matched,False,ELIGIBLE,,EPSG:4326,ANALYTICAL_ASSUMPTION,analysis assumption supported by official national station-data standard; not source-specific CRS explicitly verified. Batch2R-C official 2024 공공데이터 제공 표준 section42 도시철도역사정보 items10 역위도/11 역경도 explicitly specifies WGS84; longitude=x latitude=y geographic degrees. https://www.data.go.kr/bbs/rcr/selectRecsroom.do?originId=PDS_0000000001227&atchFileId=FILE_000000003049184 standard SHA256=d3d464f6a9dd9f6dfd3ff61fec966c95ccce8aec085c234ba3af9e665d3c67cd,False,SNAPSHOT_STABILITY_ASSUMPTION,"Official same-source snapshots labelled2023-10-31,2024-10-31,2025-08-14 corroborate identical coordinates for existing276source rows; practical pre-existing-station spatial stability assumption approved by human; not continuous-observation proof, not verified unchanged throughout2024. Historical2023/2024 file SHA256=9da58a78b07852906b9b9c75c539770d8a50a16c0cb5b8c21b23383327f85ce6; residual temporal uncertainty retained; see Batch2R-C temporal audit.",,adopted exact_matched; coordinate source=subway/data/raw/2024/station/서울교통공사_1_8호선 역사 좌표(위경도) 정보_20260917.csv row=259.0; ,,11250580,강동구,암사2동,20240630,967098.5148780438,1950152.7466521515,MAPPED,11250580,UNIQUE_STRICT_WITHIN,longitude=x latitude=y; EPSG:4326 analytical assumption -> EPSG:5179; strict contains; non-within touches checked; no repair/fallback,376.0,subway/data/raw/2024/boundary/bnd_dong_11_2024_2Q.shp,boundary,2024 Q2,2024-06-30,population_direct_65_plus,subway/data/raw/2024/population_direct_65_plus/201_DT_201004_O020003_2024Q2_20261006.csv,442.0,e48f83ca75f7f92a5a83e39834440c0f3149ace1113c3533102797e4d0338d76,DT_201004_O020003,https://stat.eseoul.go.kr/statHtml/statHtml.do?orgId=201&tblId=DT_201004_O020003&conn_path=I2,001025008,001025,002 계 (14210.MT0047 명),006 65세이상고령자 (14999671.ga028 명),명,official source code parents + exact complete Q2 boundary parent/name-set bijection; SGIS codes not equated to statistics codes,seoul_2024,IN_CURRENT_STUDY_AREA,STRICTLY_INSIDE_CONFIGURED_BOUNDARY_UNION,current configured validated boundary union; no replacement coordinates or correction,0,0.0,14814,2716,0.18334008370460375,-0.016137332369879052,-0.4903575546703421,67.48059248298314
"station:[""8"",""잠실(송파구청)""]",8,잠실(송파구청),2815,subway/data/raw/2024/station/서울교통공사_1_8호선 역사 좌표(위경도) 정보_20260917.csv,263,잠실,2815,37.514649,127.104267,alias_matched,False,ELIGIBLE,,EPSG:4326,ANALYTICAL_ASSUMPTION,analysis assumption supported by official national station-data standard; not source-specific CRS explicitly verified. Batch2R-C official 2024 공공데이터 제공 표준 section42 도시철도역사정보 items10 역위도/11 역경도 explicitly specifies WGS84; longitude=x latitude=y geographic degrees. https://www.data.go.kr/bbs/rcr/selectRecsroom.do?originId=PDS_0000000001227&atchFileId=FILE_000000003049184 standard SHA256=d3d464f6a9dd9f6dfd3ff61fec966c95ccce8aec085c234ba3af9e665d3c67cd,False,SNAPSHOT_STABILITY_ASSUMPTION,"Official same-source snapshots labelled2023-10-31,2024-10-31,2025-08-14 corroborate identical coordinates for existing276source rows; practical pre-existing-station spatial stability assumption approved by human; not continuous-observation proof, not verified unchanged throughout2024. Historical2023/2024 file SHA256=9da58a78b07852906b9b9c75c539770d8a50a16c0cb5b8c21b23383327f85ce6; residual temporal uncertainty retained; see Batch2R-C temporal audit.",,adopted alias_matched; coordinate source=subway/data/raw/2024/station/서울교통공사_1_8호선 역사 좌표(위경도) 정보_20260917.csv row=263.0; P-S2-2RA scoped source alias; provider family=서울교통공사; station_file=subway/data/raw/2024/station/서울교통공사_1_8호선 역사 좌표(위경도) 정보_20260917.csv; total_file=subway/data/raw/2024/total_ridership/서울교통공사_역별 일별 시간대별 승하차인원 정보_20260831.csv; station_row=263; normalized_line=8; external_code=2815; station_raw=잠실; canonical_2024_total=잠실(송파구청); relation=B adjunct/display source difference; source code+line unique on both sides; explicit reviewed display variant; not an official rename claim; OA-22477 row=63 previous=잠실 changed=잠실(송파구청) revision=1998-06-01 note=병기역명; https://data.seoul.go.kr/dataList/OA-22477/F/1/datasetView.do; candidate identities station=1 total=1; no code-line contradiction or competing candidate; raw names preserved,,11240770,송파구,잠실6동,20240630,965027.8927805222,1946225.0699916694,MAPPED,11240770,UNIQUE_STRICT_WITHIN,longitude=x latitude=y; EPSG:4326 analytical assumption -> EPSG:5179; strict contains; non-within touches checked; no repair/fallback,4.0,subway/data/raw/2024/boundary/bnd_dong_11_2024_2Q.shp,boundary,2024 Q2,2024-06-30,population_direct_65_plus,subway/data/raw/2024/population_direct_65_plus/201_DT_201004_O020003_2024Q2_20261006.csv,431.0,e48f83ca75f7f92a5a83e39834440c0f3149ace1113c3533102797e4d0338d76,DT_201004_O020003,https://stat.eseoul.go.kr/statHtml/statHtml.do?orgId=201&tblId=DT_201004_O020003&conn_path=I2,001024027,001024,002 계 (14210.MT0047 명),006 65세이상고령자 (14999671.ga028 명),명,official source code parents + exact complete Q2 boundary parent/name-set bijection; SGIS codes not equated to statistics codes,seoul_2024,IN_CURRENT_STUDY_AREA,STRICTLY_INSIDE_CONFIGURED_BOUNDARY_UNION,current configured validated boundary union; no replacement coordinates or correction,3,1.8053800324968405,16617,3236,0.19474032617199255,0.2531667671873658,0.5487272752652158,160.53282883592772
"station:[""8"",""장지""]",8,장지,2820,subway/data/raw/2024/station/서울교통공사_1_8호선 역사 좌표(위경도) 정보_20260917.csv,268,장지,2820,37.478609,127.126229,exact_matched,False,ELIGIBLE,,EPSG:4326,ANALYTICAL_ASSUMPTION,analysis assumption supported by official national station-data standard; not source-specific CRS explicitly verified. Batch2R-C official 2024 공공데이터 제공 표준 section42 도시철도역사정보 items10 역위도/11 역경도 explicitly specifies WGS84; longitude=x latitude=y geographic degrees. https://www.data.go.kr/bbs/rcr/selectRecsroom.do?originId=PDS_0000000001227&atchFileId=FILE_000000003049184 standard SHA256=d3d464f6a9dd9f6dfd3ff61fec966c95ccce8aec085c234ba3af9e665d3c67cd,False,SNAPSHOT_STABILITY_ASSUMPTION,"Official same-source snapshots labelled2023-10-31,2024-10-31,2025-08-14 corroborate identical coordinates for existing276source rows; practical pre-existing-station spatial stability assumption approved by human; not continuous-observation proof, not verified unchanged throughout2024. Historical2023/2024 file SHA256=9da58a78b07852906b9b9c75c539770d8a50a16c0cb5b8c21b23383327f85ce6; residual temporal uncertainty retained; see Batch2R-C temporal audit.",,adopted exact_matched; coordinate source=subway/data/raw/2024/station/서울교통공사_1_8호선 역사 좌표(위경도) 정보_20260917.csv row=268.0; ,,11240810,송파구,장지동,20240630,966952.8699834351,1942218.7403291839,MAPPED,11240810,UNIQUE_STRICT_WITHIN,longitude=x latitude=y; EPSG:4326 analytical assumption -> EPSG:5179; strict contains; non-within touches checked; no repair/fallback,292.0,subway/data/raw/2024/boundary/bnd_dong_11_2024_2Q.shp,boundary,2024 Q2,2024-06-30,population_direct_65_plus,subway/data/raw/2024/population_direct_65_plus/201_DT_201004_O020003_2024Q2_20261006.csv,425.0,e48f83ca75f7f92a5a83e39834440c0f3149ace1113c3533102797e4d0338d76,DT_201004_O020003,https://stat.eseoul.go.kr/statHtml/statHtml.do?orgId=201&tblId=DT_201004_O020003&conn_path=I2,001024020,001024,002 계 (14210.MT0047 명),006 65세이상고령자 (14999671.ga028 명),명,official source code parents + exact complete Q2 boundary parent/name-set bijection; SGIS codes not equated to statistics codes,seoul_2024,IN_CURRENT_STUDY_AREA,STRICTLY_INSIDE_CONFIGURED_BOUNDARY_UNION,current configured validated boundary union; no replacement coordinates or correction,0,0.0,28457,5043,0.17721474505394103,-0.16083415039972812,-0.4903575546703421,767.2334104969276
"station:[""8"",""천호(풍납토성)""]",8,천호(풍납토성),2812,subway/data/raw/2024/station/서울교통공사_1_8호선 역사 좌표(위경도) 정보_20260917.csv,260,천호,2812,37.53792,127.123179,alias_matched,False,ELIGIBLE,,EPSG:4326,ANALYTICAL_ASSUMPTION,analysis assumption supported by official national station-data standard; not source-specific CRS explicitly verified. Batch2R-C official 2024 공공데이터 제공 표준 section42 도시철도역사정보 items10 역위도/11 역경도 explicitly specifies WGS84; longitude=x latitude=y geographic degrees. https://www.data.go.kr/bbs/rcr/selectRecsroom.do?originId=PDS_0000000001227&atchFileId=FILE_000000003049184 standard SHA256=d3d464f6a9dd9f6dfd3ff61fec966c95ccce8aec085c234ba3af9e665d3c67cd,False,SNAPSHOT_STABILITY_ASSUMPTION,"Official same-source snapshots labelled2023-10-31,2024-10-31,2025-08-14 corroborate identical coordinates for existing276source rows; practical pre-existing-station spatial stability assumption approved by human; not continuous-observation proof, not verified unchanged throughout2024. Historical2023/2024 file SHA256=9da58a78b07852906b9b9c75c539770d8a50a16c0cb5b8c21b23383327f85ce6; residual temporal uncertainty retained; see Batch2R-C temporal audit.",,adopted alias_matched; coordinate source=subway/data/raw/2024/station/서울교통공사_1_8호선 역사 좌표(위경도) 정보_20260917.csv row=260.0; P-S2-2RA scoped source alias; provider family=서울교통공사; station_file=subway/data/raw/2024/station/서울교통공사_1_8호선 역사 좌표(위경도) 정보_20260917.csv; total_file=subway/data/raw/2024/total_ridership/서울교통공사_역별 일별 시간대별 승하차인원 정보_20260831.csv; station_row=260; normalized_line=8; external_code=2812; station_raw=천호; canonical_2024_total=천호(풍납토성); relation=B adjunct/display source difference; source code+line unique on both sides; explicit reviewed display variant; not an official rename claim; candidate identities station=1 total=1; no code-line contradiction or competing candidate; raw names preserved,,11250660,강동구,성내2동,20240630,966709.5520798181,1948799.980555035,MAPPED,11250660,UNIQUE_STRICT_WITHIN,longitude=x latitude=y; EPSG:4326 analytical assumption -> EPSG:5179; strict contains; non-within touches checked; no repair/fallback,378.0,subway/data/raw/2024/boundary/bnd_dong_11_2024_2Q.shp,boundary,2024 Q2,2024-06-30,population_direct_65_plus,subway/data/raw/2024/population_direct_65_plus/201_DT_201004_O020003_2024Q2_20261006.csv,448.0,e48f83ca75f7f92a5a83e39834440c0f3149ace1113c3533102797e4d0338d76,DT_201004_O020003,https://stat.eseoul.go.kr/statHtml/statHtml.do?orgId=201&tblId=DT_201004_O020003&conn_path=I2,001025016,001025,002 계 (14210.MT0047 명),006 65세이상고령자 (14999671.ga028 명),명,official source code parents + exact complete Q2 boundary parent/name-set bijection; SGIS codes not equated to statistics codes,seoul_2024,IN_CURRENT_STUDY_AREA,STRICTLY_INSIDE_CONFIGURED_BOUNDARY_UNION,current configured validated boundary union; no replacement coordinates or correction,1,0.40748135772788396,24541,4917,0.20035858359480055,0.38588497565163443,-0.25583203113776165,173.7594605418928
